seed,scenario,aggregation_method,use_he,use_fuzzy,use_zt,round_idx,train_loss_avg,val_loss,val_accuracy,val_macro_f1,val_weighted_f1,n_accepted,n_rejected,n_malicious_total,n_malicious_rejected,time_local_train_sec,time_encrypt_sec,time_aggregate_sec,time_decrypt_sec,time_fuzzy_sec,time_total_sec,he_ciphertext_bytes
42,fedavg,fedavg,False,False,False,0,0.3364206142365328,0.9400480620409486,0.556378802747792,0.3354522195980062,0.4615559832666089,10,0,0,0,11.456223011016846,0.0,0.0001595020294189453,0.0,0.0,11.891558647155762,0
42,fedavg,fedavg,False,False,False,1,0.28685146166953335,0.6936759731603441,0.6888125613346419,0.49453548134269754,0.663623797916597,10,0,0,0,12.096498012542725,0.0,0.00012922286987304688,0.0,0.0,12.442611455917358,0
42,fedavg,fedavg,False,False,False,2,0.27322920210945384,0.6222981221776481,0.720829244357213,0.5511473024859095,0.705124944158547,10,0,0,0,12.50359582901001,0.0,0.00013327598571777344,0.0,0.0,12.78279423713684,0
42,fedavg,fedavg,False,False,False,3,0.2650157977199955,0.5959699726198325,0.7345191364082434,0.5677587197892324,0.7224929897316622,10,0,0,0,11.115010976791382,0.0,0.0001308917999267578,0.0,0.0,11.41186261177063,0
42,fedavg,fedavg,False,False,False,4,0.26135035298604875,0.5835729889125656,0.7419528949950932,0.5755621846371406,0.7303749387974205,10,0,0,0,11.666595220565796,0.0,0.0001270771026611328,0.0,0.0,11.958865880966187,0
42,fedavg,fedavg,False,False,False,5,0.2569050913387473,0.5728164852542896,0.7450441609421001,0.5798345839381933,0.7347890518159582,10,0,0,0,11.187618732452393,0.0,0.0001232624053955078,0.0,0.0,11.44981837272644,0
42,fedavg,fedavg,False,False,False,6,0.2543183160130491,0.5696694715685184,0.7438174681059863,0.5803555632639346,0.7328678220969704,10,0,0,0,11.189896821975708,0.0,0.00012683868408203125,0.0,0.0,11.505488872528076,0
42,fedavg,fedavg,False,False,False,7,0.25278271076930287,0.5619060572510963,0.7450932286555446,0.5840602968680173,0.7351315024781511,10,0,0,0,11.65080738067627,0.0,0.00011992454528808594,0.0,0.0,11.99030613899231,0
42,fedavg,fedavg,False,False,False,8,0.2501146848757937,0.5560745134437868,0.7495093228655545,0.5867523374276167,0.7393746589762865,10,0,0,0,11.477861404418945,0.0,0.000118255615234375,0.0,0.0,11.761959075927734,0
42,fedavg,fedavg,False,False,False,9,0.24931202071078012,0.5548990461145463,0.748135426889107,0.5860364646018175,0.7372114118863738,10,0,0,0,11.812052488327026,0.0,0.00012755393981933594,0.0,0.0,12.131705045700073,0
42,fedavg,fedavg,False,False,False,10,0.2459507918212558,0.5500059447882805,0.7497546614327772,0.58679601126081,0.7393137576096027,10,0,0,0,12.495495557785034,0.0,0.0001266002655029297,0.0,0.0,12.967965126037598,0
42,fedavg,fedavg,False,False,False,11,0.245550578371205,0.5445138349149365,0.7526496565260059,0.5887306077306833,0.7427587847742662,10,0,0,0,13.17549204826355,0.0,0.00012683868408203125,0.0,0.0,13.49395227432251,0
42,fedavg,fedavg,False,False,False,12,0.2452065310790487,0.5439461480647004,0.7522816486751718,0.5880612317387831,0.742281890027497,10,0,0,0,13.184325218200684,0.0,0.0001289844512939453,0.0,0.0,13.476390838623047,0
42,fedavg,fedavg,False,False,False,13,0.2446103823952644,0.5375457861004681,0.7585377821393523,0.5949256089533905,0.7498436190071164,10,0,0,0,12.760707378387451,0.0,0.00012159347534179688,0.0,0.0,13.045725345611572,0
42,fedavg,fedavg,False,False,False,14,0.2439566479274659,0.5369611655881992,0.7574828263002944,0.594153636042553,0.7485637182424949,10,0,0,0,12.758850812911987,0.0,0.0001285076141357422,0.0,0.0,13.075000762939453,0
42,fedavg,fedavg,False,False,False,15,0.2422956027478234,0.5378251731805175,0.7569676153091266,0.5922888674757282,0.7477264258159784,10,0,0,0,10.995153665542603,0.0,0.00011682510375976562,0.0,0.0,11.30671739578247,0
42,fedavg,fedavg,False,False,False,16,0.2411197057970408,0.536996780410482,0.7617271835132483,0.5956778078100583,0.7523194177033813,10,0,0,0,11.180639028549194,0.0,0.00012803077697753906,0.0,0.0,11.438611268997192,0
42,fedavg,fedavg,False,False,False,17,0.24072248209846356,0.5308184585346675,0.7643032384690873,0.6003499569273745,0.7560204138585568,10,0,0,0,11.22261667251587,0.0,0.0001266002655029297,0.0,0.0,11.506040573120117,0
42,fedavg,fedavg,False,False,False,18,0.2417713665894715,0.5283956286249731,0.7650147203140334,0.6007029035897066,0.756614640961527,10,0,0,0,10.510464191436768,0.0,0.0001266002655029297,0.0,0.0,10.792159080505371,0
42,fedavg,fedavg,False,False,False,19,0.24137621441922077,0.52994131999816,0.7645976447497547,0.603507179103577,0.7560306199852181,10,0,0,0,11.265231370925903,0.0,0.0001361370086669922,0.0,0.0,11.776510000228882,0
42,fedavg,fedavg,False,False,False,20,0.24034103036380924,0.529910470739782,0.7640333660451423,0.5998651321303926,0.7549284242536948,10,0,0,0,10.953233480453491,0.0,0.00012946128845214844,0.0,0.0,11.25925874710083,0
42,fedavg,fedavg,False,False,False,21,0.24013366817362627,0.5296523845698813,0.7637634936211972,0.5983279479715449,0.7548474247644198,10,0,0,0,10.965942621231079,0.0,0.00012755393981933594,0.0,0.0,11.246513366699219,0
42,fedavg,fedavg,False,False,False,22,0.23980473221147927,0.5299452335256589,0.7626349362119725,0.5984332062842941,0.7539924373999257,10,0,0,0,10.781311750411987,0.0,0.00013256072998046875,0.0,0.0,11.066395044326782,0
42,fedavg,fedavg,False,False,False,23,0.23908729913083046,0.5239147467047005,0.767198233562316,0.6027154738727745,0.7588802840559015,10,0,0,0,10.7236328125,0.0,0.00012874603271484375,0.0,0.0,11.028183221817017,0
42,fedavg,fedavg,False,False,False,24,0.23800450891866656,0.5245890481666213,0.7649656526005888,0.6000447532880844,0.7561705605765722,10,0,0,0,10.893008470535278,0.0,0.00013113021850585938,0.0,0.0,11.17194938659668,0
42,fedavg,fedavg,False,False,False,25,0.2386177458043738,0.5236116216507931,0.7657262021589794,0.6014406228255335,0.7572418221613328,10,0,0,0,10.209198474884033,0.0,0.00013184547424316406,0.0,0.0,10.5121328830719,0
42,fedavg,fedavg,False,False,False,26,0.23854575067457878,0.5290193941455126,0.7630765456329736,0.5974037510015193,0.7536493662794688,10,0,0,0,10.423803091049194,0.0,0.00012683868408203125,0.0,0.0,10.6839759349823,0
42,fedavg,fedavg,False,False,False,27,0.23981428393538948,0.5255842828423049,0.7652845927379784,0.6002634698061853,0.7562394292660218,10,0,0,0,10.456946611404419,0.0,0.0001232624053955078,0.0,0.0,10.71670937538147,0
42,fedavg,fedavg,False,False,False,28,0.23775956503408757,0.5288844616771096,0.7627085377821393,0.5973616249868718,0.7526408163667332,10,0,0,0,10.434354782104492,0.0,0.00012731552124023438,0.0,0.0,10.716323852539062,0
42,fedavg,fedavg,False,False,False,29,0.23788144272462616,0.5180615171483033,0.7675907752698724,0.6030100248551247,0.7587464478513315,10,0,0,0,11.425527334213257,0.0,0.00012803077697753906,0.0,0.0,11.8955659866333,0
42,fedavg_attack,fedavg,False,False,False,0,0.3364206142365328,1.707942276075848,0.35924926398429835,0.21525031743781886,0.2789959610365604,10,0,3,0,12.023052215576172,0.0,0.0001304149627685547,0.0,0.0,12.381909370422363,0
42,fedavg_attack,fedavg,False,False,False,1,0.3075911561765522,1.2856579631771727,0.5763248282630029,0.3921103512345635,0.5219334890654127,10,0,3,0,12.650210857391357,0.0,0.00013017654418945312,0.0,0.0,12.960268020629883,0
42,fedavg_attack,fedavg,False,False,False,2,0.29533591413898447,1.071296849124448,0.6124386653581944,0.42969583685902224,0.5533566052996763,10,0,3,0,12.636006355285645,0.0,0.00013327598571777344,0.0,0.0,12.957377433776855,0
42,fedavg_attack,fedavg,False,False,False,3,0.2860348660520845,1.0005008371819224,0.6134200196270854,0.4388079946256852,0.5540917740738354,10,0,3,0,13.21416687965393,0.0,0.00013065338134765625,0.0,0.0,13.50357961654663,0
42,fedavg_attack,fedavg,False,False,False,4,0.2813255689835419,0.9717440065153682,0.6429342492639843,0.4602954295154525,0.5790032632578745,10,0,3,0,12.201311111450195,0.0,0.0001289844512939453,0.0,0.0,12.495715141296387,0
42,fedavg_attack,fedavg,False,False,False,5,0.27657068497208526,0.9643773731235433,0.644234543670265,0.4626938344667468,0.5800159238337724,10,0,3,0,11.348110675811768,0.0,0.00012993812561035156,0.0,0.0,11.611387014389038,0
42,fedavg_attack,fedavg,False,False,False,6,0.2742671461767237,0.9449646085939417,0.6448969578017665,0.4648565922957266,0.5816264921213623,10,0,3,0,11.247981071472168,0.0,0.00012993812561035156,0.0,0.0,11.508412599563599,0
42,fedavg_attack,fedavg,False,False,False,7,0.2726433792868898,0.9613889445266499,0.6472276741903827,0.46699706479943437,0.584049810110018,10,0,3,0,11.219148397445679,0.0,0.00013399124145507812,0.0,0.0,11.652448415756226,0
42,fedavg_attack,fedavg,False,False,False,8,0.2706811155186867,0.957889783745074,0.6498773307163886,0.4697874198668016,0.5869353652598207,10,0,3,0,11.627628087997437,0.0,0.00012493133544921875,0.0,0.0,11.909223079681396,0
42,fedavg_attack,fedavg,False,False,False,9,0.2701583558167965,0.9488960752777309,0.6535328753680079,0.47473099450832157,0.5910968629310668,10,0,3,0,10.948417663574219,0.0,0.0001323223114013672,0.0,0.0,11.26561164855957,0
42,fedavg_attack,fedavg,False,False,False,10,0.2676669776970074,0.9476241661124187,0.656746810598626,0.4814889946592778,0.5967800030534145,10,0,3,0,12.634684085845947,0.0,0.00012755393981933594,0.0,0.0,12.961406707763672,0
42,fedavg_attack,fedavg,False,False,False,11,0.26720133245838845,0.9450569624521782,0.6641069676153091,0.4949480682415318,0.6095480086519945,10,0,3,0,13.002658605575562,0.0,0.00012373924255371094,0.0,0.0,13.32058572769165,0
42,fedavg_attack,fedavg,False,False,False,12,0.26718073308922985,0.940915900802238,0.6719087340529931,0.5028413843292955,0.6248331256555896,10,0,3,0,13.352795839309692,0.0,0.00012803077697753906,0.0,0.0,13.629412174224854,0
42,fedavg_attack,fedavg,False,False,False,13,0.2661712811274189,0.9253058795723059,0.6772080471050049,0.5079842014497353,0.6345346705096314,10,0,3,0,12.660165071487427,0.0,0.0001266002655029297,0.0,0.0,13.00457215309143,0
42,fedavg_attack,fedavg,False,False,False,14,0.26585950210522896,0.9273152883902148,0.6785083415112856,0.5103307178094734,0.6372296643588828,10,0,3,0,13.221802473068237,0.0,0.00013947486877441406,0.0,0.0,13.54627251625061,0
42,fedavg_attack,fedavg,False,False,False,15,0.2651090895701468,0.9189540469962317,0.6822374877330717,0.5161933224732834,0.6442925332374714,10,0,3,0,11.724977016448975,0.0,0.00013065338134765625,0.0,0.0,11.981438398361206,0
42,fedavg_attack,fedavg,False,False,False,16,0.2637908938276242,0.9246146579252024,0.6815260058881256,0.5133576114373861,0.6418684284482576,10,0,3,0,11.610386610031128,0.0,0.00013184547424316406,0.0,0.0,11.904635429382324,0
42,fedavg_attack,fedavg,False,False,False,17,0.26390057990993093,0.9298682754711267,0.6813297350343474,0.5128245446811835,0.6413246270995896,10,0,3,0,11.598600149154663,0.0,0.0001227855682373047,0.0,0.0,12.03944182395935,0
42,fedavg_attack,fedavg,False,False,False,18,0.26376704510169313,0.9355680980439041,0.6808881256133464,0.5146274321986322,0.6400814017313684,10,0,3,0,11.274186849594116,0.0,0.00012922286987304688,0.0,0.0,11.601093769073486,0
42,fedavg_attack,fedavg,False,False,False,19,0.2628674620591213,0.9219870270643898,0.6834396467124632,0.5189424051510378,0.6443083658263958,10,0,3,0,11.718626737594604,0.0,0.00013184547424316406,0.0,0.0,12.045017004013062,0
42,fedavg_attack,fedavg,False,False,False,20,0.2638420103582243,0.91219479726505,0.6872178606476939,0.5248527305486703,0.6506279802062291,10,0,3,0,11.641639947891235,0.0,0.000133514404296875,0.0,0.0,11.898411273956299,0
42,fedavg_attack,fedavg,False,False,False,21,0.26437605727136093,0.9027364354606232,0.690603532875368,0.5257943243645447,0.6564571844989955,10,0,3,0,10.788843393325806,0.0,0.0001239776611328125,0.0,0.0,11.04397988319397,0
42,fedavg_attack,fedavg,False,False,False,22,0.26233907648270277,0.9065206301224009,0.687855740922473,0.5230635172268674,0.6498178771307377,10,0,3,0,11.767868518829346,0.0,0.00013446807861328125,0.0,0.0,12.027386665344238,0
42,fedavg_attack,fedavg,False,False,False,23,0.2635590407810815,0.9028312091621497,0.6875122669283611,0.5234022085443044,0.6499498631815807,10,0,3,0,10.549239873886108,0.0,0.0003247261047363281,0.0,0.0,10.825880765914917,0
42,fedavg_attack,fedavg,False,False,False,24,0.2636761277506842,0.9211342838725352,0.6835377821393523,0.5160539921943559,0.6416526930667887,10,0,3,0,10.996753692626953,0.0,0.00012803077697753906,0.0,0.0,11.292952060699463,0
42,fedavg_attack,fedavg,False,False,False,25,0.26322074248434435,0.9120839097431995,0.6871933267909716,0.5212359226039696,0.64866056970676,10,0,3,0,10.812294006347656,0.0,0.00012445449829101562,0.0,0.0,11.10031509399414,0
42,fedavg_attack,fedavg,False,False,False,26,0.2637179224210817,0.9138045021783381,0.6869725220804711,0.5202803015600193,0.6475167465873509,10,0,3,0,11.535619974136353,0.0,0.00013303756713867188,0.0,0.0,11.973813772201538,0
42,fedavg_attack,fedavg,False,False,False,27,0.2635556387949345,0.9193062060714587,0.688567222767419,0.5245512650160862,0.6506474408842693,10,0,3,0,10.948402404785156,0.0,0.0001285076141357422,0.0,0.0,11.280945539474487,0
42,fedavg_attack,fedavg,False,False,False,28,0.26344594189286563,0.9136280632580578,0.6875368007850834,0.5237848867891143,0.6480737750353677,10,0,3,0,11.225114345550537,0.0,0.0001220703125,0.0,0.0,11.479187250137329,0
42,fedavg_attack,fedavg,False,False,False,29,0.2621353348404595,0.912556080167731,0.6878066732090284,0.5231149726577667,0.6490641570328732,10,0,3,0,10.863723039627075,0.0,0.0001289844512939453,0.0,0.0,11.113372802734375,0
42,fedprox,fedavg,False,False,False,0,0.34710919623425507,1.7899521907248606,0.33221295387634936,0.18063650703096756,0.23662127179487735,10,0,3,0,14.644302368164062,0.0,0.00011396408081054688,0.0,0.0,14.941682577133179,0
42,fedprox,fedavg,False,False,False,1,0.32206586937456383,1.4075771013583707,0.5641069676153091,0.3848587512247793,0.5115687210067051,10,0,3,0,14.51272439956665,0.0,0.00013518333435058594,0.0,0.0,14.771373510360718,0
42,fedprox,fedavg,False,False,False,2,0.3103815010871228,1.1761224568884552,0.6097399411187439,0.4129959163457415,0.5515984281828087,10,0,3,0,15.261007070541382,0.0,0.00012946128845214844,0.0,0.0,15.516513586044312,0
42,fedprox,fedavg,False,False,False,3,0.3021830066477205,1.0706269403669153,0.6129048086359176,0.41621988400777754,0.5534475820023277,10,0,3,0,14.746352910995483,0.0,0.00012826919555664062,0.0,0.0,15.043380498886108,0
42,fedprox,fedavg,False,False,False,4,0.29758367612811626,1.0166139477251557,0.6285083415112855,0.43312051972435195,0.5670015599862264,10,0,3,0,14.887469291687012,0.0,0.00012683868408203125,0.0,0.0,15.144042730331421,0
42,fedprox,fedavg,False,False,False,5,0.2932299168159667,1.0026551356142472,0.6439156035328754,0.44939452288011195,0.5796170958560153,10,0,3,0,15.32097315788269,0.0,0.0001277923583984375,0.0,0.0,15.751279830932617,0
42,fedprox,fedavg,False,False,False,6,0.291178634058539,0.9814510865815137,0.6448478900883219,0.4570096223772793,0.5805997858583143,10,0,3,0,15.112365007400513,0.0,0.0001304149627685547,0.0,0.0,15.408807277679443,0
42,fedprox,fedavg,False,False,False,7,0.28926306909870997,0.9919617253267028,0.645387634936212,0.4574149567191751,0.5811867478464474,10,0,3,0,14.990752935409546,0.0,0.0001361370086669922,0.0,0.0,15.284168004989624,0
42,fedprox,fedavg,False,False,False,8,0.28729922293499144,0.9853072820631632,0.645559371933268,0.4573461030934242,0.5811513567392801,10,0,3,0,14.826944828033447,0.0,0.00012731552124023438,0.0,0.0,15.123741626739502,0
42,fedprox,fedavg,False,False,False,9,0.2869387332882865,0.9741310321781657,0.6468596663395486,0.46548656546072853,0.5827144702211341,10,0,3,0,14.640753746032715,0.0,0.0001456737518310547,0.0,0.0,14.896809577941895,0
42,fedprox,fedavg,False,False,False,10,0.2839745032090699,0.9725580367068664,0.6490431795878312,0.46910058815854994,0.5849168610920898,10,0,3,0,15.03487253189087,0.0,0.00012540817260742188,0.0,0.0,15.328128099441528,0
42,fedprox,fedavg,False,False,False,11,0.28433893987471465,0.9745335527444378,0.6482826300294406,0.4698908747253287,0.5841721726150021,10,0,3,0,15.060797929763794,0.0,0.00013017654418945312,0.0,0.0,15.337143182754517,0
42,fedprox,fedavg,False,False,False,12,0.283359776154375,0.9696334883790021,0.6500245338567223,0.4701656590473235,0.5860173126133777,10,0,3,0,12.984873533248901,0.0,0.0001316070556640625,0.0,0.0,13.276695251464844,0
42,fedprox,fedavg,False,False,False,13,0.2834268145497213,0.9521997947805179,0.651594700686948,0.4719655091995502,0.5888825698461155,10,0,3,0,14.433184623718262,0.0,0.00012230873107910156,0.0,0.0,14.7561674118042,0
42,fedprox,fedavg,False,False,False,14,0.2828205299531142,0.9517235738138455,0.6518891069676153,0.47200831019580725,0.5886674101998528,10,0,3,0,14.775029420852661,0.0,0.00012183189392089844,0.0,0.0,15.23867392539978,0
42,fedprox,fedavg,False,False,False,15,0.281749936106984,0.9422529840141798,0.652747791952895,0.4730408779554964,0.5902470799798026,10,0,3,0,14.638976812362671,0.0,0.00012183189392089844,0.0,0.0,14.89909839630127,0
42,fedprox,fedavg,False,False,False,16,0.2804384501495615,0.9493636980140993,0.6536555446516192,0.4744112407081172,0.5920927667773607,10,0,3,0,15.141785383224487,0.0,0.00012946128845214844,0.0,0.0,15.438554525375366,0
42,fedprox,fedavg,False,False,False,17,0.2809946311327021,0.9526973286367609,0.6531648675171737,0.4739261531539951,0.5913650089014235,10,0,3,0,14.2889404296875,0.0,0.00012564659118652344,0.0,0.0,14.547934293746948,0
42,fedprox,fedavg,False,False,False,18,0.2796847855860753,0.9516059224107197,0.6539990186457311,0.4762639823105602,0.5922821830505303,10,0,3,0,13.8867666721344,0.0,0.0001285076141357422,0.0,0.0,14.18761944770813,0
42,fedprox,fedavg,False,False,False,19,0.2786861386640359,0.9378700743011684,0.6567222767419039,0.4814278449623818,0.5969646909476867,10,0,3,0,14.471089839935303,0.0,0.00012564659118652344,0.0,0.0,14.726552724838257,0
42,fedprox,fedavg,False,False,False,20,0.27885708117587527,0.9336708136231906,0.6617271835132483,0.4890705432293227,0.6073677741523815,10,0,3,0,14.06150221824646,0.0,0.0001285076141357422,0.0,0.0,14.359009504318237,0
42,fedprox,fedavg,False,False,False,21,0.27908586354115295,0.9293899401364313,0.6739205103042198,0.5046958335407692,0.6305974163797585,10,0,3,0,14.964790344238281,0.0,0.00012969970703125,0.0,0.0,15.251550674438477,0
42,fedprox,fedavg,False,False,False,22,0.2785602031693216,0.9342259325620822,0.6717860647693817,0.5021608250814433,0.6269107568756574,10,0,3,0,13.864815473556519,0.0,0.0001361370086669922,0.0,0.0,14.158177375793457,0
42,fedprox,fedavg,False,False,False,23,0.2791144396050989,0.9297231837039607,0.6727183513248283,0.5056696855322783,0.6277037545325014,10,0,3,0,14.774678707122803,0.0,0.000133514404296875,0.0,0.0,15.071670055389404,0
42,fedprox,fedavg,False,False,False,24,0.2780505213695862,0.9451647293345383,0.6668547595682042,0.49653936881378363,0.6166894756513417,10,0,3,0,15.087976932525635,0.0,0.00013566017150878906,0.0,0.0,15.548852682113647,0
42,fedprox,fedavg,False,False,False,25,0.27721554113424823,0.9424414966946378,0.668792934249264,0.5009210785915532,0.6211441932295229,10,0,3,0,14.043290615081787,0.0,0.00012993812561035156,0.0,0.0,14.340759992599487,0
42,fedprox,fedavg,False,False,False,26,0.27834292190164783,0.9365883330250628,0.6746565260058881,0.5056094949755666,0.6311947800122379,10,0,3,0,14.280451536178589,0.0,0.00013065338134765625,0.0,0.0,14.571553707122803,0
42,fedprox,fedavg,False,False,False,27,0.2783533372312702,0.9485458344074882,0.6729882237487733,0.5028665551368263,0.6300100491663542,10,0,3,0,14.700823783874512,0.0,0.00013184547424316406,0.0,0.0,14.999640703201294,0
42,fedprox,fedavg,False,False,False,28,0.2773811033422472,0.9374513979865945,0.6767909715407262,0.5095347464535579,0.6348422133652499,10,0,3,0,14.237343788146973,0.0,0.0001246929168701172,0.0,0.0,14.534149169921875,0
42,fedprox,fedavg,False,False,False,29,0.2763829685597487,0.9532506401803238,0.6722767419038272,0.500190969811569,0.6260588699512817,10,0,3,0,14.60198187828064,0.0,0.00012993812561035156,0.0,0.0,14.858389616012573,0
42,fedmedian,fedmedian,False,False,False,0,0.3364206142365328,1.3426802525693464,0.5146467124631993,0.3264851075816277,0.4310241834518337,10,0,3,0,10.019245386123657,0.0,0.0010671615600585938,0.0,0.0,10.280031442642212,0
42,fedmedian,fedmedian,False,False,False,1,0.30093040353255607,0.9019863184815651,0.6456084396467124,0.46764832019185604,0.584775974288266,10,0,3,0,10.273624658584595,0.0,0.0010471343994140625,0.0,0.0,10.529337644577026,0
42,fedmedian,fedmedian,False,False,False,2,0.28654863985311924,0.8636206839339656,0.6482826300294406,0.47502906981916937,0.5892389682280935,10,0,3,0,9.900108337402344,0.0,0.0010576248168945312,0.0,0.0,10.340877532958984,0
42,fedmedian,fedmedian,False,False,False,3,0.2785498856021903,0.8364616371581552,0.6532139352306182,0.4809499160654236,0.5943206224569596,10,0,3,0,9.933904886245728,0.0,0.0010352134704589844,0.0,0.0,10.192161560058594,0
42,fedmedian,fedmedian,False,False,False,4,0.27515522155102806,0.8145133186018385,0.6574337585868498,0.4856038275786564,0.6016398389832763,10,0,3,0,9.80103588104248,0.0,0.0010478496551513672,0.0,0.0,10.057255744934082,0
42,fedmedian,fedmedian,False,False,False,5,0.2713526534182384,0.8114637889618729,0.6613346418056919,0.4882320752666278,0.60675017883367,10,0,3,0,9.900203466415405,0.0,0.0010373592376708984,0.0,0.0,10.160919427871704,0
42,fedmedian,fedmedian,False,False,False,6,0.2691636273521422,0.7823449461453095,0.6738223748773308,0.5050454181483497,0.628579006367766,10,0,3,0,9.7753164768219,0.0,0.001032114028930664,0.0,0.0,10.03187084197998,0
42,fedmedian,fedmedian,False,False,False,7,0.2673867012246072,0.7993283377545387,0.6748282630029441,0.5063293496637054,0.6298315647937002,10,0,3,0,9.872463703155518,0.0,0.0010335445404052734,0.0,0.0,10.13270354270935,0
42,fedmedian,fedmedian,False,False,False,8,0.265321005653519,0.7665411188277225,0.6855740922473013,0.5192661380934706,0.6476324514795505,10,0,3,0,9.583958387374878,0.0,0.0010335445404052734,0.0,0.0,9.841108798980713,0
42,fedmedian,fedmedian,False,False,False,9,0.26480674014812744,0.7576989081235816,0.7003925417075564,0.5390937692471904,0.6716915688751945,10,0,3,0,9.8865065574646,0.0,0.0010342597961425781,0.0,0.0,10.14794135093689,0
42,fedmedian,fedmedian,False,False,False,10,0.262596641462181,0.7506884783594133,0.7097890088321884,0.5509214583358069,0.6856019346870886,10,0,3,0,11.276603698730469,0.0,0.0010404586791992188,0.0,0.0,11.534370183944702,0
42,fedmedian,fedmedian,False,False,False,11,0.26167698572448533,0.7430986219112258,0.7110647693817468,0.5551431836663203,0.6873822461941559,10,0,3,0,11.982996225357056,0.0,0.0010399818420410156,0.0,0.0,12.281243562698364,0
42,fedmedian,fedmedian,False,False,False,12,0.26086079932785156,0.7331033603716879,0.709838076545633,0.5469078789863895,0.684746412332085,10,0,3,0,12.913446187973022,0.0,0.0010552406311035156,0.0,0.0,13.365045070648193,0
42,fedmedian,fedmedian,False,False,False,13,0.2605672160978184,0.7265915530937577,0.7120951913640824,0.5571715587233548,0.6881384093918304,10,0,3,0,11.702882766723633,0.0,0.0010318756103515625,0.0,0.0,11.964440107345581,0
42,fedmedian,fedmedian,False,False,False,14,0.2594348978475761,0.7271607733100389,0.7161678115799803,0.557958273349699,0.6941712079410887,10,0,3,0,11.93099045753479,0.0,0.0010428428649902344,0.0,0.0,12.224433660507202,0
42,fedmedian,fedmedian,False,False,False,15,0.2584015931363607,0.6951546441584504,0.7228900883218842,0.5635912566643633,0.7038967503074747,10,0,3,0,10.980980634689331,0.0,0.0010333061218261719,0.0,0.0,11.242037296295166,0
42,fedmedian,fedmedian,False,False,False,16,0.2563991159096856,0.7066487590276926,0.720657507360157,0.5613375103796846,0.7003151699670546,10,0,3,0,9.8325834274292,0.0,0.0010752677917480469,0.0,0.0,10.088677883148193,0
42,fedmedian,fedmedian,False,False,False,17,0.25685103001134674,0.719652583578033,0.7154563297350344,0.55312755255569,0.6933553273051875,10,0,3,0,9.8974130153656,0.0,0.0010464191436767578,0.0,0.0,10.158048152923584,0
42,fedmedian,fedmedian,False,False,False,18,0.2566100903159922,0.7156730868982497,0.7243866535819431,0.5713155970546022,0.7061413924315982,10,0,3,0,10.171547651290894,0.0,0.0010368824005126953,0.0,0.0,10.428839921951294,0
42,fedmedian,fedmedian,False,False,False,19,0.255421632831722,0.6938089043165212,0.7248282630029441,0.5714499853771968,0.7063149235444309,10,0,3,0,9.674367427825928,0.0,0.0010418891906738281,0.0,0.0,9.934687376022339,0
42,fedmedian,fedmedian,False,False,False,20,0.2558636709675331,0.71008545460949,0.7233562315996075,0.5639951371293266,0.7042857612585607,10,0,3,0,10.181059837341309,0.0,0.0010411739349365234,0.0,0.0,10.438531875610352,0
42,fedmedian,fedmedian,False,False,False,21,0.255926064774407,0.692211508259572,0.7251962708537782,0.5642861071066402,0.7074162237636729,10,0,3,0,9.944112300872803,0.0,0.0010421276092529297,0.0,0.0,10.200474500656128,0
42,fedmedian,fedmedian,False,False,False,22,0.2548467892565788,0.7057448427389368,0.7197497546614328,0.5593822845268122,0.6980422376126986,10,0,3,0,10.610965490341187,0.0,0.0010368824005126953,0.0,0.0,11.039839744567871,0
42,fedmedian,fedmedian,False,False,False,23,0.2549448975414811,0.704982746337651,0.7217615309126595,0.5621253972839864,0.7011342104779491,10,0,3,0,10.146157264709473,0.0,0.0010309219360351562,0.0,0.0,10.439841270446777,0
42,fedmedian,fedmedian,False,False,False,24,0.2542083865305157,0.7235822563433436,0.716658488714426,0.5566932785756693,0.6946875436039279,10,0,3,0,10.41958737373352,0.0,0.0010390281677246094,0.0,0.0,10.680531740188599,0
42,fedmedian,fedmedian,False,False,False,25,0.25434681649077723,0.7112846157384691,0.7220314033366045,0.5634679927266195,0.7017021121826211,10,0,3,0,10.046469926834106,0.0,0.0010383129119873047,0.0,0.0,10.30275583267212,0
42,fedmedian,fedmedian,False,False,False,26,0.25479322968704676,0.6959186587647204,0.7260794896957802,0.5668124767000787,0.7067368112717393,10,0,3,0,10.06435251235962,0.0,0.001027822494506836,0.0,0.0,10.324495792388916,0
42,fedmedian,fedmedian,False,False,False,27,0.25426557943614503,0.7045896011666999,0.7223503434739941,0.5675585241601725,0.7018893796818216,10,0,3,0,9.76413345336914,0.0,0.001035928726196289,0.0,0.0,10.021737813949585,0
42,fedmedian,fedmedian,False,False,False,28,0.2530874104163179,0.6919272665186649,0.7253189401373896,0.5699860627521525,0.7057744851100655,10,0,3,0,9.967680931091309,0.0,0.0010340213775634766,0.0,0.0,10.228240251541138,0
42,fedmedian,fedmedian,False,False,False,29,0.2529393739188802,0.7140276308967508,0.7232826300294406,0.5641342940280849,0.7026856066494926,10,0,3,0,9.785480260848999,0.0,0.0010426044464111328,0.0,0.0,10.04335641860962,0
42,trimmed_mean,trimmed_mean,False,False,False,0,0.3364206142365328,1.5783876668014751,0.441928361138371,0.2789246905528925,0.36231852909884676,10,0,3,0,10.925771713256836,0.0,0.0005688667297363281,0.0,0.0,11.359504461288452,0
42,trimmed_mean,trimmed_mean,False,False,False,1,0.3049832449847629,1.1444145943863469,0.6100343473994112,0.44098296922428504,0.5515185788398662,10,0,3,0,10.000031232833862,0.0,0.0005638599395751953,0.0,0.0,10.257371425628662,0
42,trimmed_mean,trimmed_mean,False,False,False,2,0.2932351605291352,1.0049094801913065,0.6320166830225712,0.4581858654197385,0.5707559071861855,10,0,3,0,9.917292356491089,0.0,0.0005540847778320312,0.0,0.0,10.178268909454346,0
42,trimmed_mean,trimmed_mean,False,False,False,3,0.28435557439323156,0.9560508645668816,0.6438174681059863,0.4674593601233029,0.5804411083991624,10,0,3,0,10.22627568244934,0.0,0.0005588531494140625,0.0,0.0,10.483490705490112,0
42,trimmed_mean,trimmed_mean,False,False,False,4,0.2799061085108452,0.9196594013667083,0.6480618253189402,0.4722856758170245,0.5860225296611223,10,0,3,0,10.406766891479492,0.0,0.0005583763122558594,0.0,0.0,10.66809368133545,0
42,trimmed_mean,trimmed_mean,False,False,False,5,0.27596482507030995,0.9030994179438327,0.6513493621197253,0.47599174024576707,0.5907431069278583,10,0,3,0,11.298920154571533,0.0,0.0005550384521484375,0.0,0.0,11.59385895729065,0
42,trimmed_mean,trimmed_mean,False,False,False,6,0.27397690739977715,0.8762917815293602,0.6545387634936212,0.4797668213211491,0.5961538882502564,10,0,3,0,12.247551441192627,0.0,0.0005538463592529297,0.0,0.0,12.545710325241089,0
42,trimmed_mean,trimmed_mean,False,False,False,7,0.2727142474432656,0.8861473929542789,0.6559126594700687,0.48129455708153657,0.5976104695971494,10,0,3,0,11.998080015182495,0.0,0.0005586147308349609,0.0,0.0,12.292818307876587,0
42,trimmed_mean,trimmed_mean,False,False,False,8,0.270877189050246,0.8701765979471103,0.666928361138371,0.49719903573176305,0.619404313509571,10,0,3,0,11.541689395904541,0.0,0.0005576610565185547,0.0,0.0,11.840251922607422,0
42,trimmed_mean,trimmed_mean,False,False,False,9,0.27003036011856213,0.8529999108730987,0.6780176643768401,0.515584995274029,0.6389333841335131,10,0,3,0,12.151212692260742,0.0,0.0005638599395751953,0.0,0.0,12.447121143341064,0
42,trimmed_mean,trimmed_mean,False,False,False,10,0.2677776491559063,0.8549086311497562,0.6850098135426889,0.5247135087389336,0.6505352419849953,10,0,3,0,10.577895879745483,0.0,0.0005519390106201172,0.0,0.0,11.005728483200073,0
42,trimmed_mean,trimmed_mean,False,False,False,11,0.2670447672225573,0.8527159865868805,0.6884200196270854,0.5296028490527267,0.655448625091247,10,0,3,0,10.490730285644531,0.0,0.0005576610565185547,0.0,0.0,10.747690916061401,0
42,trimmed_mean,trimmed_mean,False,False,False,12,0.2661003711837126,0.8385349052811043,0.6927870461236506,0.5313898136781607,0.6614687570787905,10,0,3,0,10.956518173217773,0.0,0.0005550384521484375,0.0,0.0,11.254772186279297,0
42,trimmed_mean,trimmed_mean,False,False,False,13,0.26587508654455766,0.8057020013301951,0.6987487733071639,0.5383897806936087,0.6706340061661767,10,0,3,0,11.044390439987183,0.0,0.0005590915679931641,0.0,0.0,11.302215337753296,0
42,trimmed_mean,trimmed_mean,False,False,False,14,0.26507252595020714,0.8187130494721387,0.7001962708537782,0.5401290123686847,0.6727037119785552,10,0,3,0,10.14669132232666,0.0,0.0005574226379394531,0.0,0.0,10.407329082489014,0
42,trimmed_mean,trimmed_mean,False,False,False,15,0.2637032976456704,0.804035789482259,0.7054465161923454,0.5475755438433755,0.6803921541362022,10,0,3,0,9.959864854812622,0.0,0.0005581378936767578,0.0,0.0,10.217391729354858,0
42,trimmed_mean,trimmed_mean,False,False,False,16,0.26172297562247826,0.804773847675417,0.7054710500490677,0.5466619763824456,0.6801675544691717,10,0,3,0,9.749821901321411,0.0,0.0005548000335693359,0.0,0.0,10.005682706832886,0
42,trimmed_mean,trimmed_mean,False,False,False,17,0.26139778872956776,0.8155189611492962,0.7061579980372915,0.5466107162176865,0.6811242957022652,10,0,3,0,10.056970357894897,0.0,0.000560760498046875,0.0,0.0,10.317556858062744,0
42,trimmed_mean,trimmed_mean,False,False,False,18,0.2614431368242903,0.8126362749124064,0.7087340529931305,0.554180341896108,0.6851405023430035,10,0,3,0,9.747396230697632,0.0,0.0005588531494140625,0.0,0.0,10.003818988800049,0
42,trimmed_mean,trimmed_mean,False,False,False,19,0.2598404206161653,0.7947895008869564,0.715333660451423,0.560289276959388,0.6947862360369998,10,0,3,0,10.034247875213623,0.0,0.0005509853363037109,0.0,0.0,10.293837547302246,0
42,trimmed_mean,trimmed_mean,False,False,False,20,0.2599869318673374,0.7927776782154686,0.7187193326790972,0.5655467402930423,0.6998205283308641,10,0,3,0,10.033138513565063,0.0,0.0005559921264648438,0.0,0.0,10.457447528839111,0
42,trimmed_mean,trimmed_mean,False,False,False,21,0.2597044302690831,0.78411120413798,0.7192836113837096,0.5623790949130408,0.7003988353227151,10,0,3,0,10.057802438735962,0.0,0.0005536079406738281,0.0,0.0,10.318366289138794,0
42,trimmed_mean,trimmed_mean,False,False,False,22,0.258374543223144,0.7881320942138432,0.7129293424926398,0.5571155373950103,0.6908651407073094,10,0,3,0,10.03859567642212,0.0,0.0005600452423095703,0.0,0.0,10.2960844039917,0
42,trimmed_mean,trimmed_mean,False,False,False,23,0.25913861644018205,0.7848055673885627,0.7155299313052012,0.5629709495673096,0.6951102221830483,10,0,3,0,9.804802894592285,0.0,0.0005555152893066406,0.0,0.0,10.065727949142456,0
42,trimmed_mean,trimmed_mean,False,False,False,24,0.25820887873196874,0.799259210498574,0.711972522080471,0.5567306090135611,0.6898439526829648,10,0,3,0,10.101540565490723,0.0,0.0005550384521484375,0.0,0.0,10.35862112045288,0
42,trimmed_mean,trimmed_mean,False,False,False,25,0.2581833578220033,0.7964742853316288,0.7146712463199215,0.5607136391587524,0.693781456847886,10,0,3,0,9.684928178787231,0.0,0.0005624294281005859,0.0,0.0,9.940573453903198,0
42,trimmed_mean,trimmed_mean,False,False,False,26,0.2578651339570074,0.7911294414905852,0.71099116781158,0.5553315607219249,0.6875546432652917,10,0,3,0,9.98300290107727,0.0,0.0005664825439453125,0.0,0.0,10.243090152740479,0
42,trimmed_mean,trimmed_mean,False,False,False,27,0.25795194746248534,0.7919085351945842,0.7118007850834152,0.5553268326214388,0.688752273594295,10,0,3,0,9.988141775131226,0.0,0.0005626678466796875,0.0,0.0,10.245599031448364,0
42,trimmed_mean,trimmed_mean,False,False,False,28,0.25703455918658735,0.7695121772623857,0.7149165848871443,0.5618314915166407,0.6931115492166494,10,0,3,0,9.942660570144653,0.0,0.000560760498046875,0.0,0.0,10.203209161758423,0
42,trimmed_mean,trimmed_mean,False,False,False,29,0.2565250701037102,0.785744289888601,0.7106231599607459,0.5537613048084676,0.6864982111207956,10,0,3,0,10.136651277542114,0.0,0.0005548000335693359,0.0,0.0,10.430386781692505,0
42,krum,multi_krum,False,False,False,0,0.3364206142365328,1.3630763809159179,0.5167320902845928,0.3255021410478672,0.44750677530789557,10,0,3,0,11.247252941131592,0.0,0.0005960464477539062,0.0,0.0,11.507920742034912,0
42,krum,multi_krum,False,False,False,1,0.3010297229119277,0.9167541129549306,0.5852796859666339,0.4293913262827065,0.5353677078979685,10,0,3,0,11.344768762588501,0.0,0.0005235671997070312,0.0,0.0,11.635817050933838,0
42,krum,multi_krum,False,False,False,2,0.2879509176032633,0.8045891100103886,0.6092001962708538,0.4557044840782669,0.5695044175308109,10,0,3,0,11.091587543487549,0.0,0.0005156993865966797,0.0,0.0,11.377320289611816,0
42,krum,multi_krum,False,False,False,3,0.2791461566268317,0.7591278764988653,0.6274779195289499,0.48172991443595925,0.5940348887233796,10,0,3,0,10.523581266403198,0.0,0.0005166530609130859,0.0,0.0,10.777974605560303,0
42,krum,multi_krum,False,False,False,4,0.2755343939699012,0.7308484737257728,0.6473012757605495,0.5067104855749702,0.6271362388821912,10,0,3,0,10.298903703689575,0.0,0.0005145072937011719,0.0,0.0,10.557182788848877,0
42,krum,multi_krum,False,False,False,5,0.27086184387896517,0.7044783288059103,0.670215897939156,0.5291116559137614,0.6571809672300979,10,0,3,0,10.053299903869629,0.0,0.0005164146423339844,0.0,0.0,10.307498693466187,0
42,krum,multi_krum,False,False,False,6,0.267775145087269,0.6745925079735035,0.6846908734052993,0.5420430198590656,0.6749441154351049,10,0,3,0,9.966023683547974,0.0,0.0005064010620117188,0.0,0.0,10.22472620010376,0
42,krum,multi_krum,False,False,False,7,0.2658208378638214,0.6716188245479445,0.6911187438665358,0.5471920962372716,0.6824214533494273,10,0,3,0,9.976023197174072,0.0,0.0005161762237548828,0.0,0.0,10.23155164718628,0
42,krum,multi_krum,False,False,False,8,0.2644518047401179,0.8349227905273438,0.6703140333660451,0.4984259276212959,0.6257286741703344,10,0,3,0,9.920196294784546,0.0,0.0005273818969726562,0.0,0.0,10.354877948760986,0
42,krum,multi_krum,False,False,False,9,0.2654200124244036,0.9817060521119242,0.6593473994111875,0.47220885898705756,0.597560014372797,10,0,3,0,10.059653997421265,0.0,0.0005474090576171875,0.0,0.0,10.318968772888184,0
42,krum,multi_krum,False,False,False,10,0.26435964802690837,0.6695738473280138,0.7140824337585868,0.5632185859422313,0.7032597736791801,10,0,3,0,10.038461446762085,0.0,0.0005526542663574219,0.0,0.0,10.29932165145874,0
42,krum,multi_krum,False,False,False,11,0.26275397592557,0.8507845593153904,0.6798331697742885,0.5104531287580191,0.6401833728716638,10,0,3,0,10.270025253295898,0.0,0.0005424022674560547,0.0,0.0,10.527687072753906,0
42,krum,multi_krum,False,False,False,12,0.26324560072178543,0.9261823525021659,0.6748773307163887,0.500152676830784,0.6272674216233209,10,0,3,0,9.863155364990234,0.0,0.0005197525024414062,0.0,0.0,10.11923861503601,0
42,krum,multi_krum,False,False,False,13,0.2651451104804165,1.0197631551426223,0.6581207065750736,0.46932387489949223,0.6010444293526966,10,0,3,0,9.718984603881836,0.0,0.0005202293395996094,0.0,0.0,9.979214429855347,0
42,krum,multi_krum,False,False,False,14,0.2651150272731838,0.6900466859048201,0.7240922473012757,0.5703252825250209,0.7096204848372462,10,0,3,0,10.019099712371826,0.0,0.0005273818969726562,0.0,0.0,10.274764776229858,0
42,krum,multi_krum,False,False,False,15,0.26273181069832285,0.8326863057713981,0.6765701668302257,0.5081194689868198,0.6415229577072205,10,0,3,0,9.776293516159058,0.0,0.0005207061767578125,0.0,0.0,10.036328315734863,0
42,krum,multi_krum,False,False,False,16,0.2627184219349664,0.9702438144852299,0.6535328753680079,0.460864493226302,0.6004788097138873,10,0,3,0,10.202795267105103,0.0,0.0005276203155517578,0.0,0.0,10.460794925689697,0
42,krum,multi_krum,False,False,False,17,0.2640175519892127,0.9927292484062576,0.6607458292443572,0.4555730100945101,0.6032305914410265,10,0,3,0,9.787074089050293,0.0,0.0005204677581787109,0.0,0.0,10.21663522720337,0
42,krum,multi_krum,False,False,False,18,0.26517195085840317,0.6846766762925317,0.7172963689892051,0.5681316942198001,0.708130746742519,10,0,3,0,9.663869142532349,0.0,0.0005271434783935547,0.0,0.0,9.92194938659668,0
42,krum,multi_krum,False,False,False,19,0.26236182289487814,0.830960451375046,0.683243375858685,0.5149087021482505,0.6484716333125077,10,0,3,0,9.981321334838867,0.0,0.0005578994750976562,0.0,0.0,10.242480993270874,0
42,krum,multi_krum,False,False,False,20,0.2637704821070154,0.908716664861767,0.6801275760549559,0.5080298050017287,0.6382658639270744,10,0,3,0,9.804462194442749,0.0,0.0005185604095458984,0.0,0.0,10.065446376800537,0
42,krum,multi_krum,False,False,False,21,0.26524926232721124,1.0299880711908311,0.6643277723258096,0.4748468203683833,0.604994789376049,10,0,3,0,10.057852506637573,0.0,0.0005185604095458984,0.0,0.0,10.314561605453491,0
42,krum,multi_krum,False,False,False,22,0.2648516904192488,0.6837948156175249,0.7201177625122669,0.5685729859991069,0.709333356178356,10,0,3,0,9.887365818023682,0.0,0.0005197525024414062,0.0,0.0,10.147642374038696,0
42,krum,multi_krum,False,False,False,23,0.26324592349049036,0.8490360847750169,0.6799803729146222,0.513701525734025,0.6425761443121454,10,0,3,0,10.10540771484375,0.0,0.0005176067352294922,0.0,0.0,10.361630201339722,0
42,krum,multi_krum,False,False,False,24,0.26374302917624437,0.946964713893063,0.6742394504416094,0.49961016435239347,0.6288742807320654,10,0,3,0,10.704734086990356,0.0,0.00051116943359375,0.0,0.0,11.002088785171509,0
42,krum,multi_krum,False,False,False,25,0.2653833654477137,1.0476640875369925,0.655667320902846,0.47293849874287275,0.6016171873537414,10,0,3,0,12.195387840270996,0.0,0.0005228519439697266,0.0,0.0,12.488827466964722,0
42,krum,multi_krum,False,False,False,26,0.2658281161154547,1.0643363795406802,0.659666339548577,0.4788240369408989,0.6024418748978749,10,0,3,0,12.472987651824951,0.0,0.0005373954772949219,0.0,0.0,12.771572828292847,0
42,krum,multi_krum,False,False,False,27,0.26712384338153694,0.7104987731274726,0.7156280667320903,0.5648565401624294,0.7053806574421624,10,0,3,0,12.535759687423706,0.0,0.0005252361297607422,0.0,0.0,12.980530023574829,0
42,krum,multi_krum,False,False,False,28,0.26360109607597554,0.8621206626105941,0.6761285574092247,0.5155808808600099,0.6383382310399062,10,0,3,0,12.578583717346191,0.0,0.0005269050598144531,0.0,0.0,12.873818635940552,0
42,krum,multi_krum,False,False,False,29,0.26435958908237095,0.9461533191744549,0.6700686947988224,0.4973448485859836,0.62246621911647,10,0,3,0,11.013652801513672,0.0,0.0005171298980712891,0.0,0.0,11.273731708526611,0
42,bulyan,bulyan,False,False,False,0,0.3364206142365328,1.0919636345471204,0.5637634936211973,0.37949670391245877,0.5147806217950796,10,0,3,0,9.885227918624878,0.0,0.0008423328399658203,0.0,0.0,10.14432406425476,0
42,bulyan,bulyan,False,False,False,1,0.29274616201511156,0.9003833909264023,0.6414131501472031,0.4755201403837407,0.5896578574474058,10,0,3,0,9.905747413635254,0.0,0.0009572505950927734,0.0,0.0,10.166967391967773,0
42,bulyan,bulyan,False,False,False,2,0.2863888517852894,0.857880679384181,0.6504906771344455,0.48159975494608676,0.5977936663267099,10,0,3,0,9.794869661331177,0.0,0.0008327960968017578,0.0,0.0,10.056344032287598,0
42,bulyan,bulyan,False,False,False,3,0.28032380702378956,0.8385035191948679,0.6539744847890089,0.48852644159771436,0.6031187246392185,10,0,3,0,10.24164867401123,0.0,0.0008378028869628906,0.0,0.0,10.498659610748291,0
42,bulyan,bulyan,False,False,False,4,0.27824356924756866,0.8183187078563926,0.6579735034347399,0.49531401079295834,0.60951674060279,10,0,3,0,10.902101516723633,0.0,0.0008385181427001953,0.0,0.0,11.16339898109436,0
42,bulyan,bulyan,False,False,False,5,0.27414483982059684,0.812233263189823,0.6713935230618253,0.5099819349414699,0.6317340860987736,10,0,3,0,9.80720043182373,0.0,0.0008463859558105469,0.0,0.0,10.06375002861023,0
42,bulyan,bulyan,False,False,False,6,0.27253695006043416,0.7858511103966052,0.6803729146221786,0.5205168659290388,0.6460334434141133,10,0,3,0,9.883099555969238,0.0,0.0008363723754882812,0.0,0.0,10.328039407730103,0
42,bulyan,bulyan,False,False,False,7,0.27124738076306887,0.7780449774595192,0.6631501472031404,0.506423318605679,0.6274863705804388,10,0,3,0,9.615509271621704,0.0,0.0008327960968017578,0.0,0.0,9.873561382293701,0
42,bulyan,bulyan,False,False,False,8,0.2697770083707215,1.051805018910716,0.6524288518155054,0.47431524746436066,0.5927708825445106,10,0,3,0,10.132311582565308,0.0,0.0008378028869628906,0.0,0.0,10.39530611038208,0
42,bulyan,bulyan,False,False,False,9,0.27298136313565535,0.8225672773336873,0.6754661432777233,0.5147379713897021,0.638938625408876,10,0,3,0,9.956987857818604,0.0,0.0008535385131835938,0.0,0.0,10.215811252593994,0
42,bulyan,bulyan,False,False,False,10,0.27066635061388733,0.7834221777199997,0.6752944062806673,0.5201988198435534,0.6480629726067108,10,0,3,0,9.851821422576904,0.0,0.0009045600891113281,0.0,0.0,10.113770484924316,0
42,bulyan,bulyan,False,False,False,11,0.26958067921467144,0.7828230284147103,0.6970068694798822,0.5407580916449737,0.6728983230281242,10,0,3,0,9.671252250671387,0.0,0.0008459091186523438,0.0,0.0,9.934227228164673,0
42,bulyan,bulyan,False,False,False,12,0.26878500016407697,1.065862990689114,0.6563297350343474,0.4779145192408294,0.5950933564292559,10,0,3,0,9.802546501159668,0.0,0.0009043216705322266,0.0,0.0,10.06122612953186,0
42,bulyan,bulyan,False,False,False,13,0.2721376999612438,0.8240910239027808,0.6918302257114819,0.5339265265848874,0.6627707225667936,10,0,3,0,9.914016246795654,0.0,0.0008563995361328125,0.0,0.0,10.17578911781311,0
42,bulyan,bulyan,False,False,False,14,0.27098029349624453,0.7686705240206583,0.6905789990186457,0.5368725899494349,0.665701185448537,10,0,3,0,9.823009729385376,0.0,0.0008590221405029297,0.0,0.0,10.080281496047974,0
42,bulyan,bulyan,False,False,False,15,0.2695622044224813,1.0280288861006117,0.658071638861629,0.4783737872475564,0.5981493062631491,10,0,3,0,9.962921857833862,0.0,0.0008444786071777344,0.0,0.0,10.224482536315918,0
42,bulyan,bulyan,False,False,False,16,0.2706349410573705,0.8530210859993138,0.6678851815505398,0.5051991313276869,0.6300955903750421,10,0,3,0,9.896714210510254,0.0,0.0008344650268554688,0.0,0.0,10.323883056640625,0
42,bulyan,bulyan,False,False,False,17,0.2692304461234771,1.1136178717645977,0.6565996074582925,0.4738816187629694,0.5957356795169215,10,0,3,0,9.921334981918335,0.0,0.000835418701171875,0.0,0.0,10.183064460754395,0
42,bulyan,bulyan,False,False,False,18,0.27232510154608497,0.8633229368919245,0.6879538763493621,0.5312615938663023,0.6582791469471752,10,0,3,0,10.370068311691284,0.0,0.0008363723754882812,0.0,0.0,10.666513919830322,0
42,bulyan,bulyan,False,False,False,19,0.2696967091122616,1.0978185202586406,0.6537536800785083,0.47601684761773144,0.5909286846317034,10,0,3,0,11.30416202545166,0.0,0.0008416175842285156,0.0,0.0,11.60366678237915,0
42,bulyan,bulyan,False,False,False,20,0.2732451715214367,0.8791547211861354,0.6735034347399411,0.5157225874141222,0.6368170789455129,10,0,3,0,12.060467958450317,0.0,0.0008351802825927734,0.0,0.0,12.344749927520752,0
42,bulyan,bulyan,False,False,False,21,0.27193603837589075,1.1211116787027915,0.655667320902846,0.47496481528433654,0.5934125624072218,10,0,3,0,11.99119234085083,0.0,0.0008318424224853516,0.0,0.0,12.290321588516235,0
42,bulyan,bulyan,False,False,False,22,0.2736564025474035,1.3223342161768201,0.6523307163886163,0.4668329401760888,0.587263911538333,10,0,3,0,12.108341693878174,0.0,0.0008754730224609375,0.0,0.0,12.399579048156738,0
42,bulyan,bulyan,False,False,False,23,0.27585602126728304,0.9362645037859766,0.6771099116781159,0.5179312262944324,0.6373724485591524,10,0,3,0,12.132757663726807,0.0,0.0008459091186523438,0.0,0.0,12.432084798812866,0
42,bulyan,bulyan,False,False,False,24,0.27228176126572884,1.1862513698469317,0.6531648675171737,0.47272085356808025,0.5886679822675622,10,0,3,0,10.580815315246582,0.0,0.0008399486541748047,0.0,0.0,10.837960243225098,0
42,bulyan,bulyan,False,False,False,25,0.2758820502416316,1.3637069028305937,0.6498037291462218,0.4671623738948869,0.5848181876732395,10,0,3,0,10.144204378128052,0.0,0.0008285045623779297,0.0,0.0,10.406168699264526,0
42,bulyan,bulyan,False,False,False,26,0.2784994723736918,0.9776437431837087,0.6671491658488714,0.5020941858008914,0.6185636497414474,10,0,3,0,11.019176244735718,0.0,0.0008459091186523438,0.0,0.0,11.482926368713379,0
42,bulyan,bulyan,False,False,False,27,0.2750057811554997,1.1939412604604316,0.6529931305201178,0.4746376131490195,0.5885620049050545,10,0,3,0,10.711340427398682,0.0,0.0008325576782226562,0.0,0.0,10.973538637161255,0
42,bulyan,bulyan,False,False,False,28,0.277495582997217,1.3614322201894473,0.6523552502453386,0.46866510117101134,0.588111076823352,10,0,3,0,10.175920963287354,0.0,0.0008327960968017578,0.0,0.0,10.435442686080933,0
42,bulyan,bulyan,False,False,False,29,0.2796325769799844,1.084224810988676,0.6580225711481845,0.4766963157126943,0.5933679457297725,10,0,3,0,10.225137710571289,0.0,0.0008409023284912109,0.0,0.0,10.487388134002686,0
42,foolsgold,foolsgold,False,False,False,0,0.3364206142365328,1.4421389803451223,0.4853532875368008,0.3401494334508078,0.4145895431617355,10,0,3,0,10.748544692993164,0.0,0.0006949901580810547,0.0,0.0,11.01216721534729,0
42,foolsgold,foolsgold,False,False,False,1,0.29876558178284696,1.1598697681071364,0.5207801766437684,0.36102595082854094,0.45087400089801805,10,0,3,0,12.608551740646362,0.0,0.0006840229034423828,0.0,0.0,12.90754508972168,0
42,foolsgold,foolsgold,False,False,False,2,0.28987758613984266,1.196836593972338,0.4962953876349362,0.3425077875236361,0.42638711653787753,10,0,3,0,11.347163915634155,0.0,0.0006921291351318359,0.0,0.0,11.603366136550903,0
42,foolsgold,foolsgold,False,False,False,3,0.2861179998009837,1.1003602511749417,0.5352551521099117,0.37603608544221667,0.4743037465537053,10,0,3,0,10.778692245483398,0.0,0.0006875991821289062,0.0,0.0,11.064474105834961,0
42,foolsgold,foolsgold,False,False,False,4,0.28248546495092536,1.0360898767533082,0.5487487733071639,0.39534062062158953,0.49711606368079025,10,0,3,0,9.820736408233643,0.0,0.0006830692291259766,0.0,0.0,10.078306913375854,0
42,foolsgold,foolsgold,False,False,False,5,0.2783433785330705,0.9327838676834481,0.5901864573110893,0.43206889644753244,0.5453031224679592,10,0,3,0,10.042430639266968,0.0,0.0006811618804931641,0.0,0.0,10.472673416137695,0
42,foolsgold,foolsgold,False,False,False,6,0.27473768430545464,0.8221018243701699,0.6083415112855741,0.45488487014964346,0.5705715159044381,10,0,3,0,9.795992612838745,0.0,0.0006842613220214844,0.0,0.0,10.054187059402466,0
42,foolsgold,foolsgold,False,False,False,7,0.27153483373720083,0.7745655183352245,0.6361629048086359,0.48750761402737597,0.6059187487179736,10,0,3,0,9.820903301239014,0.0,0.0006804466247558594,0.0,0.0,10.082082271575928,0
42,foolsgold,foolsgold,False,False,False,8,0.26885961140381753,0.7305796884343949,0.667198233562316,0.5196700691471241,0.6452505198346209,10,0,3,0,9.64735460281372,0.0,0.0006682872772216797,0.0,0.0,9.905726671218872,0
42,foolsgold,foolsgold,False,False,False,9,0.2673344924334515,0.7068992786950288,0.6882728164867518,0.5383448524338252,0.6702729646778627,10,0,3,0,9.773253202438354,0.0,0.0007281303405761719,0.0,0.0,10.030675888061523,0
42,foolsgold,foolsgold,False,False,False,10,0.26389760339082197,0.6793350069983785,0.7032630029440629,0.5525332558686229,0.6904938012983669,10,0,3,0,10.4075448513031,0.0,0.0006840229034423828,0.0,0.0,10.668494462966919,0
42,foolsgold,foolsgold,False,False,False,11,0.26238868111893127,0.6792905768187638,0.7111874386653582,0.5598161953895444,0.6957769725658994,10,0,3,0,9.860368490219116,0.0,0.0006885528564453125,0.0,0.0,10.117370843887329,0
42,foolsgold,foolsgold,False,False,False,12,0.2609195353945813,0.6855298567332978,0.7154317958783121,0.5629614156334686,0.6985736629019005,10,0,3,0,10.214592456817627,0.0,0.0006682872772216797,0.0,0.0,10.476504802703857,0
42,foolsgold,foolsgold,False,False,False,13,0.2603824728651628,0.676522580072854,0.7223994111874387,0.5690027550165659,0.7054043960868317,10,0,3,0,9.796312093734741,0.0,0.0006809234619140625,0.0,0.0,10.054412841796875,0
42,foolsgold,foolsgold,False,False,False,14,0.25919991750539106,0.673007259050693,0.7254906771344455,0.5711367692459097,0.7090536534525579,10,0,3,0,11.945950984954834,0.0,0.0006711483001708984,0.0,0.0,12.245144844055176,0
42,foolsgold,foolsgold,False,False,False,15,0.2576639677684356,0.6620586421468658,0.7303238469087341,0.5722104372683301,0.7148422191818935,10,0,3,0,11.863188028335571,0.0,0.0006814002990722656,0.0,0.0,12.327032327651978,0
42,foolsgold,foolsgold,False,False,False,16,0.2556257203917006,0.6676302564506793,0.7282875368007851,0.568908937058389,0.7127373761246939,10,0,3,0,12.102830648422241,0.0,0.0006833076477050781,0.0,0.0,12.40241003036499,0
42,foolsgold,foolsgold,False,False,False,17,0.2552975390325881,0.685070225768983,0.7271099116781158,0.5652314834306451,0.7102047676113598,10,0,3,0,11.94269609451294,0.0,0.0006854534149169922,0.0,0.0,12.238182783126831,0
42,foolsgold,foolsgold,False,False,False,18,0.2546947932420629,0.6844727251316778,0.727306182531894,0.567827084551134,0.7110249148584741,10,0,3,0,12.309693098068237,0.0,0.0006766319274902344,0.0,0.0,12.580754041671753,0
42,foolsgold,foolsgold,False,False,False,19,0.25374637577936976,0.6734980290256609,0.7326790971540726,0.5754471127727314,0.7180761035029699,10,0,3,0,9.887495040893555,0.0,0.0006823539733886719,0.0,0.0,10.14499568939209,0
42,foolsgold,foolsgold,False,False,False,20,0.25330344516894104,0.6775218450754033,0.7330961727183514,0.5723929519416615,0.719320264072718,10,0,3,0,9.785195589065552,0.0,0.0006747245788574219,0.0,0.0,10.04682993888855,0
42,foolsgold,foolsgold,False,False,False,21,0.25345257154512546,0.6739943140271367,0.7349607458292443,0.5726980741119404,0.7212732771203274,10,0,3,0,9.911943435668945,0.0,0.0006964206695556641,0.0,0.0,10.170206785202026,0
42,foolsgold,foolsgold,False,False,False,22,0.2524378633103565,0.6829671887817982,0.73103532875368,0.5721830516930619,0.7156081071344231,10,0,3,0,9.93363070487976,0.0,0.000732421875,0.0,0.0,10.19507098197937,0
42,foolsgold,foolsgold,False,False,False,23,0.2521298145660638,0.6807564103685254,0.7321393523061825,0.5721213199123036,0.716944974076701,10,0,3,0,9.963050603866577,0.0,0.0006780624389648438,0.0,0.0,10.22134280204773,0
42,foolsgold,foolsgold,False,False,False,24,0.25136371048628253,0.6949423613094371,0.7285083415112856,0.5700956969578928,0.7124580224149581,10,0,3,0,9.691107034683228,0.0,0.0006802082061767578,0.0,0.0,9.952841520309448,0
42,foolsgold,foolsgold,False,False,False,25,0.2516736145937581,0.7032331307573103,0.7303974484789009,0.5682378096022537,0.7138113135237935,10,0,3,0,9.984171152114868,0.0,0.0006723403930664062,0.0,0.0,10.41288447380066,0
42,foolsgold,foolsgold,False,False,False,26,0.252475708980501,0.6554990264922527,0.7367517173699706,0.5759958389419277,0.7234905494382036,10,0,3,0,10.094676971435547,0.0,0.0006723403930664062,0.0,0.0,10.384114265441895,0
42,foolsgold,foolsgold,False,False,False,27,0.2514402609131985,0.682747044436948,0.7377576054955839,0.5759932470079832,0.7232910640781337,10,0,3,0,9.92466926574707,0.0,0.0006780624389648438,0.0,0.0,10.186386585235596,0
42,foolsgold,foolsgold,False,False,False,28,0.2502532774084171,0.6506240245755451,0.7401128557409224,0.5807184245725722,0.7280815718111731,10,0,3,0,9.813097715377808,0.0,0.0006728172302246094,0.0,0.0,10.069937467575073,0
42,foolsgold,foolsgold,False,False,False,29,0.2503331667099541,0.6680484011783918,0.7350588812561335,0.5757627409519834,0.7217852256705548,10,0,3,0,10.080711364746094,0.0,0.0006844997406005859,0.0,0.0,10.343963623046875,0
42,fedavg_he,fedavg,True,False,False,0,0.3364206142365328,1.7079422401375812,0.35924926398429835,0.21525031743781886,0.2789959610365604,10,0,3,0,10.247665166854858,6.88317346572876,3.169081449508667,0.19723272323608398,0.0,20.802810192108154,12062720
42,fedavg_he,fedavg,True,False,False,1,0.3075937837641304,1.2857530109079827,0.5773552502453385,0.39276919717624886,0.5229245881182985,10,0,3,0,10.06061053276062,5.596801042556763,3.1554136276245117,0.1919703483581543,0.0,19.302711963653564,12062720
42,fedavg_he,fedavg,True,False,False,2,0.29525976892549294,1.0713594206415986,0.6120461236506379,0.42935925388566926,0.552859329028055,10,0,3,0,9.982804298400879,5.598800420761108,3.1470015048980713,0.1948080062866211,0.0,19.224242448806763,12062720
42,fedavg_he,fedavg,True,False,False,3,0.2860329982485811,1.0005320944893699,0.6136653581943081,0.43903333227270436,0.5543554414178798,10,0,3,0,9.96840786933899,5.593065500259399,3.1453964710235596,0.18938851356506348,0.0,19.19345474243164,12062720
42,fedavg_he,fedavg,True,False,False,4,0.2814922844938311,0.9718196116439025,0.6427870461236507,0.46018835991274376,0.5788906994317927,10,0,3,0,9.917832136154175,5.631375074386597,3.1448190212249756,0.1968674659729004,0.0,19.190126180648804,12062720
42,fedavg_he,fedavg,True,False,False,5,0.2765122291375477,0.9639888280507276,0.6450686947988223,0.465306822309464,0.5809621304212822,10,0,3,0,9.874695777893066,5.624444246292114,3.1438679695129395,0.19504642486572266,0.0,19.139522075653076,12062720
42,fedavg_he,fedavg,True,False,False,6,0.27425075285623374,0.9431190632978296,0.6452649656526006,0.46532635177082765,0.5822659900257606,10,0,3,0,9.89106822013855,5.485089540481567,3.353860855102539,0.20407342910766602,0.0,19.22999858856201,12062720
42,fedavg_he,fedavg,True,False,False,7,0.2724546220184244,0.9590543692666486,0.6483316977428851,0.46813215578411693,0.5852181147565664,10,0,3,0,9.809420824050903,5.484456777572632,3.35349702835083,0.19597959518432617,0.0,19.172658920288086,12062720
42,fedavg_he,fedavg,True,False,False,8,0.2705564142940281,0.9559955376053231,0.6506378802747792,0.47060748969127497,0.5878607671621946,10,0,3,0,10.428398609161377,5.451816082000732,3.342892646789551,0.20528173446655273,0.0,19.728646278381348,12062720
42,fedavg_he,fedavg,True,False,False,9,0.2699479192157751,0.947183386266407,0.653729146221786,0.47502732525003327,0.5915055907769711,10,0,3,0,10.358030319213867,5.447364091873169,3.346782684326172,0.19454693794250488,0.0,19.648245334625244,12062720
42,fedavg_he,fedavg,True,False,False,10,0.2677424653929846,0.9486134702253857,0.6569430814524043,0.48158482363611466,0.5968362700195246,10,0,3,0,10.45889925956726,5.500128746032715,3.335998058319092,0.18860483169555664,0.0,19.78630828857422,12062720
42,fedavg_he,fedavg,True,False,False,11,0.26718391069559366,0.9468392773629171,0.6595191364082433,0.4871817008866992,0.6003378795030951,10,0,3,0,10.32506251335144,5.501342296600342,3.344557762145996,0.19857287406921387,0.0,19.67299246788025,12062720
42,fedavg_he,fedavg,True,False,False,12,0.2671201120939255,0.9441851659892703,0.6698969578017664,0.49986987651456183,0.6209065934682255,10,0,3,0,10.376410245895386,5.4907801151275635,3.3325486183166504,0.1921069622039795,0.0,19.693440914154053,12062720
42,fedavg_he,fedavg,True,False,False,13,0.26618923879812517,0.9283613180622853,0.6743621197252208,0.5038101160081873,0.6290460434380059,10,0,3,0,10.281247615814209,5.508616924285889,3.3813438415527344,0.19551849365234375,0.0,19.66759490966797,12062720
42,fedavg_he,fedavg,True,False,False,14,0.2659346780903621,0.9300422196767281,0.6775269872423945,0.5083304547363909,0.6349526226363716,10,0,3,0,10.16107726097107,5.461889266967773,3.14445161819458,0.2003800868988037,0.0,19.459075689315796,12062720
42,fedavg_he,fedavg,True,False,False,15,0.26493055229632956,0.9205036241945036,0.6815505397448479,0.5147907016336788,0.6425005539209186,10,0,3,0,9.845552682876587,5.483764886856079,3.150878429412842,0.20566654205322266,0.0,19.183541774749756,12062720
42,fedavg_he,fedavg,True,False,False,16,0.26369703247604276,0.923031038203815,0.6811089303238469,0.5122964325537165,0.6407275741932933,10,0,3,0,9.869386434555054,5.495818853378296,3.142033815383911,0.19349312782287598,0.0,19.198488473892212,12062720
42,fedavg_he,fedavg,True,False,False,17,0.2638773060296629,0.9263938432118843,0.6811089303238469,0.5121910240037775,0.6407011797431696,10,0,3,0,9.946460485458374,5.498467922210693,3.1411867141723633,0.19191718101501465,0.0,19.274524211883545,12062720
42,fedavg_he,fedavg,True,False,False,18,0.26403409710509046,0.9327975766347599,0.6810353287536801,0.5135394751120314,0.6401318331337468,10,0,3,0,9.828828573226929,5.419688701629639,3.1393558979034424,0.19206738471984863,0.0,19.088800191879272,12062720
42,fedavg_he,fedavg,True,False,False,19,0.26323634571545484,0.9197855446827657,0.6823356231599608,0.5179065418238399,0.641732196352643,10,0,3,0,10.431098461151123,5.496048450469971,3.1456947326660156,0.19691753387451172,0.0,19.783087968826294,12062720
42,fedavg_he,fedavg,True,False,False,20,0.263725605601515,0.9167116024777279,0.6863837095191364,0.5234335778807281,0.648848426193225,10,0,3,0,10.740732669830322,5.2448742389678955,3.316999673843384,0.18294525146484375,0.0,19.979814767837524,12062720
42,fedavg_he,fedavg,True,False,False,21,0.2644820757888609,0.9101967224779962,0.6879048086359175,0.5223698104474481,0.6513534574369657,10,0,3,0,9.770832777023315,5.069398403167725,3.14543080329895,0.18880200386047363,0.0,18.481473922729492,12062720
42,fedavg_he,fedavg,True,False,False,22,0.2625438965127162,0.9118467111933805,0.6875368007850834,0.5213702962048333,0.6488700038416287,10,0,3,0,9.866745233535767,5.2227373123168945,3.149951934814453,0.18330764770507812,0.0,18.724680185317993,12062720
42,fedavg_he,fedavg,True,False,False,23,0.26391384595504624,0.9084465663262274,0.6874877330716389,0.5232104844511029,0.6491490250886872,10,0,3,0,10.033251523971558,5.189584732055664,3.145277738571167,0.18973636627197266,0.0,18.86427068710327,12062720
42,fedavg_he,fedavg,True,False,False,24,0.26348823084051803,0.9254064842576016,0.6840775269872424,0.5168848530753051,0.6428343081343796,10,0,3,0,9.775694847106934,5.207718849182129,3.1444640159606934,0.1814570426940918,0.0,18.615970134735107,12062720
42,fedavg_he,fedavg,True,False,False,25,0.263477811135385,0.9126190754569431,0.6878312070657507,0.5235481107477851,0.6491121171123824,10,0,3,0,10.109251499176025,5.192849397659302,3.1480181217193604,0.18533563613891602,0.0,18.931751489639282,12062720
42,fedavg_he,fedavg,True,False,False,26,0.2636300607962817,0.9134827378921584,0.6875122669283611,0.5209944256778903,0.6483693783402413,10,0,3,0,10.098379611968994,5.206789493560791,3.1534104347229004,0.18765544891357422,0.0,18.94876790046692,12062720
42,fedavg_he,fedavg,True,False,False,27,0.2635836729777731,0.9159268155533151,0.6889352306182532,0.5255230624418693,0.6507055692700608,10,0,3,0,10.068746566772461,5.175858974456787,3.1373283863067627,0.18548178672790527,0.0,18.874367475509644,12062720
42,fedavg_he,fedavg,True,False,False,28,0.2629430467958054,0.9128343651409355,0.6879784102060844,0.5244442968601437,0.648974629736219,10,0,3,0,9.9708411693573,5.156928539276123,3.1480190753936768,0.18872380256652832,0.0,18.77335286140442,12062720
42,fedavg_he,fedavg,True,False,False,29,0.2622720681894382,0.9154438786230564,0.6884936211972522,0.5252293262337298,0.6499036245037398,10,0,3,0,9.946606874465942,5.131092071533203,3.152413845062256,0.18120646476745605,0.0,18.71399164199829,12062720
42,fedavg_he_fuzzy,fedavg,True,True,False,0,0.3364206142365328,1.0288515564503917,0.6260304219823356,0.428724938071398,0.5765877293669748,10,0,3,0,9.769218683242798,5.214923143386841,3.704352855682373,0.18358492851257324,0.0985727310180664,19.273183345794678,12062720
42,fedavg_he_fuzzy,fedavg,True,True,False,1,0.2895765761034719,0.6734138586102337,0.70603532875368,0.5135690609903993,0.6916926341649272,10,0,3,0,9.76023554801941,5.062763452529907,3.66960072517395,0.19206571578979492,0.09686708450317383,19.082560062408447,12062720
42,fedavg_he_fuzzy,fedavg,True,True,False,2,0.2752256151772368,0.6132599985049682,0.7375368007850834,0.56989449655573,0.728019407209304,10,0,3,0,9.732646226882935,5.05857253074646,3.500274181365967,0.1839580535888672,0.2889571189880371,19.067187070846558,12062720
42,fedavg_he_fuzzy,fedavg,True,True,False,3,0.26636089833915044,0.5850456103024468,0.7473748773307164,0.5847154770629795,0.7379829936849039,10,0,3,0,9.881142377853394,5.261751413345337,3.4231770038604736,0.18225765228271484,0.09559869766235352,19.147749423980713,12062720
42,fedavg_he_fuzzy,fedavg,True,True,False,4,0.2630455859997372,0.5676912332072459,0.7525269872423945,0.5915815010407776,0.7434763325709495,10,0,3,0,9.974590539932251,5.246702671051025,3.478738784790039,0.1852738857269287,0.10064363479614258,19.28720498085022,12062720
42,fedavg_he_fuzzy,fedavg,True,True,False,5,0.25827423790144344,0.5583259155752615,0.7576790971540727,0.5948910179161786,0.748536835408273,10,0,3,0,10.07649040222168,5.278403997421265,3.7483561038970947,0.1893916130065918,0.10135984420776367,19.697409629821777,12062720
42,fedavg_he_fuzzy,fedavg,True,True,False,6,0.2559080270000177,0.5457629105527688,0.7622178606476938,0.6021769676706451,0.7528920984163485,10,0,3,0,9.870440244674683,5.079699516296387,3.4740102291107178,0.1881885528564453,0.2958090305328369,19.210533380508423,12062720
42,fedavg_he_fuzzy,fedavg,True,True,False,7,0.25424676307366967,0.5504506471463578,0.7623650637880275,0.5971282047107902,0.7526913509669142,10,0,3,0,9.933175802230835,5.256635904312134,3.528371572494507,0.18945026397705078,0.09716296195983887,19.304436206817627,12062720
42,fedavg_he_fuzzy,fedavg,True,True,False,8,0.2525170700083944,0.5531292497000353,0.7625858684985279,0.5974260901996569,0.7528119311125704,10,0,3,0,10.739160060882568,5.273255109786987,3.484356164932251,0.18204045295715332,0.09731817245483398,20.07753038406372,12062720
42,fedavg_he_fuzzy,fedavg,True,True,False,9,0.2514976860731178,0.546895040824673,0.7670755642787046,0.6040360321514358,0.7575393566384457,10,0,3,0,12.567400932312012,5.24616003036499,3.647416591644287,0.18253302574157715,0.10013246536254883,22.049098014831543,12062720
42,fedavg_he_fuzzy,fedavg,True,True,False,10,0.2485662516763541,0.5491289223024258,0.7695534838076545,0.6042358774703167,0.7602013817408652,10,0,3,0,12.075645685195923,5.045515060424805,3.4777610301971436,0.18543648719787598,0.2916140556335449,21.37476634979248,12062720
42,fedavg_he_fuzzy,fedavg,True,True,False,11,0.24826160860155683,0.5519651029247999,0.7682777232580962,0.6039776512522924,0.75841322997935,10,0,3,0,11.87030577659607,5.256797552108765,3.498703718185425,0.1879444122314453,0.09816670417785645,21.21639060974121,12062720
42,fedavg_he_fuzzy,fedavg,True,True,False,12,0.24790577044835968,0.5506962949324169,0.7684003925417076,0.602677479533803,0.7590299431628234,10,0,3,0,12.033591508865356,5.243196249008179,3.506467342376709,0.18651199340820312,0.09846854209899902,21.373653888702393,12062720
42,fedavg_he_fuzzy,fedavg,True,True,False,13,0.24693171595287575,0.5545087490512297,0.7622914622178606,0.598944348591448,0.7527140693123339,10,0,3,0,11.072367429733276,5.261780023574829,3.743898868560791,0.1851801872253418,0.09687399864196777,20.66793656349182,12062720
42,fedavg_he_fuzzy,fedavg,True,True,False,14,0.24607095645127375,0.5646271620461236,0.7588076545632974,0.5962178751657321,0.7487957258438499,10,0,3,0,9.710441827774048,5.068064451217651,3.582397222518921,0.18923735618591309,0.2880673408508301,19.145040273666382,12062720
42,fedavg_he_fuzzy,fedavg,True,True,False,15,0.24428007897371123,0.5583448131138256,0.7619725220804711,0.598285548863367,0.7525036087389531,10,0,3,0,9.865453958511353,5.267216682434082,3.531665086746216,0.18773102760314941,0.09985566139221191,19.25723648071289,12062720
42,fedavg_he_fuzzy,fedavg,True,True,False,16,0.2437665416018196,0.5506972360657757,0.7673945044160942,0.6023815286729972,0.7588043132922364,10,0,3,0,9.639545917510986,5.256868839263916,3.511658191680908,0.18472003936767578,0.10131001472473145,18.998328685760498,12062720
42,fedavg_he_fuzzy,fedavg,True,True,False,17,0.24284444428839738,0.5406952697933598,0.7710500490677135,0.6051074558151273,0.7629534535886904,10,0,3,0,9.980180740356445,5.24638032913208,3.679385185241699,0.1909780502319336,0.09660196304321289,19.495585203170776,12062720
42,fedavg_he_fuzzy,fedavg,True,True,False,18,0.2436435740201396,0.545181325326607,0.7733562315996074,0.6116622990678564,0.7647547276038265,10,0,3,0,10.217775583267212,5.077073574066162,3.5199458599090576,0.18540644645690918,0.3003973960876465,19.60547685623169,12062720
42,fedavg_he_fuzzy,fedavg,True,True,False,19,0.24251552750917185,0.5450329085210589,0.7731599607458293,0.607294189097547,0.7643133408054739,10,0,3,0,10.032937049865723,5.2420713901519775,3.4494247436523438,0.18365025520324707,0.09633231163024902,19.30211591720581,12062720
42,fedavg_he_fuzzy,fedavg,True,True,False,20,0.24212946687268116,0.5537043892483248,0.7712708537782139,0.6056579639001931,0.7617488720329154,10,0,3,0,9.930808544158936,5.260535717010498,3.4390432834625244,0.18301892280578613,0.10213756561279297,19.215808629989624,12062720
42,fedavg_he_fuzzy,fedavg,True,True,False,21,0.24253039146891858,0.5538241377990543,0.7701177625122669,0.6051885471425675,0.7604461326510619,10,0,3,0,9.653540134429932,5.277004957199097,3.66186785697937,0.18481922149658203,0.09646058082580566,19.17709183692932,12062720
42,fedavg_he_fuzzy,fedavg,True,True,False,22,0.2410759680665997,0.5614316451771805,0.7678115799803729,0.6038101333086294,0.7582207352243983,10,0,3,0,9.840517282485962,5.069571495056152,3.5288987159729004,0.18710589408874512,0.29026103019714355,19.218412160873413,12062720
42,fedavg_he_fuzzy,fedavg,True,True,False,23,0.240970361860417,0.5593049877642181,0.764278704612365,0.6004154692108965,0.7545029556461716,10,0,3,0,9.692197322845459,5.254590749740601,3.557684898376465,0.18833255767822266,0.0967860221862793,19.09728741645813,12062720
42,fedavg_he_fuzzy,fedavg,True,True,False,24,0.2396019560553436,0.5592778334088836,0.7603778213935231,0.5998315460710387,0.7521296829151287,10,0,3,0,9.818545818328857,5.279258489608765,3.5068585872650146,0.18515729904174805,0.09890079498291016,19.18885612487793,12062720
42,fedavg_he_fuzzy,fedavg,True,True,False,25,0.23941885773611343,0.5441362682338786,0.7677379784102061,0.6048380945331868,0.76039414111901,10,0,3,0,10.094434976577759,5.271859884262085,3.7049036026000977,0.18745017051696777,0.09695315361022949,19.664661407470703,12062720
42,fedavg_he_fuzzy,fedavg,True,True,False,26,0.2403729309244967,0.5320748992710282,0.7725956820412169,0.6101228357295553,0.7658027781496046,10,0,3,0,10.000101089477539,5.089402198791504,3.5023703575134277,0.19083833694458008,0.28949832916259766,19.376020908355713,12062720
42,fedavg_he_fuzzy,fedavg,True,True,False,27,0.24000561398782655,0.5269812392065406,0.7786064769381746,0.6157987483712688,0.7710034460619862,10,0,3,0,10.125200033187866,5.258193016052246,3.5016584396362305,0.1888585090637207,0.1031947135925293,19.479816913604736,12062720
42,fedavg_he_fuzzy,fedavg,True,True,False,28,0.23831944899039312,0.5309925854264579,0.7789744847890089,0.6112190485439714,0.7706291999157086,10,0,3,0,9.801971673965454,5.2724223136901855,3.458824634552002,0.1828155517578125,0.10613799095153809,19.12374758720398,12062720
42,fedavg_he_fuzzy,fedavg,True,True,False,29,0.23928369078612666,0.5469716080505551,0.7768891069676153,0.6104656096890709,0.7675752331527336,10,0,3,0,10.10975432395935,5.1988465785980225,3.688704013824463,0.18419575691223145,0.1011343002319336,19.586483478546143,12062720
42,full_system,fedavg,True,True,True,0,0.3364206142365328,0.862503879835374,0.6225220804710501,0.42973860898960203,0.5789160817824367,7,3,3,3,10.022006511688232,5.077336311340332,2.213250160217285,0.183607816696167,0.29865312576293945,18.09229826927185,12062720
42,full_system,fedavg,True,True,True,1,0.2855345846228757,0.6107652561236411,0.7358194308145241,0.5601148287013797,0.726189628779814,7,3,3,3,10.218880653381348,5.257691860198975,2.1850688457489014,0.1885695457458496,0.0989375114440918,18.25104284286499,12062720
42,full_system,fedavg,True,True,True,2,0.27168649376974674,0.5741692105968053,0.7466388616290481,0.5815725196019277,0.7365832753814611,7,3,3,3,9.943753957748413,5.165838003158569,2.1898248195648193,0.18740415573120117,0.10223865509033203,17.892634868621826,12062720
42,full_system,fedavg,True,True,True,3,0.26328796063325866,0.550063663890715,0.7584396467124632,0.593912078707258,0.7496662030114286,7,3,3,3,9.646977186203003,5.243532419204712,2.2244796752929688,0.1870429515838623,0.10146069526672363,17.71030902862549,12062720
42,full_system,fedavg,True,True,True,4,0.2596787860130525,0.5381611188564731,0.7653091265947007,0.6020393199289018,0.7564382078890952,7,3,3,3,9.752047300338745,5.268091201782227,2.234570026397705,0.18822240829467773,0.09721207618713379,17.84846305847168,12062720
42,full_system,fedavg,True,True,True,5,0.2550683114293826,0.5317768752048481,0.7671000981354269,0.6010967280852424,0.7583569752171616,7,3,3,3,9.97370958328247,5.2629194259643555,2.229947566986084,0.19295096397399902,0.09849882125854492,18.063010454177856,12062720
42,full_system,fedavg,True,True,True,6,0.2525277282458133,0.5215780084102731,0.7736506378802748,0.6115821635843655,0.7654278303999681,7,3,3,3,9.913189172744751,5.284719944000244,2.2371463775634766,0.19619107246398926,0.09943675994873047,18.0331928730011,12062720
42,full_system,fedavg,True,True,True,7,0.2510278273875481,0.5203487070549693,0.7755397448478901,0.6090094007781838,0.7675793237973624,7,3,3,3,9.861684322357178,5.200835227966309,2.2046098709106445,0.18967819213867188,0.0968937873840332,17.848697662353516,12062720
42,full_system,fedavg,True,True,True,8,0.24909175253333782,0.5399615249409175,0.77198233562316,0.6035962677242308,0.7609349459342606,6,4,3,3,12.174361228942871,5.229779958724976,1.9908983707427979,0.3722958564758301,0.09603023529052734,20.16529107093811,12062720
42,full_system,fedavg,True,True,True,9,0.24801504900317015,0.5800008584753454,0.76153091265947,0.5940227524799115,0.7511612765973356,5,5,3,3,12.110461950302124,5.061284303665161,1.556746244430542,0.18738269805908203,0.09772229194641113,19.51836061477661,12062720
42,full_system,fedavg,True,True,True,10,0.24509718332262306,0.5877943845679645,0.7630520117762513,0.5921252532241916,0.752736774198988,5,5,3,3,12.558590650558472,5.068885803222656,1.7577431201934814,0.18641376495361328,0.09885573387145996,19.983142614364624,12062720
42,full_system,fedavg,True,True,True,11,0.24457043198001185,0.5818617875957396,0.7611874386653582,0.59074863649894,0.7506415165739829,5,5,3,3,12.410936117172241,5.06889009475708,1.7743191719055176,0.18782591819763184,0.0969245433807373,19.83952307701111,12062720
42,full_system,fedavg,True,True,True,12,0.24460365442392623,0.5772616684963238,0.7620461236506378,0.5846353805566067,0.7516532969827622,5,5,3,3,12.300674438476562,5.080166578292847,1.7861335277557373,0.18875813484191895,0.0983426570892334,19.76459789276123,12062720
42,full_system,fedavg,True,True,True,13,0.24326152358931913,0.5654808635917566,0.7622178606476938,0.5865443697352908,0.7519170555316729,5,5,3,3,9.818936109542847,5.05670428276062,1.8010931015014648,0.19056105613708496,0.09889364242553711,17.264029026031494,12062720
42,full_system,fedavg,True,True,True,14,0.2431529425677669,0.5745942696972848,0.764622178606477,0.5885105164694729,0.754486183640448,5,5,3,3,9.9392409324646,5.060536623001099,1.8127615451812744,0.18586516380310059,0.10244512557983398,17.402045488357544,12062720
42,full_system,fedavg,True,True,True,15,0.24057816394081785,0.5613729280391315,0.7668302257114818,0.5968067081161685,0.7572258789158497,5,5,3,3,10.005277156829834,5.081466197967529,1.751946210861206,0.18934988975524902,0.09548759460449219,17.4176287651062,12062720
42,full_system,fedavg,True,True,True,16,0.24040546794022172,0.5584032262740355,0.7666094210009814,0.5943871268361512,0.758594968042402,5,5,3,3,9.829538345336914,5.0489349365234375,1.7487266063690186,0.18613100051879883,0.29091501235961914,17.404967784881592,12062720
42,full_system,fedavg,True,True,True,17,0.23916689186726878,0.5535300841626288,0.7682777232580962,0.5904641548691588,0.7600159786485555,5,5,3,3,10.072288751602173,5.0587828159332275,1.7670235633850098,0.18669867515563965,0.2929842472076416,17.683127880096436,12062720
42,full_system,fedavg,True,True,True,18,0.23998335270690835,0.5516939052772709,0.7667320902845928,0.5992062969214589,0.7588539433709878,5,5,3,3,10.06803274154663,5.068286418914795,1.8132202625274658,0.186629056930542,0.29311656951904297,17.73158550262451,12062720
42,full_system,fedavg,True,True,True,19,0.23909606066409927,0.5411599036638823,0.7741167811579981,0.602092667763507,0.7659011422354397,5,5,3,3,9.926246166229248,5.064429998397827,1.7770180702209473,0.18656182289123535,0.2954723834991455,17.553364038467407,12062720
42,full_system,fedavg,True,True,True,20,0.2384668345159881,0.565245156480005,0.7674926398429833,0.5955028217490413,0.758809349117918,5,5,3,3,10.229155540466309,5.075121641159058,1.7796757221221924,0.18131589889526367,0.2890326976776123,17.858462810516357,12062720
42,full_system,fedavg,True,True,True,21,0.2389168322410072,0.5467360798814229,0.7686947988223749,0.594935393641612,0.7592609521525407,5,5,3,3,10.265261173248291,5.0662336349487305,1.780057430267334,0.1895592212677002,0.29166340827941895,17.89362668991089,12062720
42,full_system,fedavg,True,True,True,22,0.2379054669823427,0.5553657958505198,0.7684003925417076,0.5980170503447908,0.7591213896716199,5,5,3,3,10.105533599853516,5.074970245361328,1.7562203407287598,0.1850872039794922,0.2910165786743164,17.712208032608032,12062720
42,full_system,fedavg,True,True,True,23,0.2380930725032262,0.5514647202122083,0.7683022571148185,0.599507211957493,0.758955214817195,5,5,3,3,9.72559642791748,5.070134401321411,1.79473876953125,0.18526530265808105,0.29204726219177246,17.36890459060669,12062720
42,full_system,fedavg,True,True,True,24,0.2362074000688268,0.5592351993938891,0.7643523061825319,0.5947096641491239,0.7555909830657656,5,5,3,3,10.056822061538696,5.281051874160767,1.7625703811645508,0.19092035293579102,0.09793400764465332,17.68981122970581,12062720
42,full_system,fedavg,True,True,True,25,0.23698222716123096,0.5569832694191226,0.7688910696761531,0.5983484801103574,0.7597520710911625,5,5,3,3,10.09570598602295,5.2629876136779785,1.784393548965454,0.19105029106140137,0.10132336616516113,17.73632001876831,12062720
42,full_system,fedavg,True,True,True,26,0.2380490435970843,0.5520645545907062,0.7693081452404318,0.6020315004102008,0.7602566503916692,5,5,3,3,9.930620908737183,5.0975847244262695,1.7989909648895264,0.19100308418273926,0.29174280166625977,17.611968517303467,12062720
42,full_system,fedavg,True,True,True,27,0.23832295075771617,0.5486456199997891,0.7709764474975466,0.60363917405605,0.7616490744891848,5,5,3,3,9.991363763809204,5.27536678314209,1.7854535579681396,0.1828908920288086,0.09716105461120605,17.630953550338745,12062720
42,full_system,fedavg,True,True,True,28,0.23601145444178226,0.533821317094348,0.7692100098135427,0.6049502513604236,0.7633953866037245,5,5,3,3,9.697675228118896,5.247838497161865,1.6736624240875244,0.18464446067810059,0.10231614112854004,17.208705186843872,12062720
42,full_system,fedavg,True,True,True,29,0.23671642414429045,0.5314629349788108,0.7714916584887144,0.6067834162628929,0.765122522393672,5,5,3,3,9.691347599029541,5.083627939224243,1.6794288158416748,0.19312596321105957,0.3220047950744629,17.267652988433838,12062720
42,full_system_neuro,fedavg,True,True,True,0,0.33745092688506284,1.5759792878185568,0.5028213935230619,0.3454322489629434,0.4616283503947566,10,0,3,0,9.87632441520691,5.251920461654663,3.1436564922332764,0.18900370597839355,0.006156206130981445,18.777546167373657,12062720
42,full_system_neuro,fedavg,True,True,True,1,0.30483528221697176,1.0564300462237985,0.6141805691854759,0.4182685994460891,0.5588283067646451,10,0,3,0,9.5355806350708,5.039032220840454,3.324997901916504,0.18587327003479004,0.0014026165008544922,18.390249013900757,12062720
42,full_system_neuro,fedavg,True,True,True,2,0.28944938329860237,0.8729014358295893,0.646810598626104,0.4463766753675617,0.5848292290824612,10,0,3,0,9.685232400894165,5.052857160568237,3.343920946121216,0.18737006187438965,0.0017850399017333984,18.575538635253906,12062720
42,full_system_neuro,fedavg,True,True,True,3,0.280774846133158,0.8075761415071646,0.6515701668302257,0.4647188883156656,0.5900229587905041,10,0,3,0,10.157503604888916,5.0425169467926025,3.3097035884857178,0.18937087059020996,0.001665353775024414,19.000694751739502,12062720
42,full_system_neuro,fedavg,True,True,True,4,0.2753742400966372,0.5902483415088897,0.7381992149165849,0.5738769035205482,0.7290061022479993,7,3,3,3,9.835687637329102,5.061424016952515,2.445012331008911,0.193040132522583,0.6201944351196289,18.45459485054016,12062720
42,full_system_neuro,fedavg,True,True,True,5,0.2664717489082366,0.557106006086984,0.7562315996074583,0.5915207595089671,0.7464700429543821,7,3,3,3,9.881125688552856,5.054476499557495,2.255164861679077,0.18787598609924316,0.0014450550079345703,17.884445667266846,12062720
42,full_system_neuro,fedavg,True,True,True,6,0.26038931423183304,0.5504142139797941,0.7594210009813542,0.5927544093519916,0.7499140210985202,7,3,3,3,10.001474380493164,5.051985502243042,2.2594120502471924,0.1881418228149414,0.001726388931274414,18.00597882270813,12062720
42,full_system_neuro,fedavg,True,True,True,7,0.2578783635780246,0.5420317884750291,0.7675417075564279,0.6029490946586491,0.7575282464248548,7,3,3,3,11.495592594146729,5.077229976654053,2.251718282699585,0.18091249465942383,0.001369476318359375,19.314080476760864,12062720
42,full_system_neuro,fedavg,True,True,True,8,0.25598488231725847,0.5325115866469213,0.769946025515211,0.6030108501655094,0.7606755890977627,7,3,3,3,12.534895896911621,5.228772401809692,2.2589662075042725,0.19027090072631836,0.001367807388305664,20.516526699066162,12062720
42,full_system_neuro,fedavg,True,True,True,9,0.2530205352992787,0.5285420882924148,0.7724975466143278,0.6059780762910729,0.7645040446196706,7,3,3,3,12.275817155838013,5.237498998641968,2.2725114822387695,0.19350385665893555,0.002106189727783203,20.29848837852478,12062720
42,full_system_neuro,fedavg,True,True,True,10,0.2512807854863842,0.5256388768129657,0.7744847890088322,0.608083902424972,0.7675447547481186,7,3,3,3,12.447120428085327,5.2438740730285645,2.262694835662842,0.19077730178833008,0.001271963119506836,20.45468783378601,12062720
42,full_system_neuro,fedavg,True,True,True,11,0.24910453283702752,0.5231506085606389,0.7753680078508342,0.609241851721118,0.768618667252027,7,3,3,3,12.155078887939453,5.042351007461548,2.476945400238037,0.20972108840942383,0.0013022422790527344,20.18591856956482,12062720
42,full_system_neuro,fedavg,True,True,True,12,0.24848448207640286,0.5218709195093036,0.7755888125613346,0.614662785500951,0.7682226259784405,7,3,3,3,9.812981128692627,5.064803123474121,2.468883991241455,0.18856287002563477,0.001863241195678711,17.84614610671997,12062720
42,full_system_neuro,fedavg,True,True,True,13,0.24833450463217094,0.5167687083834872,0.7771099116781158,0.6099476560298658,0.7701012486018275,7,3,3,3,9.902151823043823,5.063355445861816,2.222017765045166,0.1907031536102295,0.0016219615936279297,17.884570837020874,12062720
42,full_system_neuro,fedavg,True,True,True,14,0.24645825715441932,0.5185160987861491,0.7753434739941119,0.6072961295457282,0.767979778287956,7,3,3,3,9.983249187469482,5.028614521026611,2.254873514175415,0.1932687759399414,0.001287698745727539,17.972074031829834,12062720
42,full_system_neuro,fedavg,True,True,True,15,0.24560903154806427,0.5155874467574579,0.7763984298331698,0.6083637940611835,0.7693173513065019,7,3,3,3,9.785038471221924,5.065175294876099,2.2337348461151123,0.1831035614013672,0.0013957023620605469,17.56523084640503,12062720
42,full_system_neuro,fedavg,True,True,True,16,0.2440402306214216,0.5166116970912046,0.7749263984298331,0.6097586933519474,0.7684866030381223,7,3,3,3,9.75034475326538,5.2207865715026855,2.263749122619629,0.1859264373779297,0.001316070556640625,17.72510313987732,12062720
42,full_system_neuro,fedavg,True,True,True,17,0.24360748167617494,0.5152342207649389,0.7745829244357213,0.6105640999184954,0.7676325887952877,7,3,3,3,9.951521396636963,5.250961542129517,2.266388416290283,0.19127178192138672,0.0017092227935791016,17.962249994277954,12062720
42,full_system_neuro,fedavg,True,True,True,18,0.24310255678707976,0.5102511577213127,0.7772080471050049,0.6103737978404966,0.7700267074065646,7,3,3,3,9.933955192565918,5.2625017166137695,2.2692782878875732,0.19190025329589844,0.0013458728790283203,17.95956587791443,12062720
42,full_system_neuro,fedavg,True,True,True,19,0.24143340581747172,0.5066914664166481,0.7805691854759568,0.6138616538706471,0.7741867388192528,7,3,3,3,10.18848466873169,5.047753572463989,2.4480814933776855,0.19225311279296875,0.0015115737915039062,18.187212705612183,12062720
42,full_system_neuro,fedavg,True,True,True,20,0.24156300497893576,0.5080594370713762,0.7778949950932287,0.6111666478331363,0.7709948333321309,7,3,3,3,9.76208758354187,5.053847789764404,2.477146863937378,0.18580102920532227,0.0017299652099609375,17.809228658676147,12062720
42,full_system_neuro,fedavg,True,True,True,21,0.24025157361233979,0.5088135963567223,0.780323846908734,0.6131276646360244,0.7733249015935435,7,3,3,3,10.453927755355835,5.049715757369995,2.240915536880493,0.1922142505645752,0.0017702579498291016,18.44504451751709,12062720
42,full_system_neuro,fedavg,True,True,True,22,0.23980895231762064,0.5087070730881321,0.7790971540726203,0.6124825459223588,0.7722349982594497,7,3,3,3,10.276932001113892,5.033222436904907,2.2737181186676025,0.19138216972351074,0.0012755393981933594,18.280113697052002,12062720
42,full_system_neuro,fedavg,True,True,True,23,0.23980272458490912,0.5074653453284087,0.7778704612365064,0.6111860334711706,0.7709596394758476,7,3,3,3,9.950553178787231,5.050353765487671,2.2396044731140137,0.19053220748901367,0.0015070438385009766,17.73702836036682,12062720
42,full_system_neuro,fedavg,True,True,True,24,0.23861606636832672,0.5028454257414783,0.780765456329735,0.6150343851088589,0.7740394401321768,7,3,3,3,9.795850276947021,5.247074604034424,2.281154155731201,0.18590545654296875,0.0012812614440917969,17.809777975082397,12062720
42,full_system_neuro,fedavg,True,True,True,25,0.23901261089707398,0.5013743242407921,0.7810353287536801,0.6147437311740249,0.7740209992763049,7,3,3,3,9.991771697998047,5.226729154586792,2.242814302444458,0.1896064281463623,0.0014684200286865234,17.960673570632935,12062720
42,full_system_neuro,fedavg,True,True,True,26,0.2386382342202155,0.5045132697856929,0.7805446516192346,0.6140104139151625,0.773734214450102,7,3,3,3,9.92502212524414,5.265305757522583,2.187464952468872,0.19185137748718262,0.0012574195861816406,17.871026754379272,12062720
42,full_system_neuro,fedavg,True,True,True,27,0.23787585764546842,0.5029064661387256,0.7812070657507361,0.6141223014569438,0.7741681555966553,7,3,3,3,10.226935386657715,5.043452262878418,2.4770777225494385,0.19210100173950195,0.0015747547149658203,18.240329027175903,12062720
42,full_system_neuro,fedavg,True,True,True,28,0.23801336689897004,0.5044624321126142,0.7792688910696761,0.6121810330163773,0.7721339217898868,7,3,3,3,9.889710664749146,5.078114986419678,2.4491465091705322,0.1861259937286377,0.0015277862548828125,17.904424905776978,12062720
42,full_system_neuro,fedavg,True,True,True,29,0.23642728646282912,0.49913405248999476,0.7820657507360157,0.6151276879206244,0.7754426012790354,7,3,3,3,9.825923681259155,5.069177865982056,2.213747978210449,0.19039535522460938,0.0013203620910644531,17.802329778671265,12062720
123,fedavg,fedavg,False,False,False,0,0.36844637995528495,0.75477785628958,0.6832188420019627,0.45689194413374834,0.64888741699422,10,0,0,0,9.889356136322021,0.0,0.0001285076141357422,0.0,0.0,10.149617433547974,0
123,fedavg,fedavg,False,False,False,1,0.33151738235953954,0.619115852303547,0.7210255152109911,0.4973555019255679,0.6918421295031569,10,0,0,0,9.93065881729126,0.0,0.00012612342834472656,0.0,0.0,10.184905529022217,0
123,fedavg,fedavg,False,False,False,2,0.31828606124132,0.5795470292949583,0.7391315014720314,0.5230311094366862,0.7170013062483697,10,0,0,0,9.659156560897827,0.0,0.0001308917999267578,0.0,0.0,9.91785478591919,0
123,fedavg,fedavg,False,False,False,3,0.3107576564545006,0.5554437938686442,0.7514720314033366,0.5488693245412071,0.7349534932140191,10,0,0,0,10.004279851913452,0.0,0.0001285076141357422,0.0,0.0,10.259751558303833,0
123,fedavg,fedavg,False,False,False,4,0.3069510191606827,0.546198766856245,0.7611383709519136,0.5639175655667747,0.7473358275134833,10,0,0,0,10.06618046760559,0.0,0.00013184547424316406,0.0,0.0,10.325554132461548,0
123,fedavg,fedavg,False,False,False,5,0.3033663187079052,0.5403338131890564,0.7633464180569185,0.5845868978826809,0.7503471601923234,10,0,0,0,9.90408730506897,0.0,0.00012445449829101562,0.0,0.0,10.161578178405762,0
123,fedavg,fedavg,False,False,False,6,0.2989544054339023,0.5316616548757207,0.7710745829244358,0.5877364131437057,0.7602087769625135,10,0,0,0,9.920867443084717,0.0,0.00012445449829101562,0.0,0.0,10.18196725845337,0
123,fedavg,fedavg,False,False,False,7,0.29786117513613686,0.526273593022849,0.7711481844946025,0.5932433303774394,0.7602248569530312,10,0,0,0,10.020718336105347,0.0,0.0001239776611328125,0.0,0.0,10.276304244995117,0
123,fedavg,fedavg,False,False,False,8,0.29623933191663643,0.5213276616958453,0.7739941118743866,0.59696495667015,0.764075754885316,10,0,0,0,9.926680326461792,0.0,0.0001285076141357422,0.0,0.0,10.180172443389893,0
123,fedavg,fedavg,False,False,False,9,0.2938099045498785,0.5213595471742459,0.7737978410206084,0.5975272505584438,0.7656574218065085,10,0,0,0,10.08048415184021,0.0,0.000133514404296875,0.0,0.0,10.33980917930603,0
123,fedavg,fedavg,False,False,False,10,0.2922335712155929,0.5177982341552974,0.7774288518155054,0.5997958601352176,0.767931025724035,10,0,0,0,9.834867477416992,0.0,0.00012755393981933594,0.0,0.0,10.264718055725098,0
123,fedavg,fedavg,False,False,False,11,0.29098087227228353,0.5126208918368383,0.778729146221786,0.6061036137040194,0.7713312675443839,10,0,0,0,10.153332948684692,0.0,0.00013256072998046875,0.0,0.0,10.412405014038086,0
123,fedavg,fedavg,False,False,False,12,0.2900122171760562,0.5114655941110597,0.7799803729146222,0.6034734140720166,0.7717634416835357,10,0,0,0,9.986047744750977,0.0,0.0001266002655029297,0.0,0.0,10.242006063461304,0
123,fedavg,fedavg,False,False,False,13,0.2892980005847822,0.5145681057406829,0.778900883218842,0.6014842122898552,0.7695414700277385,10,0,0,0,9.906422853469849,0.0,0.00013208389282226562,0.0,0.0,10.165773868560791,0
123,fedavg,fedavg,False,False,False,14,0.28798153972686635,0.5098059050585266,0.7801030421982336,0.6045733284066512,0.7731858599039821,10,0,0,0,9.937451362609863,0.0,0.0001285076141357422,0.0,0.0,10.193266153335571,0
123,fedavg,fedavg,False,False,False,15,0.2865097124051103,0.509689462828332,0.780765456329735,0.6092256781300335,0.7726612848507575,10,0,0,0,9.7022385597229,0.0,0.00013017654418945312,0.0,0.0,9.961570024490356,0
123,fedavg,fedavg,False,False,False,16,0.2869990423639597,0.5064006000552491,0.7818940137389597,0.6110980821973094,0.7748613439146339,10,0,0,0,10.06487488746643,0.0,0.00012445449829101562,0.0,0.0,10.323860883712769,0
123,fedavg,fedavg,False,False,False,17,0.28648832064517343,0.508870618406526,0.7806182531894014,0.6081674886848017,0.7733660992031072,10,0,0,0,9.994778871536255,0.0,0.00012803077697753906,0.0,0.0,10.249334573745728,0
123,fedavg,fedavg,False,False,False,18,0.2855922171541162,0.5076273715063213,0.7808390578999018,0.6070466560643337,0.7719233165543679,10,0,0,0,10.20539140701294,0.0,0.0001323223114013672,0.0,0.0,10.464237451553345,0
123,fedavg,fedavg,False,False,False,19,0.2850112712118743,0.5057269694409731,0.7819430814524043,0.6102819341360117,0.7738636601888762,10,0,0,0,10.418314933776855,0.0,0.00012874603271484375,0.0,0.0,10.672760725021362,0
123,fedavg,fedavg,False,False,False,20,0.284705332058655,0.5045406457603387,0.7821884200196271,0.608841956074741,0.7739695957342438,10,0,0,0,11.287373065948486,0.0,0.0001308917999267578,0.0,0.0,11.757960319519043,0
123,fedavg,fedavg,False,False,False,21,0.28375276806139293,0.5057041194417877,0.7819921491658489,0.6099464106093399,0.7734102615251651,10,0,0,0,10.895012855529785,0.0,0.00012969970703125,0.0,0.0,11.149526357650757,0
123,fedavg,fedavg,False,False,False,22,0.28396625664367375,0.5032230672939252,0.7818940137389597,0.6112220852433603,0.7749400527183533,10,0,0,0,10.757627010345459,0.0,0.00013065338134765625,0.0,0.0,11.017154693603516,0
123,fedavg,fedavg,False,False,False,23,0.2827087719300746,0.5039730128175026,0.7829980372914622,0.6123100385325424,0.7745863240007966,10,0,0,0,11.32786750793457,0.0,0.0001285076141357422,0.0,0.0,11.581954956054688,0
123,fedavg,fedavg,False,False,False,24,0.28265953955913414,0.5021761256883376,0.7835377821393523,0.6124936830598304,0.7750618811991924,10,0,0,0,11.269570350646973,0.0,0.00013375282287597656,0.0,0.0,11.538024425506592,0
123,fedavg,fedavg,False,False,False,25,0.2820289744094756,0.5030950042754558,0.7830471050049068,0.6115772866020567,0.7741932722246331,10,0,0,0,9.867798328399658,0.0,0.0001308917999267578,0.0,0.0,10.125020980834961,0
123,fedavg,fedavg,False,False,False,26,0.28250044031660304,0.4995927056339702,0.7833905789990186,0.6143143339337883,0.7763557294107252,10,0,0,0,10.170457601547241,0.0,0.00013017654418945312,0.0,0.0,10.429906845092773,0
123,fedavg,fedavg,False,False,False,27,0.28162461378718273,0.5005825885027735,0.7828508341511285,0.6124588430796648,0.7752742918182123,10,0,0,0,9.940305709838867,0.0,0.0001289844512939453,0.0,0.0,10.197697162628174,0
123,fedavg,fedavg,False,False,False,28,0.2808132290835025,0.49745434432549146,0.7843228655544652,0.6136919948978721,0.7761591438285574,10,0,0,0,9.841790914535522,0.0,0.00013256072998046875,0.0,0.0,10.101653099060059,0
123,fedavg,fedavg,False,False,False,29,0.28195693285597684,0.5003358378611557,0.7832679097154073,0.612430590803237,0.7762171165823182,10,0,0,0,10.067775011062622,0.0,0.00013184547424316406,0.0,0.0,10.324559926986694,0
123,fedavg_attack,fedavg,False,False,False,0,0.36844637995528495,1.5435431093884169,0.6045878312070657,0.3851681467658042,0.5500152509889098,10,0,3,0,9.921105861663818,0.0,0.00013446807861328125,0.0,0.0,10.181204319000244,0
123,fedavg_attack,fedavg,False,False,False,1,0.34856907545564353,0.9919496575562362,0.6321638861629048,0.4035294721456669,0.5765924138413541,10,0,3,0,10.153918504714966,0.0,0.00012755393981933594,0.0,0.0,10.411093473434448,0
123,fedavg_attack,fedavg,False,False,False,2,0.33783433636374155,0.7977657299397387,0.6298086359175662,0.400377461783787,0.5720967363977923,10,0,3,0,9.85599946975708,0.0,0.00012874603271484375,0.0,0.0,10.111478567123413,0
123,fedavg_attack,fedavg,False,False,False,3,0.33164892694304304,0.7540984822910597,0.6584396467124632,0.42777663300524016,0.6113434433732561,10,0,3,0,10.062079668045044,0.0,0.0001399517059326172,0.0,0.0,10.321922063827515,0
123,fedavg_attack,fedavg,False,False,False,4,0.330111389501548,0.7482714801822022,0.6676643768400392,0.4354336912124399,0.6222211069314888,10,0,3,0,10.007751226425171,0.0,0.00013685226440429688,0.0,0.0,10.262402534484863,0
123,fedavg_attack,fedavg,False,False,False,5,0.3279407111073312,0.740608332131398,0.6791462217860648,0.44419339966958316,0.6343968939935345,10,0,3,0,9.937445163726807,0.0,0.0001308917999267578,0.0,0.0,10.196859359741211,0
123,fedavg_attack,fedavg,False,False,False,6,0.32614729158115996,0.7456262425655705,0.6820657507360157,0.44663635463820256,0.6378762364892581,10,0,3,0,9.733147859573364,0.0,0.00013589859008789062,0.0,0.0,9.988940715789795,0
123,fedavg_attack,fedavg,False,False,False,7,0.326402983892751,0.7457625099908382,0.6883218842001962,0.451175388666733,0.6441402703872212,10,0,3,0,9.990699291229248,0.0,0.0001323223114013672,0.0,0.0,10.249431848526001,0
123,fedavg_attack,fedavg,False,False,False,8,0.3278167688135765,0.7388452441933344,0.6932531894013739,0.4549428255040163,0.6494255004989132,10,0,3,0,9.791748285293579,0.0,0.00013208389282226562,0.0,0.0,10.048166751861572,0
123,fedavg_attack,fedavg,False,False,False,9,0.3268563719260671,0.7334680109894428,0.6936457311089304,0.45520309397463254,0.649728463463619,10,0,3,0,9.963656663894653,0.0,0.00013494491577148438,0.0,0.0,10.400707960128784,0
123,fedavg_attack,fedavg,False,False,False,10,0.32853986946206304,0.7299027717148591,0.694676153091266,0.4560472405863324,0.650939690645059,10,0,3,0,10.058541059494019,0.0,0.00013256072998046875,0.0,0.0,10.318887710571289,0
123,fedavg_attack,fedavg,False,False,False,11,0.328665012145227,0.7314608078826514,0.6959028459273798,0.4568532013757962,0.651995002150309,10,0,3,0,10.341591596603394,0.0,0.00012755393981933594,0.0,0.0,10.633943796157837,0
123,fedavg_attack,fedavg,False,False,False,12,0.328257735543603,0.7285736802749708,0.6996810598626104,0.45955026160711354,0.655727989269891,10,0,3,0,10.264971494674683,0.0,0.00013113021850585938,0.0,0.0,10.524029970169067,0
123,fedavg_attack,fedavg,False,False,False,13,0.3294955027061805,0.7256657788517197,0.6997546614327772,0.4597465771220774,0.6559925040487974,10,0,3,0,10.785398244857788,0.0,0.00013566017150878906,0.0,0.0,11.077450275421143,0
123,fedavg_attack,fedavg,False,False,False,14,0.32954716548653085,0.737525927961984,0.6944308145240432,0.45590006878870815,0.6505981451802435,10,0,3,0,12.454881191253662,0.0,0.0001354217529296875,0.0,0.0,12.714748620986938,0
123,fedavg_attack,fedavg,False,False,False,15,0.3294158511192724,0.7284449224500122,0.6982335623159961,0.4586760941236479,0.6544514980011631,10,0,3,0,12.096287727355957,0.0,0.00012874603271484375,0.0,0.0,12.351571559906006,0
123,fedavg_attack,fedavg,False,False,False,16,0.328856666588574,0.7305610784019643,0.6967124631992149,0.45756172546485996,0.6528892025651422,10,0,3,0,11.961922883987427,0.0,0.00013256072998046875,0.0,0.0,12.2544424533844,0
123,fedavg_attack,fedavg,False,False,False,17,0.32873831578518187,0.7182518836443511,0.697252208047105,0.4580725505044715,0.6536458255836597,10,0,3,0,12.792106628417969,0.0,0.00013375282287597656,0.0,0.0,13.089234590530396,0
123,fedavg_attack,fedavg,False,False,False,18,0.33028545176732405,0.7169150280414316,0.695117762512267,0.4565809777491178,0.651561647796044,10,0,3,0,11.676340818405151,0.0,0.0001347064971923828,0.0,0.0,11.93396544456482,0
123,fedavg_attack,fedavg,False,False,False,19,0.3300604774492939,0.7151835537986269,0.6951668302257115,0.45676577670640617,0.6518797468767711,10,0,3,0,10.170573472976685,0.0,0.00013256072998046875,0.0,0.0,10.430187940597534,0
123,fedavg_attack,fedavg,False,False,False,20,0.32970651267461437,0.7268069655668279,0.6942345436702649,0.45595445836994647,0.6506483248361812,10,0,3,0,9.975149631500244,0.0,0.0001285076141357422,0.0,0.0,10.409231424331665,0
123,fedavg_attack,fedavg,False,False,False,21,0.332090322669558,0.7234993617363837,0.6973503434739942,0.4581186500201518,0.6536567546227132,10,0,3,0,10.198979139328003,0.0,0.0001285076141357422,0.0,0.0,10.454456329345703,0
123,fedavg_attack,fedavg,False,False,False,22,0.3325381683052072,0.7309854359575296,0.6937193326790971,0.4555714905955346,0.6501577484826856,10,0,3,0,10.03959059715271,0.0,0.00013637542724609375,0.0,0.0,10.30222487449646,0
123,fedavg_attack,fedavg,False,False,False,23,0.3306333040878681,0.726505723528352,0.699018645731109,0.4595374369141986,0.6557653355104742,10,0,3,0,9.741106033325195,0.0,0.00013065338134765625,0.0,0.0,9.998452186584473,0
123,fedavg_attack,fedavg,False,False,False,24,0.3305316470007213,0.7287277566088076,0.6993130520117763,0.45974853131065074,0.6560708253546815,10,0,3,0,9.919463872909546,0.0,0.0001323223114013672,0.0,0.0,10.181612014770508,0
123,fedavg_attack,fedavg,False,False,False,25,0.3322527825136776,0.7206459517099907,0.7016683022571149,0.4614758000220692,0.658510308716406,10,0,3,0,9.774718046188354,0.0,0.0001277923583984375,0.0,0.0,10.031767845153809,0
123,fedavg_attack,fedavg,False,False,False,26,0.3331730835932967,0.7250679981954198,0.7012266928361138,0.4611948482268357,0.6581099940641332,10,0,3,0,10.836717367172241,0.0,0.0001308917999267578,0.0,0.0,11.097329139709473,0
123,fedavg_attack,fedavg,False,False,False,27,0.3314031714742619,0.7183510762552517,0.7044406280667321,0.46383003528043626,0.6619940460732445,10,0,3,0,9.610826015472412,0.0,0.00013113021850585938,0.0,0.0,9.867587566375732,0
123,fedavg_attack,fedavg,False,False,False,28,0.3326393026348635,0.717516866727011,0.70247791952895,0.4623594929174968,0.6598876688744146,10,0,3,0,9.97451639175415,0.0,0.0001323223114013672,0.0,0.0,10.23609709739685,0
123,fedavg_attack,fedavg,False,False,False,29,0.33136316867393123,0.7209881573827742,0.7032630029440629,0.46312401869953423,0.6610323666279005,10,0,3,0,10.448450803756714,0.0,0.00013136863708496094,0.0,0.0,10.705221891403198,0
123,fedprox,fedavg,False,False,False,0,0.38441374586277083,1.6350541673534869,0.5710745829244357,0.3489796754363632,0.4972886080492208,10,0,3,0,14.707778692245483,0.0,0.0001323223114013672,0.0,0.0,15.005470275878906,0
123,fedprox,fedavg,False,False,False,1,0.36434971405785793,1.103909622207357,0.601153091265947,0.36482444018481186,0.5207660796779137,10,0,3,0,15.075733661651611,0.0,0.0001361370086669922,0.0,0.0,15.331648349761963,0
123,fedprox,fedavg,False,False,False,2,0.35266192193359763,0.8636198259078486,0.6032875368007851,0.36714822379630296,0.5241683266392134,10,0,3,0,14.536808490753174,0.0,0.00013566017150878906,0.0,0.0,14.834995031356812,0
123,fedprox,fedavg,False,False,False,3,0.34521202950807284,0.7905647120602115,0.6136898920510304,0.3806761536949245,0.543815092699363,10,0,3,0,15.433503150939941,0.0,0.0001366138458251953,0.0,0.0,15.730314493179321,0
123,fedprox,fedavg,False,False,False,4,0.3413076356877652,0.772340313702734,0.6320412168792934,0.4027867476872641,0.5756192069542058,10,0,3,0,15.768929958343506,0.0,0.00013518333435058594,0.0,0.0,16.067333698272705,0
123,fedprox,fedavg,False,False,False,5,0.3398139202130761,0.7649874012416431,0.6511040235525024,0.42147690345909167,0.6023482828392932,10,0,3,0,14.64768648147583,0.0,0.00013065338134765625,0.0,0.0,14.944543838500977,0
123,fedprox,fedavg,False,False,False,6,0.33687632924888156,0.7680500872820704,0.6549067713444553,0.4249057165267397,0.6072270128562657,10,0,3,0,15.012081861495972,0.0,0.00013184547424316406,0.0,0.0,15.268916130065918,0
123,fedprox,fedavg,False,False,False,7,0.3368032495021976,0.7646225245122937,0.6628312070657507,0.4317564256884151,0.6168679363854692,10,0,3,0,14.56345820426941,0.0,0.00013637542724609375,0.0,0.0,14.859894037246704,0
123,fedprox,fedavg,False,False,False,8,0.3363762293242333,0.758147429671208,0.6796368989205103,0.4449415864332318,0.6355276927672945,10,0,3,0,14.74070692062378,0.0,0.00013518333435058594,0.0,0.0,15.037534475326538,0
123,fedprox,fedavg,False,False,False,9,0.3355005710792258,0.7508043014032216,0.6834887144259078,0.44784698415806584,0.6396004755559525,10,0,3,0,14.654475212097168,0.0,0.00013065338134765625,0.0,0.0,15.125108480453491,0
123,fedprox,fedavg,False,False,False,10,0.3357184888664559,0.7511638697510964,0.6839303238469088,0.44818984644016746,0.640077886008958,10,0,3,0,14.442218542098999,0.0,0.0001361370086669922,0.0,0.0,14.739083528518677,0
123,fedprox,fedavg,False,False,False,11,0.33553829229502763,0.7529028520967822,0.6863591756624141,0.449894599676129,0.6424474249602465,10,0,3,0,14.828252792358398,0.0,0.0001342296600341797,0.0,0.0,15.120882034301758,0
123,fedprox,fedavg,False,False,False,12,0.33481452089528735,0.750178110049681,0.6918792934249264,0.45387185703313965,0.6480386124556743,10,0,3,0,14.424289226531982,0.0,0.00013375282287597656,0.0,0.0,14.684144020080566,0
123,fedprox,fedavg,False,False,False,13,0.33547050136260415,0.7442507054082779,0.6944798822374877,0.45586431173991915,0.6508172098768592,10,0,3,0,14.745848655700684,0.0,0.0001342296600341797,0.0,0.0,15.03228211402893,0
123,fedprox,fedavg,False,False,False,14,0.335138625556379,0.7528819345281449,0.6911923454367026,0.4534795763230506,0.6474824281086037,10,0,3,0,14.690913438796997,0.0,0.00013637542724609375,0.0,0.0,14.983883380889893,0
123,fedprox,fedavg,False,False,False,15,0.33403923055711693,0.7457297118302065,0.6948478900883219,0.45607770585222956,0.6509840366473365,10,0,3,0,15.331294298171997,0.0,0.00013637542724609375,0.0,0.0,15.629117250442505,0
123,fedprox,fedavg,False,False,False,16,0.33484607853943943,0.7516290247264859,0.6932286555446516,0.454927969280704,0.6494305270503415,10,0,3,0,14.578394889831543,0.0,0.00012969970703125,0.0,0.0,14.869159698486328,0
123,fedprox,fedavg,False,False,False,17,0.3345256367658749,0.7374352302588705,0.6942836113837095,0.4556561646990588,0.6504201446195155,10,0,3,0,14.817269563674927,0.0,0.00013256072998046875,0.0,0.0,15.113369941711426,0
123,fedprox,fedavg,False,False,False,18,0.3339200166282073,0.7337369909464319,0.6965161923454367,0.4572909091096118,0.652608031338912,10,0,3,0,14.775260925292969,0.0,0.00013256072998046875,0.0,0.0,15.03093147277832,0
123,fedprox,fedavg,False,False,False,19,0.3336746364340881,0.7335558096723772,0.6950686947988224,0.45626633044201914,0.6512022656792184,10,0,3,0,15.40468692779541,0.0,0.00013637542724609375,0.0,0.0,15.873878002166748,0
123,fedprox,fedavg,False,False,False,20,0.3345731313000327,0.7414641405579152,0.6946025515210991,0.4559210691102077,0.650687390578545,10,0,3,0,15.88429570198059,0.0,0.0001347064971923828,0.0,0.0,16.14440083503723,0
123,fedprox,fedavg,False,False,False,21,0.33529422738136844,0.7354088960147817,0.6982090284592738,0.45853485222071555,0.6543572004324036,10,0,3,0,14.472020626068115,0.0,0.00013399124145507812,0.0,0.0,14.764695644378662,0
123,fedprox,fedavg,False,False,False,22,0.33554680177249285,0.7396159807529019,0.6984789008832188,0.45883538582441685,0.6548136919369857,10,0,3,0,15.437701225280762,0.0,0.00014019012451171875,0.0,0.0,15.733687400817871,0
123,fedprox,fedavg,False,False,False,23,0.33275227673748853,0.7351787743086435,0.699288518155054,0.45946041622817996,0.655683694151957,10,0,3,0,14.693761587142944,0.0,0.00013971328735351562,0.0,0.0,14.990703105926514,0
123,fedprox,fedavg,False,False,False,24,0.33259918416756606,0.7367318734570504,0.7000981354268891,0.46001262310388297,0.6564826465446412,10,0,3,0,15.296346187591553,0.0,0.000125885009765625,0.0,0.0,15.589875221252441,0
123,fedprox,fedavg,False,False,False,25,0.33255163847499214,0.7304549377261715,0.7014720314033366,0.46104156052881634,0.6579092246663271,10,0,3,0,15.166056871414185,0.0,0.0001366138458251953,0.0,0.0,15.463566303253174,0
123,fedprox,fedavg,False,False,False,26,0.3349856024417664,0.7305889021075158,0.7010794896957802,0.4606945127128702,0.6573877499574869,10,0,3,0,15.25884747505188,0.0,0.0001361370086669922,0.0,0.0,15.550712585449219,0
123,fedprox,fedavg,False,False,False,27,0.3336407080721069,0.7266071787526259,0.7014965652600589,0.4611216561651968,0.6580084797157953,10,0,3,0,14.617963075637817,0.0,0.00013566017150878906,0.0,0.0,14.915144920349121,0
123,fedprox,fedavg,False,False,False,28,0.33212844830138233,0.7281324706671868,0.700613346418057,0.4604546355132724,0.6570425326488044,10,0,3,0,14.525412797927856,0.0,0.00013065338134765625,0.0,0.0,14.821738958358765,0
123,fedprox,fedavg,False,False,False,29,0.3340881769736315,0.7330041722530706,0.700441609421001,0.4603837565190321,0.6569360553744243,10,0,3,0,14.599015951156616,0.0,0.00012922286987304688,0.0,0.0,15.067923784255981,0
123,fedmedian,fedmedian,False,False,False,0,0.36844637995528495,0.9244776582577512,0.6600588812561334,0.4319107715921888,0.616306463950022,10,0,3,0,11.713264465332031,0.0,0.001035928726196289,0.0,0.0,11.975181579589844,0
123,fedmedian,fedmedian,False,False,False,1,0.3379179751984311,0.7233146090970775,0.6776496565260058,0.4448165805208837,0.6345204542538914,10,0,3,0,12.567647933959961,0.0,0.0010187625885009766,0.0,0.0,12.86273717880249,0
123,fedmedian,fedmedian,False,False,False,2,0.32782651385871364,0.6918425360652486,0.6938665358194308,0.463031142323039,0.6549384045284341,10,0,3,0,10.778658390045166,0.0,0.0010340213775634766,0.0,0.0,11.039421796798706,0
123,fedmedian,fedmedian,False,False,False,3,0.3230501703170538,0.6695227955227628,0.7064524043179587,0.48057081701306315,0.6736599993433252,10,0,3,0,10.085481882095337,0.0,0.0010459423065185547,0.0,0.0,10.34328579902649,0
123,fedmedian,fedmedian,False,False,False,4,0.32115215969687083,0.6622365006286801,0.7105004906771345,0.48628986289168324,0.679530750758987,10,0,3,0,9.759212017059326,0.0,0.0010437965393066406,0.0,0.0,10.02111005783081,0
123,fedmedian,fedmedian,False,False,False,5,0.31998862775674214,0.6578235330478717,0.7126349362119725,0.4905783136725409,0.6832638470582555,10,0,3,0,10.00615382194519,0.0,0.0010383129119873047,0.0,0.0,10.264330863952637,0
123,fedmedian,fedmedian,False,False,False,6,0.31727435739638027,0.6551254961277716,0.7146221786064769,0.4932200231790441,0.6859853831785406,10,0,3,0,9.99538516998291,0.0,0.0010402202606201172,0.0,0.0,10.256364345550537,0
123,fedmedian,fedmedian,False,False,False,7,0.3172776202938833,0.6532568320441878,0.7176643768400393,0.49660380271686455,0.6896984965289694,10,0,3,0,9.768604516983032,0.0,0.0010497570037841797,0.0,0.0,10.029059648513794,0
123,fedmedian,fedmedian,False,False,False,8,0.31738758720630195,0.6419505006080755,0.7219578017664376,0.5001663654096888,0.6941948913756589,10,0,3,0,10.091949462890625,0.0,0.0010523796081542969,0.0,0.0,10.348421812057495,0
123,fedmedian,fedmedian,False,False,False,9,0.31604575123686035,0.6443904408762804,0.7205593719332679,0.5001215757393704,0.6934149962664606,10,0,3,0,10.954885721206665,0.0,0.0010399818420410156,0.0,0.0,11.393564939498901,0
123,fedmedian,fedmedian,False,False,False,10,0.31532722296611326,0.6378839898975136,0.7222767419038273,0.5013305639031149,0.6951182295737832,10,0,3,0,10.523888111114502,0.0,0.0010302066802978516,0.0,0.0,10.780372619628906,0
123,fedmedian,fedmedian,False,False,False,11,0.31519118870005525,0.6397823150305332,0.7220068694798822,0.5017590997912282,0.695305706611394,10,0,3,0,11.0611412525177,0.0,0.0010421276092529297,0.0,0.0,11.322235345840454,0
123,fedmedian,fedmedian,False,False,False,12,0.31429051519243717,0.6395199851503082,0.7259568204121688,0.5035481449546381,0.6986129059477614,10,0,3,0,9.78328013420105,0.0,0.0010335445404052734,0.0,0.0,10.040026426315308,0
123,fedmedian,fedmedian,False,False,False,13,0.3136298091541112,0.6397432636114987,0.7254906771344455,0.5043345539898605,0.6986239348879477,10,0,3,0,9.55892539024353,0.0,0.0010380744934082031,0.0,0.0,9.821051359176636,0
123,fedmedian,fedmedian,False,False,False,14,0.3138483762018521,0.6436239510218926,0.7230618253189401,0.5022853778763116,0.6963164362137857,10,0,3,0,9.86182165145874,0.0,0.0010390281677246094,0.0,0.0,10.120361089706421,0
123,fedmedian,fedmedian,False,False,False,15,0.3132516724197433,0.6474602936060553,0.7244602551521099,0.5035850871741925,0.6976915530619291,10,0,3,0,9.979455947875977,0.0,0.0010366439819335938,0.0,0.0,10.24099326133728,0
123,fedmedian,fedmedian,False,False,False,16,0.3123413950284145,0.643404681174865,0.7267173699705594,0.5074275106232489,0.7016925868812176,10,0,3,0,10.000566244125366,0.0,0.0010325908660888672,0.0,0.0,10.25930666923523,0
123,fedmedian,fedmedian,False,False,False,17,0.3132527396265109,0.6230877106042325,0.7313297350343474,0.5134173194284171,0.7082858690396101,10,0,3,0,9.83540654182434,0.0,0.0010323524475097656,0.0,0.0,10.0924813747406,0
123,fedmedian,fedmedian,False,False,False,18,0.31174053721026174,0.6363721014589978,0.7272571148184495,0.5095742726024757,0.7030928161305047,10,0,3,0,9.822880983352661,0.0,0.0010318756103515625,0.0,0.0,10.084268808364868,0
123,fedmedian,fedmedian,False,False,False,19,0.3127390756017231,0.6404640924006378,0.7269381746810598,0.5091162936403598,0.7024973894053668,10,0,3,0,9.948648929595947,0.0,0.0010352134704589844,0.0,0.0,10.384368896484375,0
123,fedmedian,fedmedian,False,False,False,20,0.31107108796222815,0.6383296386299471,0.7287046123650638,0.5114918475700645,0.7049132508055878,10,0,3,0,9.978898525238037,0.0,0.00102996826171875,0.0,0.0,10.239485025405884,0
123,fedmedian,fedmedian,False,False,False,21,0.31207397255394076,0.63071790551063,0.730765456329735,0.51344077425694,0.7072563234526033,10,0,3,0,10.734660625457764,0.0,0.0010399818420410156,0.0,0.0,11.029399156570435,0
123,fedmedian,fedmedian,False,False,False,22,0.3124799145661525,0.6335392271571585,0.7302011776251227,0.5132381691131338,0.7071548685284885,10,0,3,0,12.215363025665283,0.0,0.0010273456573486328,0.0,0.0,12.51436710357666,0
123,fedmedian,fedmedian,False,False,False,23,0.31158496019953386,0.6342890296763831,0.7310843964671246,0.515324546327721,0.7087440029066512,10,0,3,0,11.638543844223022,0.0,0.001041412353515625,0.0,0.0,11.932949542999268,0
123,fedmedian,fedmedian,False,False,False,24,0.31185652605620257,0.6364142637842419,0.7314278704612365,0.5138549094989262,0.7082226974490343,10,0,3,0,12.258839130401611,0.0,0.0010328292846679688,0.0,0.0,12.55781865119934,0
123,fedmedian,fedmedian,False,False,False,25,0.31253621587727604,0.6228662897022011,0.7371933267909715,0.5199073537289602,0.7152480375844382,10,0,3,0,12.496824264526367,0.0,0.0010373592376708984,0.0,0.0,12.795783519744873,0
123,fedmedian,fedmedian,False,False,False,26,0.312416207248721,0.6275116648126514,0.7342492639842984,0.5167573663765805,0.7116515594858569,10,0,3,0,11.365355491638184,0.0,0.0010294914245605469,0.0,0.0,11.623678207397461,0
123,fedmedian,fedmedian,False,False,False,27,0.3114334189718917,0.6192793452119687,0.7391315014720314,0.5221678103011838,0.7178474597651383,10,0,3,0,9.795537948608398,0.0,0.0010325908660888672,0.0,0.0,10.05241584777832,0
123,fedmedian,fedmedian,False,False,False,28,0.3116066817934474,0.6317578870719034,0.7341020608439647,0.5177027358362387,0.7119769798915339,10,0,3,0,10.122571468353271,0.0,0.0010437965393066406,0.0,0.0,10.383391618728638,0
123,fedmedian,fedmedian,False,False,False,29,0.31360164232145266,0.6283192935003967,0.733783120706575,0.5174808510872593,0.7119233029478247,10,0,3,0,9.891960859298706,0.0,0.0010287761688232422,0.0,0.0,10.326382160186768,0
123,trimmed_mean,trimmed_mean,False,False,False,0,0.36844637995528495,1.1808188725734483,0.6330716388616291,0.40918504757642293,0.5843434579874263,10,0,3,0,10.018831968307495,0.0,0.0005869865417480469,0.0,0.0,10.292594194412231,0
123,trimmed_mean,trimmed_mean,False,False,False,1,0.34277491310628716,0.7761111033910391,0.6671736997055937,0.4352276375623061,0.6218865025987231,10,0,3,0,10.325230836868286,0.0,0.0005738735198974609,0.0,0.0,10.619039058685303,0
123,trimmed_mean,trimmed_mean,False,False,False,2,0.3311600084479727,0.7187699741891369,0.6883218842001962,0.4512364361843939,0.6442244470761201,10,0,3,0,10.455605030059814,0.0,0.0005702972412109375,0.0,0.0,10.717851161956787,0
123,trimmed_mean,trimmed_mean,False,False,False,3,0.3256213438021594,0.696807834374425,0.6961481844946026,0.4570151362805517,0.6518795617465644,10,0,3,0,10.385392427444458,0.0,0.0005764961242675781,0.0,0.0,10.64215874671936,0
123,trimmed_mean,trimmed_mean,False,False,False,4,0.32337524679969754,0.6848607011819378,0.7014965652600589,0.4626681116683541,0.658781291778592,10,0,3,0,10.706129550933838,0.0,0.0005743503570556641,0.0,0.0,10.967323303222656,0
123,trimmed_mean,trimmed_mean,False,False,False,5,0.32247258989109656,0.6706768900653214,0.7083660451422964,0.4739749998758238,0.6699531673240721,10,0,3,0,9.969867944717407,0.0,0.0005700588226318359,0.0,0.0,10.228411674499512,0
123,trimmed_mean,trimmed_mean,False,False,False,6,0.319181908219772,0.6735260054688459,0.7099362119725221,0.47794783963866017,0.673501153932473,10,0,3,0,10.195057392120361,0.0,0.0005733966827392578,0.0,0.0,10.455665111541748,0
123,trimmed_mean,trimmed_mean,False,False,False,7,0.3192163933706322,0.6676576503944585,0.7145976447497546,0.4858297162700314,0.6811199044774865,10,0,3,0,9.908313751220703,0.0,0.0005700588226318359,0.0,0.0,10.166581153869629,0
123,trimmed_mean,trimmed_mean,False,False,False,8,0.3193958779866195,0.6560887929150822,0.7201668302257115,0.493937763233123,0.6892730581905989,10,0,3,0,10.392790794372559,0.0,0.0005705356597900391,0.0,0.0,10.658681631088257,0
123,trimmed_mean,trimmed_mean,False,False,False,9,0.3179657027458458,0.6522475417626618,0.7205593719332679,0.49613962150454377,0.6908929545675021,10,0,3,0,10.006433725357056,0.0,0.0005707740783691406,0.0,0.0,10.445052146911621,0
123,trimmed_mean,trimmed_mean,False,False,False,10,0.3175491681255315,0.6520866626144275,0.7209028459273797,0.49734432637504733,0.6918465044148289,10,0,3,0,10.075732469558716,0.0,0.0005717277526855469,0.0,0.0,10.332157611846924,0
123,trimmed_mean,trimmed_mean,False,False,False,11,0.3181608127684603,0.6535288353078615,0.7200932286555447,0.4961907703544731,0.6907007845059421,10,0,3,0,10.221513032913208,0.0,0.0005741119384765625,0.0,0.0,10.481813907623291,0
123,trimmed_mean,trimmed_mean,False,False,False,12,0.31752473463862485,0.6543299037645095,0.7215161923454367,0.497130279837085,0.6920154125618676,10,0,3,0,9.781704664230347,0.0,0.0005753040313720703,0.0,0.0,10.038147211074829,0
123,trimmed_mean,trimmed_mean,False,False,False,13,0.31635815163361836,0.6503294999980833,0.7242394504416094,0.5009390032925534,0.6958040539650312,10,0,3,0,9.735039949417114,0.0,0.0005698204040527344,0.0,0.0,9.995795965194702,0
123,trimmed_mean,trimmed_mean,False,False,False,14,0.3167755164364022,0.6601766180126426,0.7192590775269873,0.49724384116612,0.6908452342885317,10,0,3,0,9.989504098892212,0.0,0.0005857944488525391,0.0,0.0,10.247150182723999,0
123,trimmed_mean,trimmed_mean,False,False,False,15,0.315562190960182,0.6534196638382452,0.7217615309126595,0.4995045488001663,0.6936269630295678,10,0,3,0,10.006812810897827,0.0,0.0005776882171630859,0.0,0.0,10.269152641296387,0
123,trimmed_mean,trimmed_mean,False,False,False,16,0.3159224753388724,0.6474444208716036,0.7237487733071639,0.5020202885230074,0.6963700476348311,10,0,3,0,10.950843095779419,0.0,0.0005691051483154297,0.0,0.0,11.208689212799072,0
123,trimmed_mean,trimmed_mean,False,False,False,17,0.31576427581387423,0.6343303092679519,0.7260549558390579,0.5047814022588404,0.699567912541083,10,0,3,0,10.91065526008606,0.0,0.0005707740783691406,0.0,0.0,11.186158895492554,0
123,trimmed_mean,trimmed_mean,False,False,False,18,0.3154304527700601,0.6443926331105481,0.7237242394504416,0.5021660330506366,0.6964350035275083,10,0,3,0,11.038200616836548,0.0,0.0005850791931152344,0.0,0.0,11.298320055007935,0
123,trimmed_mean,trimmed_mean,False,False,False,19,0.31557081938895754,0.6436566638291409,0.7254661432777233,0.5037393688145828,0.6985239687765095,10,0,3,0,11.467419624328613,0.0,0.0005757808685302734,0.0,0.0,11.928418159484863,0
123,trimmed_mean,trimmed_mean,False,False,False,20,0.31582866978446356,0.6516305625848143,0.7251226692836114,0.5043654840644931,0.698431412985237,10,0,3,0,10.963746070861816,0.0,0.0005865097045898438,0.0,0.0,11.221548557281494,0
123,trimmed_mean,trimmed_mean,False,False,False,21,0.31642197339806916,0.6482298966127944,0.7266928361138371,0.5053927818828513,0.6998972939860809,10,0,3,0,9.679766654968262,0.0,0.0005717277526855469,0.0,0.0,9.940755128860474,0
123,trimmed_mean,trimmed_mean,False,False,False,22,0.3165271985880683,0.6450738025249747,0.7273307163886162,0.5064516687594223,0.7012735205541223,10,0,3,0,9.997611284255981,0.0,0.0005660057067871094,0.0,0.0,10.2547287940979,0
123,trimmed_mean,trimmed_mean,False,False,False,23,0.3153614458700886,0.6447472943875928,0.7270853778213935,0.5065467428962438,0.7010987518036197,10,0,3,0,10.007222175598145,0.0,0.0005719661712646484,0.0,0.0,10.263914823532104,0
123,trimmed_mean,trimmed_mean,False,False,False,24,0.31556326061448103,0.6530081991358524,0.7278949950932286,0.5060147149633258,0.7011262259532066,10,0,3,0,9.675766706466675,0.0,0.0005686283111572266,0.0,0.0,9.94148588180542,0
123,trimmed_mean,trimmed_mean,False,False,False,25,0.3165806055954961,0.6449852132001733,0.731378802747792,0.508872598596421,0.7049624534087972,10,0,3,0,9.793583393096924,0.0,0.0005745887756347656,0.0,0.0,10.050737142562866,0
123,trimmed_mean,trimmed_mean,False,False,False,26,0.3157181085715266,0.6455607151259852,0.7306427870461236,0.5088370699833304,0.7045545921951709,10,0,3,0,10.554283142089844,0.0,0.0005719661712646484,0.0,0.0,10.814555406570435,0
123,trimmed_mean,trimmed_mean,False,False,False,27,0.31558784632704634,0.6395014589738331,0.7328263002944063,0.510995472130255,0.707293791003725,10,0,3,0,9.91532850265503,0.0,0.0005733966827392578,0.0,0.0,10.173805952072144,0
123,trimmed_mean,trimmed_mean,False,False,False,28,0.31613152887103113,0.6434152050972921,0.7310843964671246,0.5096846136425879,0.7053214633907289,10,0,3,0,10.155378341674805,0.0,0.0005726814270019531,0.0,0.0,10.416240215301514,0
123,trimmed_mean,trimmed_mean,False,False,False,29,0.31603655521597174,0.6451496667085148,0.7304710500490678,0.5084118258546438,0.7045375252989056,10,0,3,0,10.242738962173462,0.0,0.0005640983581542969,0.0,0.0,10.688291311264038,0
123,krum,multi_krum,False,False,False,0,0.36844637995528495,0.7675720469406472,0.6963199214916584,0.4562762834926718,0.651516462686003,10,0,3,0,9.896535634994507,0.0,0.0005667209625244141,0.0,0.0,10.157771587371826,0
123,krum,multi_krum,False,False,False,1,0.33264596538429014,0.6462359142958591,0.7110647693817468,0.47758078678443194,0.6736059515936761,10,0,3,0,10.070754528045654,0.0,0.0005388259887695312,0.0,0.0,10.32999873161316,0
123,krum,multi_krum,False,False,False,2,0.3218744942137519,0.6078533633066464,0.7254906771344455,0.5004190359963312,0.6959566452486832,10,0,3,0,10.302541971206665,0.0,0.0005359649658203125,0.0,0.0,10.563557147979736,0
123,krum,multi_krum,False,False,False,3,0.31571314308542797,0.590010031867659,0.7337340529931305,0.5123424149850295,0.7082074832401215,10,0,3,0,10.541285753250122,0.0,0.0005393028259277344,0.0,0.0,10.799056053161621,0
123,krum,multi_krum,False,False,False,4,0.3127193811920344,0.5820343736343458,0.7390578999018645,0.5196985542464596,0.7155828195770072,10,0,3,0,9.979129552841187,0.0,0.0005357265472412109,0.0,0.0,10.234969139099121,0
123,krum,multi_krum,False,False,False,5,0.3094160056797647,0.609788011545288,0.732630029440628,0.5104400645357767,0.706385456214421,10,0,3,0,10.301119327545166,0.0,0.0005350112915039062,0.0,0.0,10.561211585998535,0
123,krum,multi_krum,False,False,False,6,0.3064920968282244,0.6254396844775918,0.7305446516192345,0.5083243801738418,0.7041057015564648,10,0,3,0,10.280096769332886,0.0,0.0005323886871337891,0.0,0.0,10.537526607513428,0
123,krum,multi_krum,False,False,False,7,0.3065326306590298,0.6201362025866448,0.7351570166830226,0.5137546276986726,0.7098519493426927,10,0,3,0,10.21630573272705,0.0,0.0005538463592529297,0.0,0.0,10.476488828659058,0
123,krum,multi_krum,False,False,False,8,0.3057691742517351,0.6135256369518696,0.7366781157998037,0.5152276938373483,0.7115076433526365,10,0,3,0,9.829470157623291,0.0,0.0005323886871337891,0.0,0.0,10.264276027679443,0
123,krum,multi_krum,False,False,False,9,0.3045356226375336,0.6133452006481347,0.7362610402355251,0.5149851898558984,0.7114824215778162,10,0,3,0,10.098113536834717,0.0,0.0005638599395751953,0.0,0.0,10.358508348464966,0
123,krum,multi_krum,False,False,False,10,0.3034815193467217,0.6142760841137528,0.7375122669283611,0.5163064217816756,0.7134963363947078,10,0,3,0,11.364869117736816,0.0,0.0005574226379394531,0.0,0.0,11.659838676452637,0
123,krum,multi_krum,False,False,False,11,0.30270793758405623,0.6069283916858976,0.7405053974484789,0.5205637858480332,0.7178684666455607,10,0,3,0,12.14063811302185,0.0,0.0005624294281005859,0.0,0.0,12.44012188911438,0
123,krum,multi_krum,False,False,False,12,0.3016339224092891,0.6075271306959756,0.7416094210009814,0.5213023676444073,0.7186372323826945,10,0,3,0,12.501858949661255,0.0,0.0005605220794677734,0.0,0.0,12.796040296554565,0
123,krum,multi_krum,False,False,False,13,0.30029639673703856,0.602723722298784,0.743792934249264,0.5242169027458112,0.7212028559844978,10,0,3,0,12.548505544662476,0.0,0.0005345344543457031,0.0,0.0,12.846559047698975,0
123,krum,multi_krum,False,False,False,14,0.29978104445558407,0.6105346462560473,0.7405299313052012,0.5213805898219989,0.718187227043664,10,0,3,0,12.66913890838623,0.0,0.0005321502685546875,0.0,0.0,12.967127799987793,0
123,krum,multi_krum,False,False,False,15,0.298460696367839,0.604369840163361,0.7441364082433759,0.524966136803655,0.7222589509537677,10,0,3,0,10.62482213973999,0.0,0.0005309581756591797,0.0,0.0,10.88314938545227,0
123,krum,multi_krum,False,False,False,16,0.2982930858663187,0.6040633391585271,0.7450686947988224,0.5256475971101869,0.7229771444922148,10,0,3,0,9.933063507080078,0.0,0.0005357265472412109,0.0,0.0,10.190101861953735,0
123,krum,multi_krum,False,False,False,17,0.29913889303857405,0.5909909803336221,0.7483562315996075,0.5303035912698737,0.7278050708542972,10,0,3,0,10.096474170684814,0.0,0.0005338191986083984,0.0,0.0,10.35717487335205,0
123,krum,multi_krum,False,False,False,18,0.2972561943081089,0.622601845453953,0.7367271835132483,0.5225102687536597,0.7160337919960604,10,0,3,0,10.072550296783447,0.0,0.0005853176116943359,0.0,0.0,10.330469369888306,0
123,krum,multi_krum,False,False,False,19,0.29765003895943803,0.6016598215748915,0.7434494602551521,0.526646933307115,0.7226151796378181,10,0,3,0,9.837462663650513,0.0,0.0005357265472412109,0.0,0.0,10.276171922683716,0
123,krum,multi_krum,False,False,False,20,0.29763605499326173,0.6044564146990865,0.7447006869479882,0.5269479979025988,0.7234274953567766,10,0,3,0,10.017453908920288,0.0,0.0005309581756591797,0.0,0.0,10.275038242340088,0
123,krum,multi_krum,False,False,False,21,0.29732085362697674,0.6389837749806891,0.7395485770363102,0.5251863760102509,0.7190334600740561,10,0,3,0,10.109570026397705,0.0,0.0005321502685546875,0.0,0.0,10.36980676651001,0
123,krum,multi_krum,False,False,False,22,0.2989095730518999,0.6103449169155192,0.7439156035328753,0.5267099746806669,0.7230875619697004,10,0,3,0,9.977712631225586,0.0,0.0005319118499755859,0.0,0.0,10.235634803771973,0
123,krum,multi_krum,False,False,False,23,0.29652683598855584,0.6003363881658642,0.7469087340529932,0.5295737264054913,0.7263858186573872,10,0,3,0,10.078643321990967,0.0,0.0005347728729248047,0.0,0.0,10.339823484420776,0
123,krum,multi_krum,False,False,False,24,0.2964659825481225,0.6420031733788967,0.7389597644749755,0.5257067875671232,0.7190126204914226,10,0,3,0,9.936628818511963,0.0,0.0005397796630859375,0.0,0.0,10.195111513137817,0
123,krum,multi_krum,False,False,False,25,0.29741933120639713,0.5964711549588578,0.7542443572129539,0.5426420269813981,0.7368516047854282,10,0,3,0,9.985196113586426,0.0,0.0005371570587158203,0.0,0.0,10.241914510726929,0
123,krum,multi_krum,False,False,False,26,0.296574078105077,0.6436893496826891,0.751594700686948,0.5423143632357662,0.7353470258242651,10,0,3,0,11.115339517593384,0.0,0.0005412101745605469,0.0,0.0,11.375539302825928,0
123,krum,multi_krum,False,False,False,27,0.29722056962783483,0.5935312527552671,0.751422963689892,0.5360272487082971,0.7323834179020823,10,0,3,0,10.183509111404419,0.0,0.0005464553833007812,0.0,0.0,10.440126895904541,0
123,krum,multi_krum,False,False,False,28,0.296185984327341,0.6383450261977984,0.7422473012757606,0.5322178853591668,0.7245777501320194,10,0,3,0,11.177556991577148,0.0,0.0005409717559814453,0.0,0.0,11.46747374534607,0
123,krum,multi_krum,False,False,False,29,0.29696183700726075,0.6098403556307118,0.7450196270853778,0.5283908482183112,0.7246600102576043,10,0,3,0,10.733097314834595,0.0,0.0005431175231933594,0.0,0.0,11.169408082962036,0
123,bulyan,bulyan,False,False,False,0,0.36844637995528495,0.8188445835281986,0.6927625122669283,0.45235555057747184,0.6469408951357261,10,0,3,0,10.162800788879395,0.0,0.0008711814880371094,0.0,0.0,10.4246084690094,0
123,bulyan,bulyan,False,False,False,1,0.3341033168776387,0.67058590785093,0.7074828263002944,0.4662331928962927,0.6638401404664265,10,0,3,0,10.154274225234985,0.0,0.0008637905120849609,0.0,0.0,10.411309003829956,0
123,bulyan,bulyan,False,False,False,2,0.3234067433047434,0.6389941588936189,0.7174190382728165,0.4855619171050536,0.6817579484199824,10,0,3,0,9.937293529510498,0.0,0.0008482933044433594,0.0,0.0,10.198882102966309,0
123,bulyan,bulyan,False,False,False,3,0.31771463925412397,0.6191462613181581,0.7262512266928361,0.4991946222676462,0.6955623010935135,10,0,3,0,9.961867570877075,0.0,0.0008592605590820312,0.0,0.0,10.219130516052246,0
123,bulyan,bulyan,False,False,False,4,0.3149309335204278,0.6080443939119139,0.73103532875368,0.5062750941341385,0.7026687215432306,10,0,3,0,10.59058928489685,0.0,0.0008661746978759766,0.0,0.0,10.85402226448059,0
123,bulyan,bulyan,False,False,False,5,0.31252153516631437,0.59765749361377,0.735279685966634,0.5130567062345641,0.7090876851930084,10,0,3,0,12.359946250915527,0.0,0.0008602142333984375,0.0,0.0,12.627095699310303,0
123,bulyan,bulyan,False,False,False,6,0.3084410805082535,0.5920031449277688,0.7391315014720314,0.5198414317314327,0.7153265290038554,10,0,3,0,12.184494972229004,0.0,0.0008840560913085938,0.0,0.0,12.483872652053833,0
123,bulyan,bulyan,False,False,False,7,0.30775220843130013,0.5884490143211597,0.7417811579980373,0.5232683504926485,0.7187561584851139,10,0,3,0,13.10191035270691,0.0,0.0008528232574462891,0.0,0.0,13.395869970321655,0
123,bulyan,bulyan,False,False,False,8,0.30666383242748885,0.5809907832721265,0.7451422963689892,0.5280621109879745,0.7234242100425755,10,0,3,0,11.531866073608398,0.0,0.0008645057678222656,0.0,0.0,12.007842779159546,0
123,bulyan,bulyan,False,False,False,9,0.30429400204794976,0.5753336111860491,0.7467860647693817,0.5301243693343723,0.725598440146957,10,0,3,0,11.942162990570068,0.0,0.0008580684661865234,0.0,0.0,12.226310729980469,0
123,bulyan,bulyan,False,False,False,10,0.3026160318121699,0.5699159676474139,0.7494847890088322,0.5335186478870904,0.7291183686132376,10,0,3,0,10.127004861831665,0.0,0.0008559226989746094,0.0,0.0,10.388324975967407,0
123,bulyan,bulyan,False,False,False,11,0.30198460246852277,0.5664428366529111,0.7526987242394504,0.5379832555384214,0.7336517092979558,10,0,3,0,9.9034583568573,0.0,0.0008771419525146484,0.0,0.0,10.161448001861572,0
123,bulyan,bulyan,False,False,False,12,0.30054013484273157,0.5662022808700127,0.7526005888125613,0.5382848853393825,0.7336445649120098,10,0,3,0,10.06493616104126,0.0,0.0008499622344970703,0.0,0.0,10.325962543487549,0
123,bulyan,bulyan,False,False,False,13,0.2985097244068621,0.5641381066259622,0.7536064769381747,0.539834830265729,0.7350472656833974,10,0,3,0,10.141058206558228,0.0,0.0009307861328125,0.0,0.0,10.40015983581543,0
123,bulyan,bulyan,False,False,False,14,0.2981527991617085,0.5679518088508284,0.7526987242394504,0.5376824275069545,0.7333528666031377,10,0,3,0,10.278312921524048,0.0,0.0008606910705566406,0.0,0.0,10.539921283721924,0
123,bulyan,bulyan,False,False,False,15,0.296589419303924,0.5603863103115991,0.755593719332679,0.5420685427888092,0.7375419765356217,10,0,3,0,10.114218473434448,0.0,0.0008680820465087891,0.0,0.0,10.372605323791504,0
123,bulyan,bulyan,False,False,False,16,0.29615517420253756,0.5567773513868817,0.7568204121687929,0.5440604456628682,0.7395067152934797,10,0,3,0,10.245106220245361,0.0,0.0008549690246582031,0.0,0.0,10.506495237350464,0
123,bulyan,bulyan,False,False,False,17,0.2957145458206531,0.5475626787329796,0.7605986261040235,0.5494126677966632,0.744632305856862,10,0,3,0,9.983237743377686,0.0,0.0008873939514160156,0.0,0.0,10.24153733253479,0
123,bulyan,bulyan,False,False,False,18,0.29507783385540476,0.5863274676292053,0.7609666339548578,0.5527249061526571,0.7461169633550127,10,0,3,0,10.060428857803345,0.0,0.000919342041015625,0.0,0.0,10.321864366531372,0
123,bulyan,bulyan,False,False,False,19,0.294998686259423,0.5506172210124337,0.7602306182531894,0.5492776885440432,0.744258908752303,10,0,3,0,10.061394214630127,0.0,0.0008687973022460938,0.0,0.0,10.498671293258667,0
123,bulyan,bulyan,False,False,False,20,0.29424887476381906,0.5544238516346162,0.7599852796859666,0.5489012106754273,0.7438628645197534,10,0,3,0,9.778976440429688,0.0,0.0008563995361328125,0.0,0.0,10.036253929138184,0
123,bulyan,bulyan,False,False,False,21,0.29432015056387845,0.5823075868196647,0.753900883218842,0.5403405278653648,0.735536233729785,10,0,3,0,9.932336568832397,0.0,0.0008807182312011719,0.0,0.0,10.194143772125244,0
123,bulyan,bulyan,False,False,False,22,0.29448149120968764,0.551586637038361,0.7612855740922473,0.54993634676916,0.7456637917843951,10,0,3,0,9.582873344421387,0.0,0.0009164810180664062,0.0,0.0,9.840070724487305,0
123,bulyan,bulyan,False,False,False,23,0.2931965703091957,0.5509725119578592,0.7602551521099117,0.5481038244121985,0.7438614351456243,10,0,3,0,10.172620296478271,0.0,0.0008554458618164062,0.0,0.0,10.434474229812622,0
123,bulyan,bulyan,False,False,False,24,0.29265256628476477,0.5958758428122508,0.7620461236506378,0.5538110275246471,0.747283479867038,10,0,3,0,10.065456628799438,0.0,0.0008757114410400391,0.0,0.0,10.323853254318237,0
123,bulyan,bulyan,False,False,False,25,0.29339317324087666,0.6174054191671714,0.7630520117762513,0.555981256143336,0.7490018234971199,10,0,3,0,9.961342334747314,0.0,0.0008671283721923828,0.0,0.0,10.22233271598816,0
123,bulyan,bulyan,False,False,False,26,0.29382216060934835,0.5456664582347027,0.7609175662414132,0.5500305375818905,0.745260866950114,10,0,3,0,9.771354675292969,0.0,0.0008788108825683594,0.0,0.0,10.02962064743042,0
123,bulyan,bulyan,False,False,False,27,0.29255340375180855,0.5416830210737205,0.7624141315014721,0.5510666382379401,0.7470349324057356,10,0,3,0,10.070862293243408,0.0,0.0008590221405029297,0.0,0.0,10.332210302352905,0
123,bulyan,bulyan,False,False,False,28,0.2915640915717266,0.5742039599058322,0.7528213935230619,0.5404590804936287,0.7353595736463486,10,0,3,0,9.832948684692383,0.0,0.0008571147918701172,0.0,0.0,10.093762874603271,0
123,bulyan,bulyan,False,False,False,29,0.29275136847840105,0.5898415719912963,0.7467124631992149,0.5333428873897937,0.728224001054719,10,0,3,0,12.136408567428589,0.0,0.0008633136749267578,0.0,0.0,12.612920045852661,0
123,foolsgold,foolsgold,False,False,False,0,0.36844637995528495,1.4368867254584765,0.47463199214916585,0.25201992404005696,0.3572685764086895,10,0,3,0,12.738881349563599,0.0,0.0007565021514892578,0.0,0.0,13.035702228546143,0
123,foolsgold,foolsgold,False,False,False,1,0.34834336292556334,1.5759703212210194,0.4230863591756624,0.23056579550564044,0.3272402119976456,10,0,3,0,12.469758987426758,0.0,0.0007054805755615234,0.0,0.0,12.762560606002808,0
123,foolsgold,foolsgold,False,False,False,2,0.35093244925493094,1.565769301125299,0.4850098135426889,0.2552959946608321,0.36149902014527263,10,0,3,0,12.914660930633545,0.0,0.0007181167602539062,0.0,0.0,13.208918333053589,0
123,foolsgold,foolsgold,False,False,False,3,0.35239988413338325,1.8974310787900974,0.3929587831207066,0.20886650213110178,0.2958221113886784,10,0,3,0,12.169888019561768,0.0,0.0007023811340332031,0.0,0.0,12.430934429168701,0
123,foolsgold,foolsgold,False,False,False,4,0.35995445442679846,2.2860279566172412,0.371099116781158,0.18292872226670123,0.2575346998397072,10,0,3,0,9.849138259887695,0.0,0.0007176399230957031,0.0,0.0,10.105662822723389,0
123,foolsgold,foolsgold,False,False,False,5,0.36294649041628635,2.6074594604372394,0.3718351324828263,0.1837681202413459,0.25877332917529683,10,0,3,0,9.75637173652649,0.0,0.0007030963897705078,0.0,0.0,10.01674771308899,0
123,foolsgold,foolsgold,False,False,False,6,0.36791606233067803,3.1832559302931798,0.4159224730127576,0.2226851016043469,0.31526246653578127,10,0,3,0,9.62157392501831,0.0,0.0007011890411376953,0.0,0.0,9.879207611083984,0
123,foolsgold,foolsgold,False,False,False,7,0.36770711338855977,3.132733004554097,0.4179342492639843,0.22382994774332504,0.3168601253070489,10,0,3,0,10.0834219455719,0.0,0.0007119178771972656,0.0,0.0,10.344006776809692,0
123,foolsgold,foolsgold,False,False,False,8,0.3759004572782184,2.4238218867158747,0.5145240431795879,0.2681525889782296,0.37890937637010863,10,0,3,0,10.751008987426758,0.0,0.0007252693176269531,0.0,0.0,11.187986612319946,0
123,foolsgold,foolsgold,False,False,False,9,0.370086242733886,2.4388708801569017,0.5169774288518155,0.2695825508552681,0.3809324341871734,10,0,3,0,9.954086065292358,0.0,0.0007112026214599609,0.0,0.0,10.2163565158844,0
123,foolsgold,foolsgold,False,False,False,10,0.3710712555050836,2.194898083867456,0.5181305201177625,0.27042466201477594,0.38208870234599057,10,0,3,0,9.849046468734741,0.0,0.0007193088531494141,0.0,0.0,10.10880446434021,0
123,foolsgold,foolsgold,False,False,False,11,0.37388970834668606,2.14925582930665,0.5185475956820412,0.27069739916590296,0.38242558096195456,10,0,3,0,9.87452507019043,0.0,0.0007069110870361328,0.0,0.0,10.132911920547485,0
123,foolsgold,foolsgold,False,False,False,12,0.3796840644179472,1.8055616114862534,0.531746810598626,0.2893135913006676,0.40979835870314496,10,0,3,0,9.825700283050537,0.0,0.0007035732269287109,0.0,0.0,10.095219135284424,0
123,foolsgold,foolsgold,False,False,False,13,0.377961496478391,1.7983678306751794,0.5571148184494602,0.32478260098858036,0.4619940985599009,10,0,3,0,9.723533153533936,0.0,0.0007033348083496094,0.0,0.0,9.982361078262329,0
123,foolsgold,foolsgold,False,False,False,14,0.3835863988298624,1.8777037645813528,0.591045142296369,0.36002170404064,0.5138691787078508,10,0,3,0,10.154412031173706,0.0,0.0007159709930419922,0.0,0.0,10.415966272354126,0
123,foolsgold,foolsgold,False,False,False,15,0.3962598073920359,1.9336235398282247,0.6117271835132483,0.3748714082783941,0.5357244584320437,10,0,3,0,9.946990251541138,0.0,0.0007202625274658203,0.0,0.0,10.205074548721313,0
123,foolsgold,foolsgold,False,False,False,16,0.40375220683615015,1.972344341783458,0.6073356231599607,0.3682367982950947,0.5259627517845034,10,0,3,0,10.311158180236816,0.0,0.0007236003875732422,0.0,0.0,10.572339534759521,0
123,foolsgold,foolsgold,False,False,False,17,0.4180649445596213,2.2308324212999877,0.6042443572129539,0.36517103702399656,0.5214320224845209,10,0,3,0,10.140100955963135,0.0,0.000705718994140625,0.0,0.0,10.397931575775146,0
123,foolsgold,foolsgold,False,False,False,18,0.4505808241785886,2.292186972905422,0.6050785083415113,0.36600398812993296,0.5226680433212112,10,0,3,0,10.20498776435852,0.0,0.0007102489471435547,0.0,0.0,10.64357590675354,0
123,foolsgold,foolsgold,False,False,False,19,0.4634507184816375,2.5170262030694155,0.6052502453385672,0.3661078322115938,0.5228267185737041,10,0,3,0,9.919431447982788,0.0,0.0007090568542480469,0.0,0.0,10.17754316329956,0
123,foolsgold,foolsgold,False,False,False,20,0.5043114980015229,2.6560481497303194,0.6053238469087341,0.3660391578172946,0.5227131409309538,10,0,3,0,10.279228210449219,0.0,0.0007102489471435547,0.0,0.0,10.536596536636353,0
123,foolsgold,foolsgold,False,False,False,21,0.5457832398821924,2.728670677656748,0.6055201177625122,0.36627388529868204,0.5230627438608325,10,0,3,0,10.061246871948242,0.0,0.0007035732269287109,0.0,0.0,10.322360038757324,0
123,foolsgold,foolsgold,False,False,False,22,0.5777670596489091,2.725612873230879,0.6057409224730128,0.36664076451287536,0.5236179461289627,10,0,3,0,10.421949625015259,0.0,0.0007119178771972656,0.0,0.0,10.67889952659607,0
123,foolsgold,foolsgold,False,False,False,23,0.5983532208819724,2.8317351875642096,0.6057409224730128,0.3665998615587475,0.5235583563811431,10,0,3,0,10.725065231323242,0.0,0.0007102489471435547,0.0,0.0,10.98680329322815,0
123,foolsgold,foolsgold,False,False,False,24,0.65371166529892,2.918390278914492,0.6062806673209028,0.367025469116378,0.5241796371936545,10,0,3,0,10.775399446487427,0.0,0.0006997585296630859,0.0,0.0,11.056678295135498,0
123,foolsgold,foolsgold,False,False,False,25,0.6668402064593458,2.930591937393623,0.6103042198233563,0.3706119370209291,0.5294675828359193,10,0,3,0,10.763475179672241,0.0,0.0007026195526123047,0.0,0.0,11.024543762207031,0
123,foolsgold,foolsgold,False,False,False,26,0.7156140274861642,2.8865470309720775,0.6123405299313052,0.3739600917347171,0.5343941989263187,10,0,3,0,10.93456244468689,0.0,0.0007083415985107422,0.0,0.0,11.191086292266846,0
123,foolsgold,foolsgold,False,False,False,27,0.7140422647834846,2.9194496910986185,0.6145485770363102,0.37675586415182716,0.5384714277409383,10,0,3,0,11.028107643127441,0.0,0.000705718994140625,0.0,0.0,11.293986082077026,0
123,foolsgold,foolsgold,False,False,False,28,0.7574383404946626,2.9350787401433314,0.6127821393523062,0.3737708008893254,0.5341084714614445,10,0,3,0,10.977869272232056,0.0,0.0007059574127197266,0.0,0.0,11.23662281036377,0
123,foolsgold,foolsgold,False,False,False,29,0.7554391750118504,2.9963546767903964,0.6132237487733072,0.37496939293174936,0.5358754674896554,10,0,3,0,10.666001081466675,0.0,0.0007364749908447266,0.0,0.0,11.110331773757935,0
123,fedavg_he,fedavg,True,False,False,0,0.36844637995528495,1.5435430854295724,0.6045878312070657,0.3851681467658042,0.5500152509889098,10,0,3,0,10.146249532699585,6.727598667144775,3.371858596801758,0.1962270736694336,0.0,20.742845058441162,12062720
123,fedavg_he,fedavg,True,False,False,1,0.34856709130126606,0.9919571402028452,0.6321638861629048,0.4035294721456669,0.5765924138413541,10,0,3,0,9.766083240509033,5.535601615905762,3.3678712844848633,0.1919856071472168,0.0,19.159842252731323,12062720
123,fedavg_he,fedavg,True,False,False,2,0.3377710483041173,0.7974220537928768,0.6321393523061826,0.40287289852866265,0.5756934380942041,10,0,3,0,10.07740330696106,5.536899566650391,3.371262311935425,0.19358038902282715,0.0,19.47925114631653,12062720
123,fedavg_he,fedavg,True,False,False,3,0.33172983917199805,0.7542918990474922,0.6568204121687929,0.42639305447574594,0.6093795985086218,10,0,3,0,10.024746656417847,5.576483964920044,3.37331223487854,0.20531082153320312,0.0,19.47653818130493,12062720
123,fedavg_he,fedavg,True,False,False,4,0.3301035654719927,0.7485303360299811,0.6676153091265947,0.43539270730231866,0.6221630102220881,10,0,3,0,10.092989683151245,5.54462194442749,3.3582215309143066,0.1941084861755371,0.0,19.489380836486816,12062720
123,fedavg_he,fedavg,True,False,False,5,0.327831195132403,0.7412759363475796,0.6791462217860648,0.44421717098928737,0.634432646148144,10,0,3,0,10.307841539382935,5.6234705448150635,3.154886245727539,0.39995861053466797,0.0,19.79203200340271,12062720
123,fedavg_he,fedavg,True,False,False,6,0.32626499313000573,0.7460281102533313,0.6818940137389597,0.4464994471591573,0.6376790994186986,10,0,3,0,9.958637237548828,5.505125999450684,3.1579856872558594,0.19678568840026855,0.0,19.321775913238525,12062720
123,fedavg_he,fedavg,True,False,False,7,0.3263994193585587,0.7458674766832526,0.6881501472031404,0.45106953568571684,0.6440121545591643,10,0,3,0,9.99181842803955,5.581082582473755,3.166214942932129,0.2008962631225586,0.0,19.447232484817505,12062720
123,fedavg_he,fedavg,True,False,False,8,0.32761328125089073,0.7388543904822052,0.6933758586849853,0.45497884454958126,0.6494595184692219,10,0,3,0,10.124809503555298,5.546101331710815,3.160125255584717,0.1958179473876953,0.0,19.53446316719055,12062720
123,fedavg_he,fedavg,True,False,False,9,0.32710566886867953,0.7345222869962893,0.6934985279685967,0.45508844434116263,0.6495705163217129,10,0,3,0,9.980892181396484,5.583484411239624,3.161903142929077,0.19584870338439941,0.0,19.430715322494507,12062720
123,fedavg_he,fedavg,True,False,False,10,0.32862772593117556,0.731808414777432,0.6942590775269872,0.45575336084389106,0.6505301373794411,10,0,3,0,10.232095003128052,5.5549468994140625,3.156248092651367,0.19491171836853027,0.0,19.642834424972534,12062720
123,fedavg_he,fedavg,True,False,False,11,0.32899185468128633,0.7327889634301782,0.6956820412168793,0.45678145208293763,0.651924802483378,10,0,3,0,9.960383653640747,5.559857606887817,3.149203300476074,0.19523096084594727,0.0,19.371119499206543,12062720
123,fedavg_he,fedavg,True,False,False,12,0.32836378455295867,0.7292045346186136,0.6993866535819431,0.4593944869332743,0.6555440195118124,10,0,3,0,10.053335905075073,5.541110038757324,3.154789924621582,0.2060847282409668,0.0,19.46255922317505,12062720
123,fedavg_he,fedavg,True,False,False,13,0.3293713847252167,0.7266741901431397,0.6997301275760549,0.4597532135862996,0.656031039093652,10,0,3,0,10.086167573928833,5.577465534210205,3.1808552742004395,0.19582843780517578,0.0,19.34367060661316,12062720
123,fedavg_he,fedavg,True,False,False,14,0.3292229915663141,0.7353521689582503,0.6952404317958784,0.4565150637234649,0.6514895910887701,10,0,3,0,10.199291467666626,5.674558639526367,3.1586172580718994,0.19427084922790527,0.0,19.522760152816772,12062720
123,fedavg_he,fedavg,True,False,False,15,0.32973425322206223,0.7264288141402225,0.6987978410206085,0.4591241167305228,0.6551012822114696,10,0,3,0,10.330516576766968,5.68929123878479,3.168257236480713,0.20626544952392578,0.0,19.697688817977905,12062720
123,fedavg_he,fedavg,True,False,False,16,0.3292332506808234,0.7298651997544697,0.6971540726202159,0.4579115378998892,0.653392730726474,10,0,3,0,10.593610525131226,5.673089981079102,3.1593971252441406,0.1982426643371582,0.0,19.92611312866211,12062720
123,fedavg_he,fedavg,True,False,False,17,0.3314806217351525,0.7175755539165044,0.6987242394504416,0.4591744543736791,0.6552300566211978,10,0,3,0,11.150967836380005,5.699840068817139,3.1705172061920166,0.1974334716796875,0.0,20.515109300613403,12062720
123,fedavg_he,fedavg,True,False,False,18,0.3303118802054833,0.7173172116864535,0.6954121687929342,0.45684940931286366,0.6519603815293459,10,0,3,0,12.069719552993774,5.689708232879639,3.1699767112731934,0.20498013496398926,0.0,21.432438611984253,12062720
123,fedavg_he,fedavg,True,False,False,19,0.32977551355316004,0.7158893334385925,0.6951913640824338,0.4567719612035024,0.6518775583759484,10,0,3,0,12.73711347579956,5.707502841949463,3.157790184020996,0.19814252853393555,0.0,22.10255193710327,12062720
123,fedavg_he,fedavg,True,False,False,20,0.3300399443851905,0.7271028962289737,0.6936457311089304,0.45551320731164446,0.6500379131803299,10,0,3,0,12.254262447357178,5.762869596481323,3.162081241607666,0.20576190948486328,0.0,21.682488918304443,12062720
123,fedavg_he,fedavg,True,False,False,21,0.33286890862770113,0.7249584763277033,0.6965897939156035,0.457645761642815,0.653004386562365,10,0,3,0,12.667557954788208,5.659992456436157,3.1688971519470215,0.20494699478149414,0.0,21.999197959899902,12062720
123,fedavg_he,fedavg,True,False,False,22,0.3316305289751338,0.7327503372806328,0.6948969578017664,0.4564121564218294,0.6513464234964338,10,0,3,0,11.306411743164062,5.672738552093506,3.164886474609375,0.201629638671875,0.0,20.64608144760132,12062720
123,fedavg_he,fedavg,True,False,False,23,0.33123471463887005,0.7270347647624816,0.6976447497546614,0.4585571915744805,0.6543761670654916,10,0,3,0,9.82431674003601,5.7833733558654785,3.198167562484741,0.19481134414672852,0.0,19.301156044006348,12062720
123,fedavg_he,fedavg,True,False,False,24,0.33042430730342753,0.7304707026458231,0.69946025515211,0.4598511064977822,0.6562085640283423,10,0,3,0,10.917555809020996,5.699029445648193,3.192748546600342,0.20462584495544434,0.0,20.312047719955444,12062720
123,fedavg_he,fedavg,True,False,False,25,0.33027718489011043,0.7212228477410643,0.7012266928361138,0.4612043794613524,0.6581342357489709,10,0,3,0,10.912749767303467,5.567501783370972,3.3567469120025635,0.2015821933746338,0.0,20.338764667510986,12062720
123,fedavg_he,fedavg,True,False,False,26,0.3322266181650829,0.7235459422222883,0.7009813542688911,0.4610987126855346,0.6579950968716387,10,0,3,0,10.190120458602905,5.566218137741089,3.3750176429748535,0.19595742225646973,0.0,19.625199556350708,12062720
123,fedavg_he,fedavg,True,False,False,27,0.32908353887735486,0.7170887131920273,0.7051521099116781,0.46448241577359045,0.6629390120642673,10,0,3,0,10.101147651672363,5.588629484176636,3.365267038345337,0.1948375701904297,0.0,19.55548667907715,12062720
123,fedavg_he,fedavg,True,False,False,28,0.33531681941641367,0.718879985715737,0.7027723258096172,0.46258505239036063,0.6602126423403246,10,0,3,0,11.09224557876587,5.602940559387207,3.364844560623169,0.20091485977172852,0.0,20.568561553955078,12062720
123,fedavg_he,fedavg,True,False,False,29,0.3314745777921583,0.7202511219327887,0.7028213935230618,0.46295441428332024,0.6608453732545769,10,0,3,0,10.215515851974487,5.628352165222168,3.3656632900238037,0.19479966163635254,0.0,19.70133399963379,12062720
123,fedavg_he_fuzzy,fedavg,True,True,False,0,0.36844637995528495,0.8387348583097898,0.6950932286555447,0.45828772068571966,0.6546599344458601,10,0,3,0,9.767916440963745,5.573826313018799,3.522528648376465,0.19765949249267578,0.2989463806152344,19.658761739730835,12062720
123,fedavg_he_fuzzy,fedavg,True,True,False,1,0.33457623333826175,0.6789876157331981,0.7040971540726202,0.46353098109779317,0.6605329513919627,10,0,3,0,10.154244422912598,5.712395906448364,3.5453758239746094,0.19563508033752441,0.09523463249206543,20.03375792503357,12062720
123,fedavg_he_fuzzy,fedavg,True,True,False,2,0.32455629053160345,0.6441110582885143,0.7107458292443573,0.47705609353148626,0.672636780821295,10,0,3,0,10.030598163604736,5.752810716629028,3.475163459777832,0.1965024471282959,0.09900522232055664,19.849713802337646,12062720
123,fedavg_he_fuzzy,fedavg,True,True,False,3,0.31922425946397615,0.6245420716110693,0.7206329735034347,0.49174163670984716,0.6880405215945649,10,0,3,0,10.14285659790039,5.768871784210205,3.5500521659851074,0.19570112228393555,0.09510374069213867,20.260520458221436,12062720
123,fedavg_he_fuzzy,fedavg,True,True,False,4,0.3167650087393386,0.6128257631670622,0.7265456329735034,0.5011282272499351,0.69735820053877,10,0,3,0,10.340311050415039,5.870906114578247,4.089426040649414,0.19268465042114258,0.09917116165161133,20.889772176742554,12062720
123,fedavg_he_fuzzy,fedavg,True,True,False,5,0.3146033261102078,0.6006481316653506,0.7305201177625122,0.5070057928319547,0.7031411496937827,10,0,3,0,11.23663067817688,5.579505205154419,3.779862642288208,0.2014174461364746,0.09391641616821289,21.19056463241577,12062720
123,fedavg_he_fuzzy,fedavg,True,True,False,6,0.31142506566555495,0.5990010359804343,0.7326054955839058,0.5107606525365397,0.70694663309818,10,0,3,0,10.189495086669922,5.544645309448242,3.544097900390625,0.20332050323486328,0.3006095886230469,20.079179525375366,12062720
123,fedavg_he_fuzzy,fedavg,True,True,False,7,0.31044356321610256,0.5902351955904226,0.7373895976447498,0.5168934811757271,0.7132009772890217,10,0,3,0,10.07487177848816,5.740731477737427,3.5358781814575195,0.20887088775634766,0.09572243690490723,19.95581555366516,12062720
123,fedavg_he_fuzzy,fedavg,True,True,False,8,0.309828229279982,0.580565047334291,0.7400883218842002,0.5207013743275316,0.7167520311243905,10,0,3,0,10.259952306747437,5.71537446975708,3.5406365394592285,0.20255279541015625,0.1007227897644043,20.120055675506592,12062720
123,fedavg_he_fuzzy,fedavg,True,True,False,9,0.30836239065071924,0.5796476264931152,0.7429833169774288,0.524544205375196,0.7214384101469107,10,0,3,0,10.859740018844604,5.703022241592407,3.535108804702759,0.19792819023132324,0.09221363067626953,20.683258295059204,12062720
123,fedavg_he_fuzzy,fedavg,True,True,False,10,0.3069286878519796,0.5743358952725367,0.7476692836113837,0.5302049656872279,0.7281969399797471,10,0,3,0,9.888734340667725,5.7153379917144775,3.5565974712371826,0.20435214042663574,0.09881877899169922,19.767365217208862,12062720
123,fedavg_he_fuzzy,fedavg,True,True,False,11,0.30655586180913874,0.5711145986869595,0.7507114818449461,0.5333771434770584,0.732110625716915,10,0,3,0,9.98841381072998,5.710326671600342,3.8003273010253906,0.1970841884613037,0.09650254249572754,20.094904899597168,12062720
123,fedavg_he_fuzzy,fedavg,True,True,False,12,0.30486859012117984,0.5703077029901117,0.7498037291462217,0.5322913497594917,0.7299557749575801,10,0,3,0,11.673363208770752,5.608291149139404,3.763672351837158,0.19336795806884766,0.09057068824768066,21.625105381011963,12062720
123,fedavg_he_fuzzy,fedavg,True,True,False,13,0.3036404577279669,0.5667067597962924,0.7505397448478901,0.5333435185141575,0.7308369186546664,10,0,3,0,12.269893884658813,5.538749694824219,3.5407555103302,0.19405627250671387,0.300370454788208,22.14309525489807,12062720
123,fedavg_he_fuzzy,fedavg,True,True,False,14,0.30337439828965906,0.5698305101928112,0.7511285574092247,0.5339718056897873,0.732042613176371,10,0,3,0,12.438311338424683,5.727020978927612,3.6127452850341797,0.20705890655517578,0.10119032859802246,22.391021490097046,12062720
123,fedavg_he_fuzzy,fedavg,True,True,False,15,0.30155981329240955,0.5642811139736607,0.7540480863591756,0.5375532554021767,0.735878998567583,10,0,3,0,12.477920293807983,5.745959758758545,3.5404319763183594,0.1975696086883545,0.0962531566619873,22.357308387756348,12062720
123,fedavg_he_fuzzy,fedavg,True,True,False,16,0.3014329189507547,0.5620351924278552,0.75549558390579,0.539090526372264,0.7375771796182687,10,0,3,0,12.87391471862793,5.691056251525879,3.7423465251922607,0.194411039352417,0.09395813941955566,22.89063262939453,12062720
123,fedavg_he_fuzzy,fedavg,True,True,False,17,0.3011348964668446,0.5555239122445029,0.7574828263002944,0.542072544739849,0.7407329432779459,10,0,3,0,11.257972717285156,5.5963451862335205,3.777498722076416,0.20597481727600098,0.09675788879394531,21.24169659614563,12062720
123,fedavg_he_fuzzy,fedavg,True,True,False,18,0.30024295513035315,0.5566308730015928,0.7567958783120706,0.5410812107432189,0.739460415203446,10,0,3,0,11.901227474212646,5.585261821746826,3.555553436279297,0.20525288581848145,0.3144495487213135,21.865503311157227,12062720
123,fedavg_he_fuzzy,fedavg,True,True,False,19,0.299802957670803,0.5562230597768377,0.758243375858685,0.5421746392733797,0.7410778197235603,10,0,3,0,10.177999496459961,5.777857303619385,3.508528232574463,0.20029234886169434,0.10675907135009766,20.07093906402588,12062720
123,fedavg_he_fuzzy,fedavg,True,True,False,20,0.2995486812120133,0.5595430862681321,0.755765456329735,0.5399339924645925,0.7376787041635399,10,0,3,0,9.972080707550049,5.693759441375732,3.524381160736084,0.2058253288269043,0.0940713882446289,19.787033557891846,12062720
123,fedavg_he_fuzzy,fedavg,True,True,False,21,0.2986551610537262,0.5575620492143416,0.7563297350343474,0.5405871710919503,0.738265299026972,10,0,3,0,10.096464395523071,5.790585517883301,3.5501155853271484,0.19649982452392578,0.10172867774963379,20.039348602294922,12062720
123,fedavg_he_fuzzy,fedavg,True,True,False,22,0.2987627410861059,0.5590675720873712,0.7592001962708538,0.5434241798912738,0.7429852397701356,10,0,3,0,9.723410844802856,5.724153518676758,3.557657480239868,0.4284234046936035,0.11398839950561523,19.84873652458191,12062720
123,fedavg_he_fuzzy,fedavg,True,True,False,23,0.29767104921882004,0.5539237339667413,0.7606476938174681,0.5448565089208113,0.7441593884579888,10,0,3,0,10.195106744766235,5.543745517730713,3.7301251888275146,0.1964402198791504,0.09568166732788086,20.05974817276001,12062720
123,fedavg_he_fuzzy,fedavg,True,True,False,24,0.2971624970968403,0.5570147183973259,0.7590284592737978,0.5421275795453784,0.7415455620584136,10,0,3,0,10.031548738479614,5.520956039428711,3.773895740509033,0.19574666023254395,0.09783792495727539,19.920443058013916,12062720
123,fedavg_he_fuzzy,fedavg,True,True,False,25,0.29698483378467866,0.5526400318089598,0.7619970559371934,0.5459900733932844,0.7458095806402005,10,0,3,0,10.033102750778198,5.572672128677368,3.547603130340576,0.2019205093383789,0.31011056900024414,19.96170210838318,12062720
123,fedavg_he_fuzzy,fedavg,True,True,False,26,0.2965543935906584,0.5504959810236368,0.7616045142296369,0.546568677499154,0.7460729612904174,10,0,3,0,10.105664253234863,5.340242862701416,3.5089735984802246,0.18992185592651367,0.1288280487060547,19.573538064956665,12062720
123,fedavg_he_fuzzy,fedavg,True,True,False,27,0.29634721427095434,0.5468974449449713,0.7628312070657507,0.5481913772912248,0.7479989137278082,10,0,3,0,9.951844692230225,5.3209967613220215,3.5178685188293457,0.18511533737182617,0.09984064102172852,19.379410982131958,12062720
123,fedavg_he_fuzzy,fedavg,True,True,False,28,0.2954971057190721,0.5482024472641874,0.7617762512266928,0.5466536249780436,0.7459908944315115,10,0,3,0,9.646352767944336,5.304640769958496,3.561218738555908,0.18505167961120605,0.10177826881408691,19.097453355789185,12062720
123,fedavg_he_fuzzy,fedavg,True,True,False,29,0.2959465746884463,0.5526719652050494,0.7597890088321885,0.5448091194748388,0.7441320431922471,10,0,3,0,10.142113208770752,5.335550785064697,3.5677883625030518,0.1890575885772705,0.09760284423828125,19.631704330444336,12062720
123,full_system,fedavg,True,True,True,0,0.36844637995528495,0.7600403910179251,0.6947006869479883,0.4568720189651525,0.6526814889354771,7,3,3,3,10.095975399017334,5.0936009883880615,2.1694889068603516,0.19019126892089844,0.3015785217285156,18.158019542694092,12062720
123,full_system,fedavg,True,True,True,1,0.3321648302905692,0.6434216679955839,0.7116781157998038,0.4767569900084972,0.6734565075435497,7,3,3,3,9.851777791976929,5.22195839881897,2.2363157272338867,0.18157720565795898,0.1019432544708252,17.900410413742065,12062720
123,full_system,fedavg,True,True,True,2,0.32115261002965323,0.6054346078979372,0.7265701668302257,0.5010260096774743,0.6969859993486853,7,3,3,3,10.374876499176025,5.275571346282959,2.2215139865875244,0.18556427955627441,0.10077285766601562,18.462898015975952,12062720
123,full_system,fedavg,True,True,True,3,0.3151761310255668,0.588354107348561,0.7347154072620216,0.514032829621677,0.7098032087788542,7,3,3,3,9.833104372024536,5.287921667098999,2.2732930183410645,0.18458914756774902,0.09618306159973145,17.972909688949585,12062720
123,full_system,fedavg,True,True,True,4,0.31194593266442905,0.5800860718492202,0.7403091265947007,0.5214510165434945,0.7173497005439501,7,3,3,3,10.102663040161133,5.255946636199951,2.342865228652954,0.18499016761779785,0.09846687316894531,18.29063630104065,12062720
123,full_system,fedavg,True,True,True,5,0.30896730807482803,0.5697375057022049,0.7466143277723258,0.530172439638573,0.7260375795339439,7,3,3,3,10.095308303833008,5.223712921142578,2.2264318466186523,0.19589519500732422,0.09943246841430664,18.146788120269775,12062720
123,full_system,fedavg,True,True,True,6,0.3046007831422074,0.566542554860962,0.7497055937193327,0.5356933746210035,0.7313607141397215,7,3,3,3,9.918839454650879,5.32965874671936,2.3664965629577637,0.19303536415100098,0.09888672828674316,18.21682119369507,12062720
123,full_system,fedavg,True,True,True,7,0.30361167711196224,0.5568279464766602,0.7536064769381747,0.5402597573755659,0.7360821413521751,7,3,3,3,10.122791528701782,5.272294044494629,2.341737985610962,0.19139361381530762,0.0964043140411377,18.32763981819153,12062720
123,full_system,fedavg,True,True,True,8,0.3020870420539245,0.5480098773031638,0.7555201177625123,0.5435283865773186,0.7387929227242855,7,3,3,3,10.228675603866577,5.263924598693848,2.236889600753784,0.1858515739440918,0.09722065925598145,18.313241004943848,12062720
123,full_system,fedavg,True,True,True,9,0.2999842398693433,0.5465416830585094,0.7622178606476938,0.5497488268974988,0.7474341372382972,7,3,3,3,10.302501678466797,5.29372239112854,2.267767906188965,0.18747496604919434,0.1061253547668457,18.66883945465088,12062720
123,full_system,fedavg,True,True,True,10,0.29806726035204767,0.5406954083054293,0.764720314033366,0.5537970972383337,0.750891832008144,7,3,3,3,9.742131471633911,5.09100866317749,2.2450435161590576,0.38419342041015625,0.09693360328674316,17.85978889465332,12062720
123,full_system,fedavg,True,True,True,11,0.29710424907340394,0.536022124884758,0.7667566241413151,0.5564949426584227,0.753816516296424,7,3,3,3,11.172584295272827,5.065143346786499,2.468053102493286,0.19318747520446777,0.09670877456665039,19.29413628578186,12062720
123,full_system,fedavg,True,True,True,12,0.29623641287012065,0.5357473386515579,0.7673945044160942,0.556284370837314,0.7538916076328128,7,3,3,3,12.901437520980835,5.066577672958374,2.4576659202575684,0.18849849700927734,0.095977783203125,21.023056507110596,12062720
123,full_system,fedavg,True,True,True,13,0.29422981952895766,0.5356771332475926,0.7646957801766437,0.5532423627530063,0.749940832285948,7,3,3,3,12.811891078948975,5.0964086055755615,2.4727931022644043,0.1837761402130127,0.10042524337768555,20.9657244682312,12062720
123,full_system,fedavg,True,True,True,14,0.2937425303599087,0.5375771414894351,0.7638370951913641,0.5513827347286977,0.749042180638016,7,3,3,3,12.680341958999634,5.078495740890503,2.480196475982666,0.18502068519592285,0.09588313102722168,20.83127522468567,12062720
123,full_system,fedavg,True,True,True,15,0.2921748154278079,0.5321720112060307,0.7678606476938175,0.5565776560534015,0.7543928995706879,7,3,3,3,12.433776617050171,5.076467990875244,2.4222309589385986,0.18599247932434082,0.09590315818786621,20.5214741230011,12062720
123,full_system,fedavg,True,True,True,16,0.29125268376261015,0.5312644164859371,0.7682286555446516,0.5569609389131919,0.7547490617567287,7,3,3,3,10.375517845153809,5.09361720085144,2.2610039710998535,0.1853785514831543,0.302600622177124,18.519660234451294,12062720
123,full_system,fedavg,True,True,True,17,0.2911661130844253,0.5255562801941337,0.7719578017664377,0.5620282060110426,0.7600648891331784,7,3,3,3,9.936752557754517,5.086062431335449,2.299612283706665,0.19049620628356934,0.29631543159484863,18.108099460601807,12062720
123,full_system,fedavg,True,True,True,18,0.290798857073871,0.5281872136319117,0.7681059862610402,0.5575627294689278,0.7549610985832017,7,3,3,3,9.734028577804565,5.336892366409302,2.2371561527252197,0.18664145469665527,0.10095667839050293,17.90470862388611,12062720
123,full_system,fedavg,True,True,True,19,0.289374808165076,0.5271588214129297,0.7710255152109912,0.5606369337646424,0.7585570850210209,7,3,3,3,9.833553314208984,5.24406886100769,2.339226484298706,0.18875765800476074,0.1008453369140625,18.005921125411987,12062720
123,full_system,fedavg,True,True,True,20,0.2886001276234083,0.5272671573178457,0.7711727183513248,0.5615817575884703,0.758787546511022,7,3,3,3,9.976145267486572,5.255690574645996,2.249953269958496,0.18684697151184082,0.10259151458740234,18.07467222213745,12062720
123,full_system,fedavg,True,True,True,21,0.2889167936332452,0.5272154099573916,0.76950441609421,0.5584588511188593,0.7560538017637788,7,3,3,3,10.097514390945435,5.289138555526733,2.2432174682617188,0.18949532508850098,0.10036158561706543,18.217467308044434,12062720
123,full_system,fedavg,True,True,True,22,0.2890856446622289,0.5263250319131808,0.7718842001962709,0.5619116625572698,0.760601203572311,7,3,3,3,9.902995109558105,5.253178119659424,2.268198251724243,0.18291449546813965,0.09933257102966309,18.00853180885315,12062720
123,full_system,fedavg,True,True,True,23,0.2876475923370461,0.5252229557655043,0.7721295387634937,0.5617906971804478,0.7598075418347257,7,3,3,3,10.028374910354614,5.208667755126953,2.269882917404175,0.18502116203308105,0.09824681282043457,18.09183621406555,12062720
123,full_system,fedavg,True,True,True,24,0.28741131008058723,0.5266318398907094,0.7688910696761531,0.5577516147543763,0.7556149598727471,7,3,3,3,10.10502552986145,5.259026288986206,2.237664222717285,0.18541383743286133,0.09502196311950684,18.181593656539917,12062720
123,full_system,fedavg,True,True,True,25,0.2876849666747214,0.5270627052673998,0.7704857703631011,0.5588519070229359,0.7573905360128738,7,3,3,3,9.859099626541138,5.27554178237915,2.1925323009490967,0.18788695335388184,0.09986281394958496,17.92288565635681,12062720
123,full_system,fedavg,True,True,True,26,0.28714474047579114,0.5204205573833491,0.7728410206084396,0.5633256258555492,0.7614558145236917,7,3,3,3,10.12780237197876,5.294893741607666,2.349506139755249,0.1856095790863037,0.09799575805664062,18.580222845077515,12062720
123,full_system,fedavg,True,True,True,27,0.28715169641949123,0.5212254495218294,0.7738714425907752,0.5640757603276536,0.7627267278872816,7,3,3,3,9.916197776794434,5.11454439163208,2.2339565753936768,0.3826911449432373,0.10287261009216309,18.05175256729126,12062720
123,full_system,fedavg,True,True,True,28,0.28624612596409743,0.5449501509287407,0.7619725220804711,0.5526245983122015,0.750643916143068,6,4,3,3,9.977467060089111,5.111823320388794,1.8098039627075195,0.38179588317871094,0.0995326042175293,17.67497992515564,12062720
123,full_system,fedavg,True,True,True,29,0.28664138415281765,0.5964421452905058,0.6925662414131502,0.495589632572328,0.6668354379115254,5,5,3,3,10.136937856674194,5.069425106048584,1.6545944213867188,0.18646502494812012,0.10049581527709961,17.657302856445312,12062720
123,full_system_neuro,fedavg,True,True,True,0,0.3683486985464922,1.2754280726738838,0.6620215897939156,0.4332781767083873,0.6185509747254005,10,0,3,0,9.865803718566895,5.078373432159424,3.3051645755767822,0.1881711483001709,0.0028629302978515625,18.741004467010498,12062720
123,full_system_neuro,fedavg,True,True,True,1,0.34501171080314574,0.7974045653338521,0.6868253189401374,0.45036641944392714,0.6432541693021209,10,0,3,0,9.792711019515991,5.076653242111206,3.3064212799072266,0.18444085121154785,0.0016574859619140625,18.66118621826172,12062720
123,full_system_neuro,fedavg,True,True,True,2,0.33218551469558955,0.7158026383599309,0.6903581943081453,0.45254550936011306,0.6461072783941137,10,0,3,0,10.717057943344116,5.111403942108154,3.336334705352783,0.18150901794433594,0.0019414424896240234,19.655425548553467,12062720
123,full_system_neuro,fedavg,True,True,True,3,0.3280459360527609,0.7006959580111667,0.6928361138370952,0.4541643221856174,0.6482747035658476,10,0,3,0,10.278056144714355,5.0813798904418945,3.354999303817749,0.18506669998168945,0.0014538764953613281,19.202534437179565,12062720
123,full_system_neuro,fedavg,True,True,True,4,0.32466937909113,0.6144871817486793,0.7216143277723258,0.4899502953596877,0.6875937577432002,7,3,3,3,9.962630271911621,5.093328237533569,2.190140724182129,0.18766164779663086,0.6242532730102539,18.569764137268066,12062720
123,full_system_neuro,fedavg,True,True,True,5,0.3188570892638583,0.6002061973025217,0.7306918547595682,0.5065032142668664,0.7030080677581422,7,3,3,3,10.013298034667969,5.066271781921387,2.232672691345215,0.18918681144714355,0.001438140869140625,18.02123260498047,12062720
123,full_system_neuro,fedavg,True,True,True,6,0.315178838028221,0.5884051202206897,0.7354268891069676,0.5143169902893057,0.7103625427758015,7,3,3,3,9.794121980667114,5.094173192977905,2.226591110229492,0.1865220069885254,0.001775979995727539,17.5997371673584,12062720
123,full_system_neuro,fedavg,True,True,True,7,0.3120947354417458,0.5828080077166646,0.7408488714425908,0.5207212197964342,0.7174219966922,7,3,3,3,10.24660587310791,5.31730055809021,2.264407157897949,0.19005608558654785,0.0021708011627197266,18.322144508361816,12062720
123,full_system_neuro,fedavg,True,True,True,8,0.3095432747772666,0.5668357489738427,0.7485525024533857,0.531187393686237,0.728575999963861,7,3,3,3,9.870535135269165,5.24980354309082,2.2313551902770996,0.1893014907836914,0.0018973350524902344,17.845068216323853,12062720
123,full_system_neuro,fedavg,True,True,True,9,0.30613629447467516,0.5611335881675893,0.7543670264965653,0.5391972834101106,0.7372896685863561,7,3,3,3,9.922780275344849,5.301337957382202,2.2581112384796143,0.1827089786529541,0.0012695789337158203,17.975637197494507,12062720
123,full_system_neuro,fedavg,True,True,True,10,0.30441945701136947,0.5548478250999563,0.7535819430814524,0.540054102776574,0.7362759277303343,7,3,3,3,11.032486200332642,5.068527460098267,2.438781499862671,0.19307446479797363,0.0017213821411132812,19.03541898727417,12062720
123,full_system_neuro,fedavg,True,True,True,11,0.3026969737856705,0.5551448743406526,0.7545632973503434,0.5410934299332517,0.7377639365717006,7,3,3,3,12.90937328338623,5.073376893997192,2.4440765380859375,0.18827366828918457,0.0017352104187011719,20.918341875076294,12062720
123,full_system_neuro,fedavg,True,True,True,12,0.3011468256725389,0.5470160958811392,0.7600834151128557,0.5466475576391745,0.7443422026568799,7,3,3,3,12.526362657546997,5.080117702484131,2.2229912281036377,0.18448090553283691,0.0014882087707519531,20.521534204483032,12062720
123,full_system_neuro,fedavg,True,True,True,13,0.29992880730777877,0.5510207800448701,0.7553483807654563,0.5418952494626808,0.7386015894380996,7,3,3,3,12.734737634658813,5.069775104522705,2.2368276119232178,0.18741679191589355,0.0014333724975585938,20.741336584091187,12062720
123,full_system_neuro,fedavg,True,True,True,14,0.2986675044372248,0.5398343596304013,0.7648675171736997,0.5527772500188795,0.7513744839195364,7,3,3,3,12.393683910369873,5.088634729385376,2.249110221862793,0.1827867031097412,0.0020270347595214844,20.220206022262573,12062720
123,full_system_neuro,fedavg,True,True,True,15,0.29663899691532963,0.5359154286632594,0.7644995093228656,0.5531786518795909,0.7510406517734433,7,3,3,3,10.822572946548462,5.304644584655762,2.24137806892395,0.19272804260253906,0.001264333724975586,18.86573052406311,12062720
123,full_system_neuro,fedavg,True,True,True,16,0.2954983988056,0.5368241224953424,0.7646957801766437,0.5533014260598013,0.7512915906948072,7,3,3,3,9.792115211486816,5.270692825317383,2.230072498321533,0.18625521659851074,0.0014095306396484375,17.787001371383667,12062720
123,full_system_neuro,fedavg,True,True,True,17,0.2952640157065285,0.5295940799731853,0.7696761530912659,0.5586989555518562,0.7569983387278401,7,3,3,3,10.311915159225464,5.2923500537872314,2.237919569015503,0.18732380867004395,0.0015079975128173828,18.327147245407104,12062720
123,full_system_neuro,fedavg,True,True,True,18,0.2943706902832888,0.5286568331882227,0.7696516192345436,0.5584274501183542,0.7572881406999176,7,3,3,3,9.807153940200806,5.064096212387085,2.4398579597473145,0.19059157371520996,0.0015840530395507812,17.805651426315308,12062720
123,full_system_neuro,fedavg,True,True,True,19,0.2943502593373558,0.527363020398081,0.7698478900883219,0.5587718288536061,0.757103262589752,7,3,3,3,10.11741042137146,5.091078042984009,2.404370069503784,0.18604040145874023,0.0018901824951171875,18.10365390777588,12062720
123,full_system_neuro,fedavg,True,True,True,20,0.29323189362941404,0.5218283648579816,0.7731108930323847,0.5639258882960665,0.7626111509119752,7,3,3,3,10.114561319351196,5.075963020324707,2.249274969100952,0.18449664115905762,0.001583099365234375,18.134477615356445,12062720
123,full_system_neuro,fedavg,True,True,True,21,0.29190405088712146,0.5274658038407944,0.7701668302257115,0.5601355193760089,0.7582275092663743,7,3,3,3,10.256891250610352,5.083841562271118,2.190802812576294,0.19306540489196777,0.0014317035675048828,18.242701530456543,12062720
123,full_system_neuro,fedavg,True,True,True,22,0.29172141627511416,0.5288395740333085,0.7716143277723259,0.5611152553926859,0.7603956623730048,7,3,3,3,9.748203039169312,5.085310220718384,2.2023353576660156,0.18521976470947266,0.001550436019897461,17.526288509368896,12062720
123,full_system_neuro,fedavg,True,True,True,23,0.2898836343557983,0.5207815670054607,0.7728900883218842,0.5637830794372236,0.7621184702223454,7,3,3,3,9.776979207992554,5.254545211791992,2.1891963481903076,0.1854243278503418,0.001360177993774414,17.713902473449707,12062720
123,full_system_neuro,fedavg,True,True,True,24,0.2906029327766288,0.5178834565137389,0.7746565260058881,0.565742726773081,0.7641612803377904,7,3,3,3,9.89428162574768,5.2737321853637695,2.1859660148620605,0.18468475341796875,0.0014183521270751953,17.83614206314087,12062720
123,full_system_neuro,fedavg,True,True,True,25,0.28997521445402347,0.5211127149228142,0.7723748773307164,0.5634024066058222,0.7622132863760412,7,3,3,3,10.457271814346313,5.298136472702026,2.161316394805908,0.18149304389953613,0.0013997554779052734,18.40403938293457,12062720
123,full_system_neuro,fedavg,True,True,True,26,0.2899769682025429,0.5222142108172266,0.7726202158979392,0.5634847446168548,0.7619629930023086,7,3,3,3,10.066004514694214,5.073011636734009,2.4009900093078613,0.18407201766967773,0.0014998912811279297,18.0291485786438,12062720
123,full_system_neuro,fedavg,True,True,True,27,0.2899464231392653,0.5242320958250756,0.7705348380765457,0.5601505675620623,0.7579310618820441,7,3,3,3,10.044886112213135,5.154741287231445,2.415288209915161,0.19126629829406738,0.00142669677734375,18.109151363372803,12062720
123,full_system_neuro,fedavg,True,True,True,28,0.2898331882088101,0.5208221383136903,0.7724484789008832,0.563175328689099,0.7609783605594507,7,3,3,3,10.214288711547852,5.095518589019775,2.188821792602539,0.18223857879638672,0.0016779899597167969,18.195996046066284,12062720
123,full_system_neuro,fedavg,True,True,True,29,0.2884753962488643,0.5277426378064816,0.770829244357213,0.5617976646194625,0.7607137759457722,7,3,3,3,10.163210153579712,5.093811750411987,2.2075676918029785,0.1924300193786621,0.002023935317993164,18.17581558227539,12062720
2024,fedavg,fedavg,False,False,False,0,0.4824955330465485,0.9190024977694315,0.6727428851815506,0.443053264120869,0.632733085381363,10,0,0,0,9.674770832061768,0.0,0.00013184547424316406,0.0,0.0,9.940738201141357,0
2024,fedavg,fedavg,False,False,False,1,0.3855419444594824,0.6394861867079206,0.713567222767419,0.48277393517042844,0.6793040878741515,10,0,0,0,9.96547818183899,0.0,0.0001316070556640625,0.0,0.0,10.412440061569214,0
2024,fedavg,fedavg,False,False,False,2,0.3688132569356687,0.5937070732378749,0.7388616290480864,0.5223961884565209,0.720512316301004,10,0,0,0,9.641955614089966,0.0,0.00013136863708496094,0.0,0.0,9.953020572662354,0
2024,fedavg,fedavg,False,False,False,3,0.36115603321127143,0.5774142900790737,0.7483071638861629,0.5335501292729713,0.7327831999422703,10,0,0,0,10.048050165176392,0.0,0.0001316070556640625,0.0,0.0,10.311344385147095,0
2024,fedavg,fedavg,False,False,False,4,0.35720011954845426,0.5659492350420142,0.7533366045142297,0.541092325405086,0.7401365720937493,10,0,0,0,10.40580153465271,0.0,0.00012922286987304688,0.0,0.0,10.690261363983154,0
2024,fedavg,fedavg,False,False,False,5,0.3536872880675871,0.5540646209567054,0.7553483807654563,0.5445889027747528,0.7432729655483455,10,0,0,0,10.232069969177246,0.0,0.0001304149627685547,0.0,0.0,10.531911849975586,0
2024,fedavg,fedavg,False,False,False,6,0.35039117950329585,0.5459896091390054,0.7630520117762513,0.5656046061834019,0.7528862474129057,10,0,0,0,9.83224868774414,0.0,0.0001323223114013672,0.0,0.0,10.100759983062744,0
2024,fedavg,fedavg,False,False,False,7,0.3489116127498899,0.5447243358248934,0.766216879293425,0.5796358078447927,0.7565867760810621,10,0,0,0,10.183346033096313,0.0,0.00012969970703125,0.0,0.0,10.483901977539062,0
2024,fedavg,fedavg,False,False,False,8,0.3463185512161715,0.5402050935485061,0.7671491658488715,0.5860306544586473,0.7587316509604766,10,0,0,0,10.030039548873901,0.0,0.00012755393981933594,0.0,0.0,10.296567678451538,0
2024,fedavg,fedavg,False,False,False,9,0.34604200300459154,0.5379360659433651,0.7706329735034347,0.5880762855220871,0.7617378411932325,10,0,0,0,9.725648164749146,0.0,0.00012755393981933594,0.0,0.0,9.989861249923706,0
2024,fedavg,fedavg,False,False,False,10,0.3444643008743452,0.5336533356461605,0.7672473012757606,0.5860012724826478,0.759421356129684,10,0,0,0,10.05980134010315,0.0,0.00013017654418945312,0.0,0.0,10.328955173492432,0
2024,fedavg,fedavg,False,False,False,11,0.34333310049719684,0.5349659883238967,0.7604514229636898,0.5871174064301636,0.7526715558646258,10,0,0,0,9.862907409667969,0.0,0.0001277923583984375,0.0,0.0,10.125797986984253,0
2024,fedavg,fedavg,False,False,False,12,0.3429204809317957,0.532291011042871,0.7640578999018646,0.5894095917082407,0.7563753877121079,10,0,0,0,9.966854333877563,0.0,0.0001289844512939453,0.0,0.0,10.421228408813477,0
2024,fedavg,fedavg,False,False,False,13,0.3419864546889157,0.5332429505891959,0.7597154072620216,0.5875856952207459,0.7515829989360047,10,0,0,0,9.998316526412964,0.0,0.00012946128845214844,0.0,0.0,10.27122688293457,0
2024,fedavg,fedavg,False,False,False,14,0.3416370338930209,0.5253604331124169,0.7682777232580962,0.5975108063308456,0.7614692775826669,10,0,0,0,9.947509527206421,0.0,0.0001308917999267578,0.0,0.0,10.220139026641846,0
2024,fedavg,fedavg,False,False,False,15,0.3410443956031347,0.5247992443500253,0.7701668302257115,0.5978265521093311,0.7630399843927371,10,0,0,0,10.248934507369995,0.0,0.0001285076141357422,0.0,0.0,10.51265573501587,0
2024,fedavg,fedavg,False,False,False,16,0.3399684537122088,0.5199234128583284,0.7696516192345436,0.5994414870665823,0.7633234809765552,10,0,0,0,9.881776809692383,0.0,0.0001266002655029297,0.0,0.0,10.14775276184082,0
2024,fedavg,fedavg,False,False,False,17,0.33867379551095234,0.5193593183373328,0.7709519136408244,0.6028600849201987,0.7645115813339701,10,0,0,0,10.539940595626831,0.0,0.00012755393981933594,0.0,0.0,10.827867984771729,0
2024,fedavg,fedavg,False,False,False,18,0.3402662385633125,0.5209017438205349,0.770829244357213,0.6025252142380855,0.7641188203852795,10,0,0,0,10.143909215927124,0.0,0.00013184547424316406,0.0,0.0,10.451225757598877,0
2024,fedavg,fedavg,False,False,False,19,0.33675833917085624,0.5197113830746097,0.7732826300294406,0.603928639842243,0.7666409880853078,10,0,0,0,10.413259506225586,0.0,0.00012636184692382812,0.0,0.0,10.67681884765625,0
2024,fedavg,fedavg,False,False,False,20,0.3395477127204033,0.5179379089774748,0.7743375858684985,0.6040422076342061,0.7679717349422466,10,0,0,0,9.904597997665405,0.0,0.00012874603271484375,0.0,0.0,10.182141065597534,0
2024,fedavg,fedavg,False,False,False,21,0.3350720201242668,0.5153574044149921,0.7712708537782139,0.6021034804190787,0.7648898895456601,10,0,0,0,10.423902034759521,0.0,0.00012922286987304688,0.0,0.0,10.693660974502563,0
2024,fedavg,fedavg,False,False,False,22,0.3355242196227636,0.5142792069993848,0.773233562315996,0.6052927086089055,0.7671199414779128,10,0,0,0,11.60575819015503,0.0,0.00013065338134765625,0.0,0.0,12.070730924606323,0
2024,fedavg,fedavg,False,False,False,23,0.335091515227188,0.5147673100554792,0.7716633954857703,0.6040024048479566,0.765434256232844,10,0,0,0,10.352988243103027,0.0,0.00012969970703125,0.0,0.0,10.661134958267212,0
2024,fedavg,fedavg,False,False,False,24,0.33565936037171745,0.5166811118533029,0.7729146221786065,0.6044466032403917,0.7665270906510039,10,0,0,0,10.037770748138428,0.0,0.00016641616821289062,0.0,0.0,10.360561847686768,0
2024,fedavg,fedavg,False,False,False,25,0.33680642567484276,0.5104503523028283,0.778729146221786,0.6088393025549114,0.7725576229216782,10,0,0,0,10.021659135818481,0.0,0.00013017654418945312,0.0,0.0,10.301249980926514,0
2024,fedavg,fedavg,False,False,False,26,0.33480527506588764,0.5095491905324709,0.7784347399411188,0.6096694390702668,0.7726980130083649,10,0,0,0,10.074172973632812,0.0,0.00016617774963378906,0.0,0.0,10.382735013961792,0
2024,fedavg,fedavg,False,False,False,27,0.3328186428480935,0.5143031126851539,0.7743130520117762,0.6056440922190288,0.7681171195769629,10,0,0,0,11.871891975402832,0.0,0.0001316070556640625,0.0,0.0,12.168521881103516,0
2024,fedavg,fedavg,False,False,False,28,0.3371239694333698,0.510353070409773,0.7723503434739941,0.6055927412786333,0.766456419067156,10,0,0,0,12.64641523361206,0.0,0.00013017654418945312,0.0,0.0,12.922857522964478,0
2024,fedavg,fedavg,False,False,False,29,0.3366872462221702,0.5121051470126675,0.773405299313052,0.6055756143511821,0.767290432078917,10,0,0,0,12.474946022033691,0.0,0.00013017654418945312,0.0,0.0,12.774843692779541,0
2024,fedavg_attack,fedavg,False,False,False,0,0.4824955330465485,1.6081588760091465,0.5375368007850834,0.3667525478286447,0.49692014144998226,10,0,3,0,12.867433071136475,0.0,0.0001697540283203125,0.0,0.0,13.149819135665894,0
2024,fedavg_attack,fedavg,False,False,False,1,0.40375622456128746,1.112760031328585,0.6166339548577037,0.39188436315060926,0.5345600300534707,10,0,3,0,12.582412958145142,0.0,0.0001785755157470703,0.0,0.0,12.905922174453735,0
2024,fedavg_attack,fedavg,False,False,False,2,0.38293474299266494,0.9149837175693082,0.6247791952894995,0.4304579039138255,0.5402042331575798,10,0,3,0,10.626660823822021,0.0,0.0001342296600341797,0.0,0.0,11.118016004562378,0
2024,fedavg_attack,fedavg,False,False,False,3,0.37274555709361695,0.8695350729331184,0.6266928361138371,0.4324403936123514,0.5414706069171811,10,0,3,0,10.301295280456543,0.0,0.00013208389282226562,0.0,0.0,10.635403633117676,0
2024,fedavg_attack,fedavg,False,False,False,4,0.36752347635560656,0.851540782804929,0.6317222767419038,0.4394820339843747,0.548658523782649,10,0,3,0,10.156099796295166,0.0,0.00012969970703125,0.0,0.0,10.438239336013794,0
2024,fedavg_attack,fedavg,False,False,False,5,0.36295487827854017,0.8475837999517948,0.6377821393523062,0.4466643130971024,0.5565416463010877,10,0,3,0,10.735657215118408,0.0,0.0001621246337890625,0.0,0.0,11.01146674156189,0
2024,fedavg_attack,fedavg,False,False,False,6,0.3597560150762767,0.8533260910737971,0.6407016683022572,0.45377216520568175,0.5613013998045298,10,0,3,0,11.371243476867676,0.0,0.00013375282287597656,0.0,0.0,11.685656309127808,0
2024,fedavg_attack,fedavg,False,False,False,7,0.3560351075028968,0.8340591535484007,0.6477183513248282,0.4615463703280239,0.5732571858413298,10,0,3,0,9.866138458251953,0.0,0.00013327598571777344,0.0,0.0,10.135790348052979,0
2024,fedavg_attack,fedavg,False,False,False,8,0.3545130169256496,0.8244747637298554,0.6539744847890089,0.4716723914443084,0.5843441231189521,10,0,3,0,9.81821584701538,0.0,0.0001666545867919922,0.0,0.0,10.106002569198608,0
2024,fedavg_attack,fedavg,False,False,False,9,0.3525342419332071,0.8095394250572138,0.6587585868498528,0.485295458957379,0.5947586823220041,10,0,3,0,10.193258047103882,0.0,0.00012946128845214844,0.0,0.0,10.487201929092407,0
2024,fedavg_attack,fedavg,False,False,False,10,0.3502398065046572,0.8043869527680132,0.6632237487733071,0.4927672472741168,0.6028241003712702,10,0,3,0,10.078088283538818,0.0,0.00016689300537109375,0.0,0.0,10.413626909255981,0
2024,fedavg_attack,fedavg,False,False,False,11,0.3483115941355207,0.7990672956622032,0.6679587831207066,0.49897786097598124,0.611456398836644,10,0,3,0,10.341080665588379,0.0,0.00012993812561035156,0.0,0.0,10.667426347732544,0
2024,fedavg_attack,fedavg,False,False,False,12,0.34817636710905636,0.8024485879136255,0.6729391560353287,0.505413256749535,0.6196100468471433,10,0,3,0,10.256861925125122,0.0,0.00016880035400390625,0.0,0.0,10.71544885635376,0
2024,fedavg_attack,fedavg,False,False,False,13,0.34716015727807537,0.8122846159780576,0.6750981354268891,0.510705668979607,0.6235589061343786,10,0,3,0,9.881002426147461,0.0,0.0001633167266845703,0.0,0.0,10.156719446182251,0
2024,fedavg_attack,fedavg,False,False,False,14,0.34596039595123157,0.8105481103779172,0.6746074582924436,0.5078170871336255,0.6229423332714285,10,0,3,0,10.258383512496948,0.0,0.00017118453979492188,0.0,0.0,10.543305158615112,0
2024,fedavg_attack,fedavg,False,False,False,15,0.3450728642545219,0.79828866316596,0.6792688910696761,0.5133798497352835,0.6284933385600369,10,0,3,0,9.868071556091309,0.0,0.00016450881958007812,0.0,0.0,10.185978889465332,0
2024,fedavg_attack,fedavg,False,False,False,16,0.3435029677251863,0.7944768754025086,0.6815750736015702,0.5158938351298619,0.6320292268507696,10,0,3,0,10.691464185714722,0.0,0.0001277923583984375,0.0,0.0,10.970824480056763,0
2024,fedavg_attack,fedavg,False,False,False,17,0.3429921785294847,0.7787139203761347,0.6809862610402355,0.5153991393624844,0.6320126669437829,10,0,3,0,9.854820728302002,0.0,0.0001685619354248047,0.0,0.0,10.147414445877075,0
2024,fedavg_attack,fedavg,False,False,False,18,0.3428985012662201,0.7865023926500015,0.6819921491658488,0.5184169048529541,0.6333898928527433,10,0,3,0,9.768584966659546,0.0,0.00013065338134765625,0.0,0.0,10.068192958831787,0
2024,fedavg_attack,fedavg,False,False,False,19,0.34229083766552726,0.7754308489049849,0.6840529931305201,0.522658205543159,0.636764478483254,10,0,3,0,9.994882583618164,0.0,0.00013017654418945312,0.0,0.0,10.267943382263184,0
2024,fedavg_attack,fedavg,False,False,False,20,0.34070290790809976,0.7705232330112626,0.6845927379784102,0.5233760274423143,0.6375261147362086,10,0,3,0,9.913760900497437,0.0,0.00016736984252929688,0.0,0.0,10.222729682922363,0
2024,fedavg_attack,fedavg,False,False,False,21,0.3395464401451763,0.7849692212704704,0.6867271835132482,0.5267622785093571,0.6396437568546736,10,0,3,0,10.317326784133911,0.0,0.0001652240753173828,0.0,0.0,10.624862909317017,0
2024,fedavg_attack,fedavg,False,False,False,22,0.3401893037719544,0.7789444194340729,0.6876840039254171,0.5277742122416218,0.6412259289113922,10,0,3,0,10.423245191574097,0.0,0.0001671314239501953,0.0,0.0,10.719962358474731,0
2024,fedavg_attack,fedavg,False,False,False,23,0.3385388434786316,0.7631095639154886,0.6886162904808636,0.5299419208470432,0.642765476097969,10,0,3,0,10.353898525238037,0.0,0.00012969970703125,0.0,0.0,10.82493257522583,0
2024,fedavg_attack,fedavg,False,False,False,24,0.33843619208916464,0.7730289912200419,0.6878802747791953,0.5290984095546849,0.6414270151826413,10,0,3,0,10.593906879425049,0.0,0.0001666545867919922,0.0,0.0,10.918419122695923,0
2024,fedavg_attack,fedavg,False,False,False,25,0.33857954578433697,0.7625348616161103,0.6904563297350343,0.5322631793230118,0.6443134963116285,10,0,3,0,10.59399938583374,0.0,0.00012755393981933594,0.0,0.0,10.900740623474121,0
2024,fedavg_attack,fedavg,False,False,False,26,0.3377752919540922,0.76247551855325,0.69148675171737,0.5337679004661919,0.6455252448325005,10,0,3,0,10.49796986579895,0.0,0.00016832351684570312,0.0,0.0,10.823151350021362,0
2024,fedavg_attack,fedavg,False,False,False,27,0.3375477486286604,0.7631491544085233,0.6914622178606477,0.5334111671275201,0.6458572425561071,10,0,3,0,10.1697838306427,0.0,0.0001652240753173828,0.0,0.0,10.493743896484375,0
2024,fedavg_attack,fedavg,False,False,False,28,0.33665055660145554,0.7656783278954743,0.6933267909715407,0.5367391562170645,0.6484313416129136,10,0,3,0,10.021129369735718,0.0,0.00013113021850585938,0.0,0.0,10.330179929733276,0
2024,fedavg_attack,fedavg,False,False,False,29,0.337232403318936,0.7517718703519842,0.6921491658488714,0.5349260201953829,0.6478520011526301,10,0,3,0,9.87995171546936,0.0,0.00016689300537109375,0.0,0.0,10.206844806671143,0
2024,fedprox,fedavg,False,False,False,0,0.4947054532065652,1.7167109166558052,0.5030421982335623,0.3396481108350026,0.465948787004581,10,0,3,0,14.473238468170166,0.0,0.0001666545867919922,0.0,0.0,14.800838470458984,0
2024,fedprox,fedavg,False,False,False,1,0.42140839267755253,1.2553259373179129,0.6168547595682041,0.3799759327001341,0.5297297834212549,10,0,3,0,15.196636199951172,0.0,0.0001678466796875,0.0,0.0,15.53157901763916,0
2024,fedprox,fedavg,False,False,False,2,0.3989258661925471,1.0003684720534454,0.6237733071638861,0.38250477811618866,0.5340099992183387,10,0,3,0,15.399058103561401,0.0,0.0001685619354248047,0.0,0.0,15.887669801712036,0
2024,fedprox,fedavg,False,False,False,3,0.38763810644236324,0.9101631935726087,0.6269627085377821,0.38462654542924457,0.5366926309133492,10,0,3,0,14.814090251922607,0.0,0.00012993812561035156,0.0,0.0,15.087192058563232,0
2024,fedprox,fedavg,False,False,False,4,0.380962657709919,0.8889863692743154,0.6307409224730127,0.4084933230116006,0.54270080953436,10,0,3,0,14.80183720588684,0.0,0.0001666545867919922,0.0,0.0,15.103821992874146,0
2024,fedprox,fedavg,False,False,False,5,0.37572447634585526,0.8881437067662652,0.6356967615309127,0.4264160810392872,0.550148959784159,10,0,3,0,15.265403032302856,0.0,0.0001266002655029297,0.0,0.0,15.538888692855835,0
2024,fedprox,fedavg,False,False,False,6,0.37162789789002815,0.8895776256377844,0.6401373895976448,0.43841479455594823,0.5568571101788551,10,0,3,0,15.291547536849976,0.0,0.00016546249389648438,0.0,0.0,15.61565899848938,0
2024,fedprox,fedavg,False,False,False,7,0.36733122305297783,0.8713872548291447,0.642639842983317,0.4413283350023838,0.560387711862463,10,0,3,0,14.579183101654053,0.0,0.00012969970703125,0.0,0.0,14.89346170425415,0
2024,fedprox,fedavg,False,False,False,8,0.3654525764659148,0.8665453760148967,0.6456329735034347,0.450738456478563,0.5648963575359176,10,0,3,0,15.085394144058228,0.0,0.00013399124145507812,0.0,0.0,15.36823058128357,0
2024,fedprox,fedavg,False,False,False,9,0.3622864981707251,0.8453223935053322,0.6467369970559372,0.45263460850313153,0.5665525106941401,10,0,3,0,15.206114530563354,0.0,0.0001277923583984375,0.0,0.0,15.5079927444458,0
2024,fedprox,fedavg,False,False,False,10,0.3609422360167885,0.8350683689585378,0.6499754661432777,0.45864891485878223,0.5724319002768681,10,0,3,0,15.43374514579773,0.0,0.0001678466796875,0.0,0.0,15.78628158569336,0
2024,fedprox,fedavg,False,False,False,11,0.35845434235686996,0.8347578832983854,0.6519872423945045,0.4650380542938309,0.576528387826198,10,0,3,0,15.605088472366333,0.0,0.00016832351684570312,0.0,0.0,15.958878993988037,0
2024,fedprox,fedavg,False,False,False,12,0.3579165287988604,0.8312333381211091,0.6552993130520117,0.4707973634055374,0.5822835927955463,10,0,3,0,15.289437770843506,0.0,0.0001678466796875,0.0,0.0,15.634803056716919,0
2024,fedprox,fedavg,False,False,False,13,0.3568499270029295,0.8301776365630175,0.6574582924435721,0.47570921067177313,0.5871104889583169,10,0,3,0,14.730462551116943,0.0,0.0001347064971923828,0.0,0.0,15.177220582962036,0
2024,fedprox,fedavg,False,False,False,14,0.35616706083270977,0.8372241273829467,0.6582924435721296,0.47605420425639194,0.58765655443393,10,0,3,0,15.128747940063477,0.0,0.0001342296600341797,0.0,0.0,15.415773391723633,0
2024,fedprox,fedavg,False,False,False,15,0.35447780593287204,0.8345912001200817,0.6610647693817469,0.4793915420797758,0.5916253177780021,10,0,3,0,15.282686948776245,0.0,0.00016450881958007812,0.0,0.0,15.580734968185425,0
2024,fedprox,fedavg,False,False,False,16,0.35284841852732074,0.8240015825415734,0.6639106967615309,0.4830750330632583,0.5973714921880976,10,0,3,0,14.907127857208252,0.0,0.0001690387725830078,0.0,0.0,15.213558673858643,0
2024,fedprox,fedavg,False,False,False,17,0.3519409226419282,0.8084093237999495,0.6659470068694798,0.4894117338909287,0.6025217307379319,10,0,3,0,15.579153060913086,0.0,0.00016450881958007812,0.0,0.0,15.917029857635498,0
2024,fedprox,fedavg,False,False,False,18,0.35144754732913136,0.8153444029983057,0.6671491658488714,0.48934093152793134,0.6048394163088505,10,0,3,0,15.733690738677979,0.0,0.0001666545867919922,0.0,0.0,16.01706051826477,0
2024,fedprox,fedavg,False,False,False,19,0.35019876183615517,0.7954519689258579,0.6730618253189401,0.4989177035334883,0.6166690267363607,10,0,3,0,15.251653909683228,0.0,0.0001289844512939453,0.0,0.0,15.571739196777344,0
2024,fedprox,fedavg,False,False,False,20,0.34974441068525064,0.8054007068817468,0.6744111874386653,0.5006285966183867,0.6180735754352693,10,0,3,0,15.169761180877686,0.0,0.0001277923583984375,0.0,0.0,15.468411207199097,0
2024,fedprox,fedavg,False,False,False,21,0.3487189526504065,0.8129940927672082,0.6770853778213936,0.5108584752875187,0.622429961679488,10,0,3,0,15.356686353683472,0.0,0.00016498565673828125,0.0,0.0,15.625398397445679,0
2024,fedprox,fedavg,False,False,False,22,0.3489056624997858,0.8027333552516829,0.6789254170755643,0.512303394922674,0.6260286771774364,10,0,3,0,15.30755066871643,0.0,0.00012755393981933594,0.0,0.0,15.613364458084106,0
2024,fedprox,fedavg,False,False,False,23,0.34769317708938596,0.7886132836458845,0.6809617271835132,0.5157062877254384,0.6302195035534314,10,0,3,0,15.248485326766968,0.0,0.0001666545867919922,0.0,0.0,15.552717208862305,0
2024,fedprox,fedavg,False,False,False,24,0.34715870568703705,0.8046420186260849,0.6801521099116781,0.5135268295062342,0.6280103424759018,10,0,3,0,15.086021184921265,0.0,0.00013184547424316406,0.0,0.0,15.53793215751648,0
2024,fedprox,fedavg,False,False,False,25,0.3468575315418082,0.7872042894597376,0.6825318940137389,0.517326342565048,0.6316950808155236,10,0,3,0,14.972925662994385,0.0,0.00012969970703125,0.0,0.0,15.273511171340942,0
2024,fedprox,fedavg,False,False,False,26,0.3465032214786238,0.7839713219220552,0.6824337585868498,0.5167801281095106,0.6317507766754502,10,0,3,0,15.739606142044067,0.0,0.0001685619354248047,0.0,0.0,16.069931030273438,0
2024,fedprox,fedavg,False,False,False,27,0.34558757019012326,0.7846947083178399,0.68297350343474,0.5177058451444333,0.6327354421648147,10,0,3,0,14.79512357711792,0.0,0.00013136863708496094,0.0,0.0,15.110774040222168,0
2024,fedprox,fedavg,False,False,False,28,0.3455483462655754,0.7904134508905981,0.6841265947006869,0.5191702185044487,0.6345795846993988,10,0,3,0,15.48056173324585,0.0,0.00012826919555664062,0.0,0.0,15.780866384506226,0
2024,fedprox,fedavg,False,False,False,29,0.3447991518905621,0.7719936037671928,0.6842983316977429,0.5210134587652749,0.6357169893538867,10,0,3,0,14.965333700180054,0.0,0.0001277923583984375,0.0,0.0,15.254562616348267,0
2024,fedmedian,fedmedian,False,False,False,0,0.4824955330465485,1.2571261449931765,0.6077772325809617,0.36187214799446926,0.5113852262226559,10,0,3,0,10.429399251937866,0.0,0.0012860298156738281,0.0,0.0,10.738633394241333,0
2024,fedmedian,fedmedian,False,False,False,1,0.3951527508975126,0.930497226584063,0.6093473994111874,0.3621577611289092,0.5131660189138488,10,0,3,0,10.177212715148926,0.0,0.0012676715850830078,0.0,0.0,10.502782821655273,0
2024,fedmedian,fedmedian,False,False,False,2,0.3762490229213338,0.9631538473471809,0.6140088321884201,0.3653229267066719,0.5178126598249836,10,0,3,0,9.974847793579102,0.0,0.003833770751953125,0.0,0.0,10.32073974609375,0
2024,fedmedian,fedmedian,False,False,False,3,0.3693726971232833,0.9869690705094417,0.6234298331697743,0.37145469975136824,0.5261994355006839,10,0,3,0,11.049964189529419,0.0,0.0029516220092773438,0.0,0.0,11.543282508850098,0
2024,fedmedian,fedmedian,False,False,False,4,0.36555806653766487,0.9272451623499218,0.6288027477919529,0.4031185611984538,0.5344460927764384,10,0,3,0,12.676393985748291,0.0,0.001028299331665039,0.0,0.0,12.975454568862915,0
2024,fedmedian,fedmedian,False,False,False,5,0.3622713816198132,0.9494684655486192,0.6281648675171737,0.40928013174910916,0.5350182057637112,10,0,3,0,12.784215450286865,0.0,0.0012917518615722656,0.0,0.0,13.110665082931519,0
2024,fedmedian,fedmedian,False,False,False,6,0.35915111121176013,0.979973324522069,0.633783120706575,0.421867648792553,0.5407685428877292,10,0,3,0,12.74383807182312,0.0,0.0012927055358886719,0.0,0.0,13.047550439834595,0
2024,fedmedian,fedmedian,False,False,False,7,0.35640838131252395,0.9615027325661073,0.6306918547595682,0.4193080857321771,0.5378397062609611,10,0,3,0,12.81085991859436,0.0,0.0012848377227783203,0.0,0.0,13.136189222335815,0
2024,fedmedian,fedmedian,False,False,False,8,0.3552745851875999,0.9496188567126932,0.6391805691854759,0.43167076070955224,0.5497893761174725,10,0,3,0,10.680006742477417,0.0,0.001027822494506836,0.0,0.0,10.945534467697144,0
2024,fedmedian,fedmedian,False,False,False,9,0.35297435872433175,0.9276394830016791,0.6370215897939157,0.4251944349338538,0.5447900448971893,10,0,3,0,10.225213766098022,0.0,0.0012950897216796875,0.0,0.0,10.527700901031494,0
2024,fedmedian,fedmedian,False,False,False,10,0.35170778310210543,0.9046199809814692,0.6429833169774288,0.4376265490634044,0.5566486994507541,10,0,3,0,10.25255012512207,0.0,0.0010387897491455078,0.0,0.0,10.5656418800354,0
2024,fedmedian,fedmedian,False,False,False,11,0.3499824040800378,0.9031528596438182,0.6438910696761531,0.4418746617056215,0.5582237960886629,10,0,3,0,9.862340211868286,0.0,0.0010356903076171875,0.0,0.0,10.152703762054443,0
2024,fedmedian,fedmedian,False,False,False,12,0.350108230770519,0.9102646757505827,0.6483316977428851,0.44531300175361777,0.5681162899921566,10,0,3,0,10.180354833602905,0.0,0.0012867450714111328,0.0,0.0,10.510929584503174,0
2024,fedmedian,fedmedian,False,False,False,13,0.34904570758469206,0.9521121084046668,0.6463199214916585,0.44698363311415934,0.5641070705187827,10,0,3,0,9.966955184936523,0.0,0.0012907981872558594,0.0,0.0,10.294101476669312,0
2024,fedmedian,fedmedian,False,False,False,14,0.34776460947246024,0.9100583526641277,0.6512512266928361,0.45284116195437885,0.5745878188915152,10,0,3,0,9.857669115066528,0.0,0.0010318756103515625,0.0,0.0,10.314918756484985,0
2024,fedmedian,fedmedian,False,False,False,15,0.3468768700463659,0.9000511311689233,0.6559617271835132,0.46180038726797246,0.5829110400599173,10,0,3,0,9.95134449005127,0.0,0.0010373592376708984,0.0,0.0,10.26829195022583,0
2024,fedmedian,fedmedian,False,False,False,16,0.345231240996263,0.8954030943805967,0.6570657507360157,0.4636140497915774,0.5853042560182593,10,0,3,0,9.807902812957764,0.0,0.0012929439544677734,0.0,0.0,10.122689247131348,0
2024,fedmedian,fedmedian,False,False,False,17,0.34472634573014665,0.8887895129262757,0.6609421000981355,0.46808008464429585,0.5912748290576016,10,0,3,0,9.856735706329346,0.0,0.001294851303100586,0.0,0.0,10.170645475387573,0
2024,fedmedian,fedmedian,False,False,False,18,0.3439497634543819,0.9082187281974515,0.6621687929342492,0.47161702071584544,0.5936396653079766,10,0,3,0,9.999441862106323,0.0,0.0010411739349365234,0.0,0.0,10.302951097488403,0
2024,fedmedian,fedmedian,False,False,False,19,0.34401354909395326,0.8733740000776267,0.6670510304219823,0.4761432002904552,0.6029077257638579,10,0,3,0,10.200249910354614,0.0,0.0010349750518798828,0.0,0.0,10.500864744186401,0
2024,fedmedian,fedmedian,False,False,False,20,0.3432589923323231,0.8735228938139222,0.6669774288518155,0.4778915230637232,0.6034854536354356,10,0,3,0,10.696784734725952,0.0,0.0010454654693603516,0.0,0.0,10.963853120803833,0
2024,fedmedian,fedmedian,False,False,False,21,0.3417189471535535,0.9082235813608815,0.6661923454367027,0.4770239746342111,0.6024422251979982,10,0,3,0,9.915183067321777,0.0,0.0010242462158203125,0.0,0.0,10.190502882003784,0
2024,fedmedian,fedmedian,False,False,False,22,0.34195921770245336,0.8830905423899044,0.6679342492639843,0.4816866154701984,0.6057333113672977,10,0,3,0,9.982135772705078,0.0,0.001028299331665039,0.0,0.0,10.291168689727783,0
2024,fedmedian,fedmedian,False,False,False,23,0.34116619970413675,0.8882240302897295,0.6686457311089303,0.47959042392252704,0.6059349383158618,10,0,3,0,9.986275911331177,0.0,0.0012896060943603516,0.0,0.0,10.304654598236084,0
2024,fedmedian,fedmedian,False,False,False,24,0.3398688548376446,0.9031669758954858,0.6655053974484789,0.472027816918961,0.5994547646967177,10,0,3,0,10.14344334602356,0.0,0.001027822494506836,0.0,0.0,10.433597326278687,0
2024,fedmedian,fedmedian,False,False,False,25,0.3404463584682107,0.8717590706388194,0.6665603532875368,0.48384991215435125,0.601461831842506,10,0,3,0,10.010408639907837,0.0,0.0012950897216796875,0.0,0.0,10.492903232574463,0
2024,fedmedian,fedmedian,False,False,False,26,0.34014429125305135,0.887910618655698,0.667468105986261,0.4769048075253468,0.6028841866285815,10,0,3,0,9.771697521209717,0.0,0.0010344982147216797,0.0,0.0,10.051974058151245,0
2024,fedmedian,fedmedian,False,False,False,27,0.340178091238792,0.8906738550787,0.667369970559372,0.47880443581696386,0.6026100095748496,10,0,3,0,10.676467657089233,0.0,0.0010340213775634766,0.0,0.0,10.983778476715088,0
2024,fedmedian,fedmedian,False,False,False,28,0.3386188836057309,0.8989537367291961,0.6681059862610402,0.4817352619613148,0.6038859838212071,10,0,3,0,11.528958559036255,0.0,0.0012993812561035156,0.0,0.0,11.820180654525757,0
2024,fedmedian,fedmedian,False,False,False,29,0.3387606999339209,0.8857469927457411,0.6692590775269872,0.48064020863409673,0.6065975867255277,10,0,3,0,10.759284019470215,0.0,0.001294851303100586,0.0,0.0,11.06915545463562,0
2024,trimmed_mean,trimmed_mean,False,False,False,0,0.4824955330465485,1.442848862937201,0.6021589793915604,0.3778107753297968,0.5188366621331478,10,0,3,0,10.573240041732788,0.0,0.0005710124969482422,0.0,0.0,10.837965250015259,0
2024,trimmed_mean,trimmed_mean,False,False,False,1,0.39984221289723104,0.9825531709650431,0.621810598626104,0.3752412337317562,0.5279861154746449,10,0,3,0,11.242927074432373,0.0,0.0008485317230224609,0.0,0.0,11.557242393493652,0
2024,trimmed_mean,trimmed_mean,False,False,False,2,0.3802122163088044,0.925387225838943,0.6241658488714426,0.3746435936678981,0.5285224006668555,10,0,3,0,10.52348518371582,0.0,0.0005574226379394531,0.0,0.0,10.84280776977539,0
2024,trimmed_mean,trimmed_mean,False,False,False,3,0.37100403927697945,0.954425373769953,0.6276741903827282,0.38977925850420614,0.5336958538933738,10,0,3,0,9.8311288356781,0.0,0.0008478164672851562,0.0,0.0,10.111143112182617,0
2024,trimmed_mean,trimmed_mean,False,False,False,4,0.3661129756118723,0.9282365418977897,0.632188420019627,0.41748184681202477,0.5401953658467623,10,0,3,0,9.998868942260742,0.0,0.0008497238159179688,0.0,0.0,10.48415994644165,0
2024,trimmed_mean,trimmed_mean,False,False,False,5,0.3621890884452069,0.9287862715941065,0.6309126594700687,0.4222724625241778,0.539809896105673,10,0,3,0,9.986998319625854,0.0,0.0008525848388671875,0.0,0.0,10.274364233016968,0
2024,trimmed_mean,trimmed_mean,False,False,False,6,0.3592764202367106,0.939795354631628,0.6339303238469087,0.4256232920013989,0.5435363701147681,10,0,3,0,9.863869667053223,0.0,0.0005605220794677734,0.0,0.0,10.153807401657104,0
2024,trimmed_mean,trimmed_mean,False,False,False,7,0.3566766221361081,0.912184388644562,0.6377330716388616,0.4357155264724858,0.5518006530713605,10,0,3,0,9.970882415771484,0.0,0.0008528232574462891,0.0,0.0,10.294707775115967,0
2024,trimmed_mean,trimmed_mean,False,False,False,8,0.35559712349516204,0.9076557462652953,0.6415603532875368,0.44401486024406317,0.5573660283250332,10,0,3,0,9.867268085479736,0.0,0.0005588531494140625,0.0,0.0,10.156917095184326,0
2024,trimmed_mean,trimmed_mean,False,False,False,9,0.353209431347858,0.8946181711902562,0.6446025515210991,0.4445314642652133,0.5619513641398829,10,0,3,0,10.077653884887695,0.0,0.0008442401885986328,0.0,0.0,10.358570337295532,0
2024,trimmed_mean,trimmed_mean,False,False,False,10,0.3521512509715611,0.8823936125481093,0.6511776251226693,0.4578333779794347,0.5755982454914726,10,0,3,0,9.880237579345703,0.0,0.0008544921875,0.0,0.0,10.1817946434021,0
2024,trimmed_mean,trimmed_mean,False,False,False,11,0.34986917328494765,0.8791834104049429,0.6530421982335624,0.4712946017777233,0.5795773941121829,10,0,3,0,10.13492465019226,0.0,0.0005593299865722656,0.0,0.0,10.40429949760437,0
2024,trimmed_mean,trimmed_mean,False,False,False,12,0.3500669437917765,0.8887733556805462,0.6556182531894014,0.4745350611638756,0.5838248941179065,10,0,3,0,9.861872911453247,0.0,0.0008568763732910156,0.0,0.0,10.160902738571167,0
2024,trimmed_mean,trimmed_mean,False,False,False,13,0.3495387760626527,0.9028115763865463,0.6571884200196271,0.469597526407238,0.5857460277414149,10,0,3,0,9.946091175079346,0.0,0.0008518695831298828,0.0,0.0,10.268569707870483,0
2024,trimmed_mean,trimmed_mean,False,False,False,14,0.3480828282753561,0.8916970564642879,0.65851324828263,0.46971202342111457,0.5889273814400947,10,0,3,0,9.896844863891602,0.0,0.0005626678466796875,0.0,0.0,10.212707757949829,0
2024,trimmed_mean,trimmed_mean,False,False,False,15,0.3465153432565935,0.8795361983998367,0.6622914622178606,0.4830226435170533,0.5958294937353359,10,0,3,0,10.351273775100708,0.0,0.0008509159088134766,0.0,0.0,10.845077753067017,0
2024,trimmed_mean,trimmed_mean,False,False,False,16,0.3449351510138338,0.8770395804902171,0.6619970559371934,0.4775703382847316,0.5967200758243333,10,0,3,0,10.120841979980469,0.0,0.0005700588226318359,0.0,0.0,10.40122103691101,0
2024,trimmed_mean,trimmed_mean,False,False,False,17,0.34532109498117675,0.8597087961183797,0.6662168792934249,0.48218069508226924,0.603296214141109,10,0,3,0,10.384180784225464,0.0,0.0005605220794677734,0.0,0.0,10.69435429573059,0
2024,trimmed_mean,trimmed_mean,False,False,False,18,0.344378663309073,0.8706694613261124,0.6678115799803729,0.49150640323684947,0.6061267931137146,10,0,3,0,10.174964666366577,0.0,0.0008637905120849609,0.0,0.0,10.457515716552734,0
2024,trimmed_mean,trimmed_mean,False,False,False,19,0.34341615721587354,0.8512456233180892,0.6714916584887144,0.4893035366352886,0.6117094483850438,10,0,3,0,9.962552785873413,0.0,0.0005645751953125,0.0,0.0,10.231652975082397,0
2024,trimmed_mean,trimmed_mean,False,False,False,20,0.3422509187089896,0.8507975315322351,0.6708537782139352,0.4897177086136092,0.6113773533171765,10,0,3,0,10.664153814315796,0.0,0.0007112026214599609,0.0,0.0,10.963518142700195,0
2024,trimmed_mean,trimmed_mean,False,False,False,21,0.34116862710754026,0.8749907473937569,0.6690137389597645,0.4941208358106939,0.6095036245424164,10,0,3,0,10.87006402015686,0.0,0.0008456707000732422,0.0,0.0,11.181711673736572,0
2024,trimmed_mean,trimmed_mean,False,False,False,22,0.34099084435837784,0.862613993187063,0.6695289499509323,0.49633008449052696,0.6109964872969039,10,0,3,0,12.828888654708862,0.0,0.0005638599395751953,0.0,0.0,13.110994100570679,0
2024,trimmed_mean,trimmed_mean,False,False,False,23,0.34009718645709663,0.8611493980100742,0.6715897939156036,0.4977801472910147,0.6133855596149186,10,0,3,0,12.702269554138184,0.0,0.0008478164672851562,0.0,0.0,12.985127925872803,0
2024,trimmed_mean,trimmed_mean,False,False,False,24,0.3395905145760724,0.8676547289128627,0.6711236506378803,0.4972827108994117,0.6121495208282562,10,0,3,0,12.823239088058472,0.0,0.0005571842193603516,0.0,0.0,13.123755931854248,0
2024,trimmed_mean,trimmed_mean,False,False,False,25,0.3405186703766457,0.8457993497090438,0.6726447497546615,0.49780218885996985,0.6143563422412006,10,0,3,0,12.63587474822998,0.0,0.0005598068237304688,0.0,0.0,13.130258560180664,0
2024,trimmed_mean,trimmed_mean,False,False,False,26,0.34007569553531936,0.853711937781756,0.6720559371933268,0.49633693549676927,0.6136452791983039,10,0,3,0,11.5764799118042,0.0,0.0008571147918701172,0.0,0.0,11.895583629608154,0
2024,trimmed_mean,trimmed_mean,False,False,False,27,0.3390867862721366,0.8657949865039829,0.6711481844946026,0.4974712982187396,0.613548530963572,10,0,3,0,10.03100848197937,0.0,0.0005652904510498047,0.0,0.0,10.302539587020874,0
2024,trimmed_mean,trimmed_mean,False,False,False,28,0.3379771206319556,0.8696492727652149,0.6733071638861629,0.5001707108344952,0.6161179167603568,10,0,3,0,10.909123182296753,0.0,0.0005629062652587891,0.0,0.0,11.208141326904297,0
2024,trimmed_mean,trimmed_mean,False,False,False,29,0.3376405130290199,0.8389540712545618,0.6778704612365064,0.5083482699637235,0.6223570360604714,10,0,3,0,9.903931856155396,0.0,0.0005648136138916016,0.0,0.0,10.213479042053223,0
2024,krum,multi_krum,False,False,False,0,0.4824955330465485,1.2528943811478395,0.6130765456329735,0.36258150811897527,0.5136119845865673,10,0,3,0,11.314621686935425,0.0,0.0006880760192871094,0.0,0.0,11.592134952545166,0
2024,krum,multi_krum,False,False,False,1,0.39255827150398265,0.9321580057640187,0.5957311089303239,0.3525519749129957,0.4998971409532364,10,0,3,0,10.992912530899048,0.0,0.0006537437438964844,0.0,0.0,11.269135475158691,0
2024,krum,multi_krum,False,False,False,2,0.3731918853334241,1.1494535017528291,0.579784102060844,0.34021542524923565,0.48253002377933446,10,0,3,0,9.93629789352417,0.0,0.0006494522094726562,0.0,0.0,10.262427806854248,0
2024,krum,multi_krum,False,False,False,3,0.37133689728375974,1.3464675978191702,0.579612365063788,0.340067689269746,0.48232062203271575,10,0,3,0,9.936576128005981,0.0,0.0005512237548828125,0.0,0.0,10.231576919555664,0
2024,krum,multi_krum,False,False,False,4,0.370191941769994,1.4166324544350697,0.5776005888125614,0.3383074432370376,0.47982906984562135,10,0,3,0,10.423616647720337,0.0,0.0006542205810546875,0.0,0.0,10.716201782226562,0
2024,krum,multi_krum,False,False,False,5,0.368807611900397,1.5012768536718366,0.565333660451423,0.32845042394896373,0.46445920907428534,10,0,3,0,10.07230520248413,0.0,0.0005483627319335938,0.0,0.0,10.521918535232544,0
2024,krum,multi_krum,False,False,False,6,0.3685381868695918,1.499973504512888,0.5811825318940137,0.34241390433031815,0.4844919729241118,10,0,3,0,11.032592058181763,0.0,0.0006623268127441406,0.0,0.0,11.352673530578613,0
2024,krum,multi_krum,False,False,False,7,0.36661022510209856,1.508826839607995,0.5786800785083415,0.3404008865907775,0.48172453261015796,10,0,3,0,9.95492959022522,0.0,0.0005555152893066406,0.0,0.0,10.226685285568237,0
2024,krum,multi_krum,False,False,False,8,0.36730320437825503,1.5259326579175356,0.5804710500490677,0.34187388779477657,0.4838658807808598,10,0,3,0,10.473906517028809,0.0,0.0006434917449951172,0.0,0.0,10.777151346206665,0
2024,krum,multi_krum,False,False,False,9,0.3670385048692049,1.4883815447177458,0.5911678115799803,0.3505728694363748,0.49629485004574436,10,0,3,0,10.170357942581177,0.0,0.0005497932434082031,0.0,0.0,10.450631618499756,0
2024,krum,multi_krum,False,False,False,10,0.36584364645947737,1.4852977030176644,0.5925171736997056,0.3515592149407686,0.49769000253319357,10,0,3,0,10.104573726654053,0.0,0.0006480216979980469,0.0,0.0,10.4221031665802,0
2024,krum,multi_krum,False,False,False,11,0.3661306608109733,1.4682245466028274,0.5951422963689892,0.35369113506762984,0.5007385674901272,10,0,3,0,11.12575888633728,0.0,0.0005509853363037109,0.0,0.0,11.41737174987793,0
2024,krum,multi_krum,False,False,False,12,0.36616004999998586,1.4747046293758435,0.593351324828263,0.3529562122553004,0.49882462288375806,10,0,3,0,9.999182224273682,0.0,0.0006470680236816406,0.0,0.0,10.326005935668945,0
2024,krum,multi_krum,False,False,False,13,0.3653318519351824,1.499071576808222,0.5929342492639843,0.3530648614563867,0.4990399927310988,10,0,3,0,9.892815828323364,0.0,0.0006563663482666016,0.0,0.0,10.193915605545044,0
2024,krum,multi_krum,False,False,False,14,0.36553658574808273,1.4767838737330563,0.5971050049067713,0.3571644061993238,0.504936866147986,10,0,3,0,9.945185661315918,0.0,0.0005445480346679688,0.0,0.0,10.227574110031128,0
2024,krum,multi_krum,False,False,False,15,0.3647549038067296,1.4649671979460561,0.5961727183513248,0.35737656935165035,0.5053613338030903,10,0,3,0,10.222948551177979,0.0,0.0006589889526367188,0.0,0.0,10.56447172164917,0
2024,krum,multi_krum,False,False,False,16,0.3654498120138163,1.4593398703443174,0.5980127576054955,0.3592073888363685,0.5080253280379886,10,0,3,0,12.653764486312866,0.0,0.0005509853363037109,0.0,0.0,13.156036853790283,0
2024,krum,multi_krum,False,False,False,17,0.36509505274017534,1.4397296609775592,0.6011776251226693,0.3675313828690372,0.5125604805299275,10,0,3,0,12.891401767730713,0.0,0.000640869140625,0.0,0.0,13.223530530929565,0
2024,krum,multi_krum,False,False,False,18,0.36468291070804204,1.4448944541025208,0.6024779195289499,0.3680205123975172,0.5136252084437312,10,0,3,0,12.550920963287354,0.0,0.0006473064422607422,0.0,0.0,12.846688508987427,0
2024,krum,multi_krum,False,False,False,19,0.3646960217378137,1.4391901167849914,0.610377821393523,0.3767739044234839,0.5259354416041493,10,0,3,0,13.221487760543823,0.0,0.000652313232421875,0.0,0.0,13.54528284072876,0
2024,krum,multi_krum,False,False,False,20,0.36471986859637456,1.4278912125906602,0.6094455348380765,0.37808952113651784,0.5280949696687793,10,0,3,0,12.174304723739624,0.0,0.0005512237548828125,0.0,0.0,12.48231315612793,0
2024,krum,multi_krum,False,False,False,21,0.36390720927997017,1.4421607140118988,0.6059126594700687,0.37612445196463196,0.5255862859539593,10,0,3,0,10.066044330596924,0.0,0.0005581378936767578,0.0,0.0,10.352242708206177,0
2024,krum,multi_krum,False,False,False,22,0.36417661422613745,1.413768240467255,0.6079244357212954,0.3784903940605833,0.528950042644585,10,0,3,0,9.797049522399902,0.0,0.0005555152893066406,0.0,0.0,10.102506160736084,0
2024,krum,multi_krum,False,False,False,23,0.36256325974502335,1.4308805665979207,0.60797350343474,0.37894314745208857,0.5296469403059595,10,0,3,0,10.820847034454346,0.0,0.0005497932434082031,0.0,0.0,11.128458261489868,0
2024,krum,multi_krum,False,False,False,24,0.36240505686843255,1.438695687096533,0.6040480863591756,0.3746249683238404,0.5234032102177459,10,0,3,0,12.742130756378174,0.0,0.0005435943603515625,0.0,0.0,13.035062789916992,0
2024,krum,multi_krum,False,False,False,25,0.3612850808394018,1.4336382595432868,0.6080716388616291,0.37809619990125454,0.5283059963926173,10,0,3,0,10.281131505966187,0.0,0.0005521774291992188,0.0,0.0,10.552002668380737,0
2024,krum,multi_krum,False,False,False,26,0.36247121782927716,1.4283406745229315,0.6052502453385672,0.37445990847658706,0.5233628796017528,10,0,3,0,10.392192840576172,0.0,0.0006597042083740234,0.0,0.0,10.916714906692505,0
2024,krum,multi_krum,False,False,False,27,0.3614766126085816,1.4455241793856186,0.6059126594700687,0.3755477694845727,0.5248524388107815,10,0,3,0,9.840182542800903,0.0,0.0006573200225830078,0.0,0.0,10.164794445037842,0
2024,krum,multi_krum,False,False,False,28,0.36129384882263005,1.4557034957631179,0.6068694798822375,0.37476838756860675,0.5250483329821932,10,0,3,0,10.277059316635132,0.0,0.0006589889526367188,0.0,0.0,10.598464488983154,0
2024,krum,multi_krum,False,False,False,29,0.36063556878902314,1.4351893311744817,0.6128066732090285,0.3796739720446951,0.5313031779489478,10,0,3,0,9.99779486656189,0.0,0.0005555152893066406,0.0,0.0,10.272832155227661,0
2024,bulyan,bulyan,False,False,False,0,0.4824955330465485,1.0523722116097851,0.6141315014720314,0.3632509565503281,0.5144692012822427,10,0,3,0,9.804004907608032,0.0,0.0009131431579589844,0.0,0.0,10.069420337677002,0
2024,bulyan,bulyan,False,False,False,1,0.3878870696410341,0.9786423882511577,0.6035083415112856,0.3581051648901987,0.5076722188688326,10,0,3,0,10.0748872756958,0.0,0.001277923583984375,0.0,0.0,10.398503303527832,0
2024,bulyan,bulyan,False,False,False,2,0.37495619698899807,1.0828468719572268,0.6012266928361139,0.3565257671124721,0.5055063146730602,10,0,3,0,9.838054418563843,0.0,0.0009064674377441406,0.0,0.0,10.110456228256226,0
2024,bulyan,bulyan,False,False,False,3,0.36931598013877504,1.1432602333016437,0.6088812561334642,0.3617857088571954,0.5128342483968714,10,0,3,0,9.823545455932617,0.0,0.001276254653930664,0.0,0.0,10.148788213729858,0
2024,bulyan,bulyan,False,False,False,4,0.366002244199981,1.0915577447683467,0.6139597644749755,0.36513661176966206,0.5175126070262022,10,0,3,0,10.306746244430542,0.0,0.0012464523315429688,0.0,0.0,10.634541988372803,0
2024,bulyan,bulyan,False,False,False,5,0.3631346771096045,1.1048127987667904,0.6133954857703631,0.3648243344320491,0.5171394529555621,10,0,3,0,10.053491830825806,0.0,0.0009076595306396484,0.0,0.0,10.322152376174927,0
2024,bulyan,bulyan,False,False,False,6,0.3604323706436158,1.090239613002369,0.6202404317958783,0.3693673900923596,0.5234619152611585,10,0,3,0,9.867256164550781,0.0,0.0009059906005859375,0.0,0.0,10.31644606590271,0
2024,bulyan,bulyan,False,False,False,7,0.357235034569951,1.3723691092389139,0.60549558390579,0.3607695542765326,0.5105271374455216,10,0,3,0,9.899604797363281,0.0,0.000919342041015625,0.0,0.0,10.175052404403687,0
2024,bulyan,bulyan,False,False,False,8,0.358861164492379,1.1626163441486752,0.6198724239450442,0.3703937552759587,0.5238190774142746,10,0,3,0,10.182321071624756,0.0,0.0012738704681396484,0.0,0.0,10.50228500366211,0
2024,bulyan,bulyan,False,False,False,9,0.35660434417499054,1.0755775953298463,0.6334887144259077,0.3837809823137207,0.5440482249974579,10,0,3,0,9.860780000686646,0.0,0.0009148120880126953,0.0,0.0,10.155324697494507,0
2024,bulyan,bulyan,False,False,False,10,0.35472141950893077,1.349961959344716,0.6169283611383709,0.38653452523745224,0.5220487714812557,10,0,3,0,12.558163404464722,0.0,0.00125885009765625,0.0,0.0,12.838427066802979,0
2024,bulyan,bulyan,False,False,False,11,0.3562505390479572,1.1263320877928729,0.6311825318940137,0.3986311652657969,0.5417540160908556,10,0,3,0,12.69927191734314,0.0,0.0012507438659667969,0.0,0.0,13.017776727676392,0
2024,bulyan,bulyan,False,False,False,12,0.35391598966395665,1.0859010496130168,0.6370951913640824,0.40063978997388383,0.5522573924883658,10,0,3,0,11.584622621536255,0.0,0.0009095668792724609,0.0,0.0,11.878125190734863,0
2024,bulyan,bulyan,False,False,False,13,0.3520402692635174,1.3842338195141912,0.6160696761530913,0.3949792817238986,0.5214095353394943,10,0,3,0,10.844143629074097,0.0,0.0012655258178710938,0.0,0.0,11.157865285873413,0
2024,bulyan,bulyan,False,False,False,14,0.35436003384828524,1.153568994823452,0.6328753680078508,0.41978423342508886,0.5438791501646838,10,0,3,0,12.731828451156616,0.0,0.0009114742279052734,0.0,0.0,13.018431425094604,0
2024,bulyan,bulyan,False,False,False,15,0.3512056983164266,1.0703186544281695,0.6441854759568204,0.43418585141642824,0.5640573879972992,10,0,3,0,9.969541549682617,0.0,0.001277923583984375,0.0,0.0,10.24729061126709,0
2024,bulyan,bulyan,False,False,False,16,0.34933091694578366,1.3464891727586021,0.6212953876349362,0.4100099543464165,0.5280253153010163,10,0,3,0,10.027199268341064,0.0,0.0009138584136962891,0.0,0.0,10.500612497329712,0
2024,bulyan,bulyan,False,False,False,17,0.3511353988120304,1.1081135907982704,0.643351324828263,0.4364576192185489,0.5630492616784759,10,0,3,0,9.992650032043457,0.0,0.0012433528900146484,0.0,0.0,10.300206184387207,0
2024,bulyan,bulyan,False,False,False,18,0.3492953627322631,1.3810131308842921,0.6223748773307164,0.4131875684639949,0.5297356007760406,10,0,3,0,9.843617677688599,0.0,0.0009105205535888672,0.0,0.0,10.108776569366455,0
2024,bulyan,bulyan,False,False,False,19,0.3511026504529603,1.1158738155945243,0.6485034347399411,0.4421449541643625,0.5707490561506707,10,0,3,0,9.790235757827759,0.0,0.0009098052978515625,0.0,0.0,10.102659940719604,0
2024,bulyan,bulyan,False,False,False,20,0.34854379228564214,1.3618389155843658,0.6294160942100098,0.42525903140057036,0.5427136557168043,10,0,3,0,9.817001581192017,0.0,0.0009033679962158203,0.0,0.0,10.089173555374146,0
2024,bulyan,bulyan,False,False,False,21,0.3494929557088634,1.1325867927109527,0.6473748773307164,0.4399438102798311,0.5726469557165516,10,0,3,0,10.07078504562378,0.0,0.0009059906005859375,0.0,0.0,10.368000745773315,0
2024,bulyan,bulyan,False,False,False,22,0.3480926338623577,1.381072815360686,0.6301521099116781,0.4314608495286453,0.5454994564736099,10,0,3,0,10.15880274772644,0.0,0.001256704330444336,0.0,0.0,10.485588788986206,0
2024,bulyan,bulyan,False,False,False,23,0.34946318820918015,1.1237068004065336,0.6499018645731109,0.4480463688191623,0.5767683223404824,10,0,3,0,10.152304887771606,0.0,0.0012662410736083984,0.0,0.0,10.473328828811646,0
2024,bulyan,bulyan,False,False,False,24,0.3472153352502069,1.3997354164909686,0.6328999018645731,0.4378856442734065,0.5509318291086084,10,0,3,0,10.200722932815552,0.0,0.0012788772583007812,0.0,0.0,10.48015022277832,0
2024,bulyan,bulyan,False,False,False,25,0.34962792110441254,1.1111991171046025,0.6492149165848872,0.4447743937589578,0.5759085369049496,10,0,3,0,9.898388624191284,0.0,0.0009152889251708984,0.0,0.0,10.164716958999634,0
2024,bulyan,bulyan,False,False,False,26,0.34688438110063713,1.3656010711041002,0.6319921491658489,0.4361785124191977,0.549841396916737,10,0,3,0,10.11699914932251,0.0,0.000919342041015625,0.0,0.0,10.421454906463623,0
2024,bulyan,bulyan,False,False,False,27,0.348264708550224,1.1309642952721533,0.648846908734053,0.44987512408406066,0.5760788183422524,10,0,3,0,10.066603899002075,0.0,0.0012743473052978516,0.0,0.0,10.583577394485474,0
2024,bulyan,bulyan,False,False,False,28,0.3463079875226195,1.3930877296215654,0.6286064769381747,0.43273061624267106,0.5443786975298063,10,0,3,0,10.11393427848816,0.0,0.001262664794921875,0.0,0.0,10.429748296737671,0
2024,bulyan,bulyan,False,False,False,29,0.3481257152483656,1.1129559038665742,0.6514965652600588,0.45142980554269496,0.5787541938413856,10,0,3,0,10.255584955215454,0.0,0.0012526512145996094,0.0,0.0,10.578664541244507,0
2024,foolsgold,foolsgold,False,False,False,0,0.4824955330465485,1.516878430906526,0.6553729146221786,0.4525591569702109,0.6200831868841968,10,0,3,0,10.209989070892334,0.0,0.0009143352508544922,0.0,0.0,10.485191583633423,0
2024,foolsgold,foolsgold,False,False,False,1,0.39903705814329926,1.1245056871109083,0.6693572129538764,0.4545242167156963,0.6289658672070101,10,0,3,0,10.582809686660767,0.0,0.0007197856903076172,0.0,0.0,10.882739782333374,0
2024,foolsgold,foolsgold,False,False,False,2,0.38215859272367936,0.9002344926978234,0.6256133464180569,0.44952188588113606,0.5624285099670997,10,0,3,0,10.478686094284058,0.0,0.0008890628814697266,0.0,0.0,10.802253484725952,0
2024,foolsgold,foolsgold,False,False,False,3,0.3727283577809065,0.8016130531618008,0.6056918547595682,0.41603732679603095,0.5157957911263513,10,0,3,0,10.141309261322021,0.0,0.0007233619689941406,0.0,0.0,10.433103322982788,0
2024,foolsgold,foolsgold,False,False,False,4,0.36700009793268273,0.7888431642661502,0.6171246319921492,0.42954274294005,0.532632552430817,10,0,3,0,10.747609853744507,0.0,0.0008852481842041016,0.0,0.0,11.049413681030273,0
2024,foolsgold,foolsgold,False,False,False,5,0.36274374711442586,0.7941769361261999,0.6307409224730127,0.4449163065808769,0.5509422938307127,10,0,3,0,11.345370054244995,0.0,0.0007262229919433594,0.0,0.0,11.625552415847778,0
2024,foolsgold,foolsgold,False,False,False,6,0.3596068388120413,0.8157055990501756,0.6372669283611384,0.45484750207626345,0.5600364460773173,10,0,3,0,10.79772138595581,0.0,0.000720977783203125,0.0,0.0,11.298138618469238,0
2024,foolsgold,foolsgold,False,False,False,7,0.3563092011110456,0.8072723059237764,0.6484789008832188,0.4699910845016526,0.5790246281089421,10,0,3,0,11.131075382232666,0.0,0.0008924007415771484,0.0,0.0,11.449360132217407,0
2024,foolsgold,foolsgold,False,False,False,8,0.35457968997376604,0.8007500076668302,0.65851324828263,0.4895675259591813,0.5962827633341984,10,0,3,0,11.162865400314331,0.0,0.0008852481842041016,0.0,0.0,11.454273223876953,0
2024,foolsgold,foolsgold,False,False,False,9,0.3528735682240919,0.7816650555342055,0.6645976447497547,0.49769017569212626,0.6084467468239528,10,0,3,0,10.105568170547485,0.0,0.0007288455963134766,0.0,0.0,10.4316885471344,0
2024,foolsgold,foolsgold,False,False,False,10,0.3505020723693289,0.77724372781411,0.6693326790971541,0.5040378524250078,0.6165658557848642,10,0,3,0,10.099212884902954,0.0,0.0008838176727294922,0.0,0.0,10.380396604537964,0
2024,foolsgold,foolsgold,False,False,False,11,0.3488473165818938,0.7869614695660383,0.6711972522080472,0.5086102760739681,0.6214960915614923,10,0,3,0,9.962167263031006,0.0,0.0007336139678955078,0.0,0.0,10.268156290054321,0
2024,foolsgold,foolsgold,False,False,False,12,0.3477535347860182,0.7993199536564072,0.6710009813542689,0.5091110853864984,0.6223164235578736,10,0,3,0,10.41141128540039,0.0,0.0007293224334716797,0.0,0.0,10.714315414428711,0
2024,foolsgold,foolsgold,False,False,False,13,0.3475122184861238,0.8141094773042659,0.6710255152109912,0.5117384068898825,0.6238174088008656,10,0,3,0,10.06867504119873,0.0,0.0007314682006835938,0.0,0.0,10.365747690200806,0
2024,foolsgold,foolsgold,False,False,False,14,0.346427401369548,0.8196655168617556,0.6710009813542689,0.5083933791784987,0.6240861811761338,10,0,3,0,9.883245944976807,0.0,0.0008957386016845703,0.0,0.0,10.177798986434937,0
2024,foolsgold,foolsgold,False,False,False,15,0.34546955920230143,0.803217370329942,0.6782139352306182,0.5175288248838541,0.632288504145005,10,0,3,0,9.99078893661499,0.0,0.0007183551788330078,0.0,0.0,10.255015850067139,0
2024,foolsgold,foolsgold,False,False,False,16,0.34340410441822994,0.7726095437301621,0.6850098135426889,0.5254161605395298,0.6400876497405582,10,0,3,0,9.999204635620117,0.0,0.0007290840148925781,0.0,0.0,10.27324914932251,0
2024,foolsgold,foolsgold,False,False,False,17,0.3427866951266131,0.7712889052700833,0.6822374877330717,0.5214669261071878,0.634819542067721,10,0,3,0,9.812779664993286,0.0,0.0007271766662597656,0.0,0.0,10.290470838546753,0
2024,foolsgold,foolsgold,False,False,False,18,0.34220745271470426,0.7856848854312017,0.6808635917566241,0.5188550191639624,0.6324238002682727,10,0,3,0,10.247889518737793,0.0,0.0008845329284667969,0.0,0.0,10.57394790649414,0
2024,foolsgold,foolsgold,False,False,False,19,0.3413445418396888,0.7800263259782876,0.6828753680078509,0.523985461173827,0.6351676161842996,10,0,3,0,10.442491292953491,0.0,0.0007326602935791016,0.0,0.0,10.749048233032227,0
2024,foolsgold,foolsgold,False,False,False,20,0.3403778069673338,0.7817853019796714,0.6828263002944063,0.5218025007647815,0.634668703445783,10,0,3,0,9.962270021438599,0.0,0.0007257461547851562,0.0,0.0,10.248046159744263,0
2024,foolsgold,foolsgold,False,False,False,21,0.33932568484838355,0.7968189018631355,0.6842737978410206,0.5234836213173095,0.6359420280618102,10,0,3,0,10.029334783554077,0.0,0.0008897781372070312,0.0,0.0,10.355823278427124,0
2024,foolsgold,foolsgold,False,False,False,22,0.3398745338462822,0.7889579660642135,0.685549558390579,0.5209652043941487,0.6378545442997987,10,0,3,0,10.069051027297974,0.0,0.000728607177734375,0.0,0.0,10.38607120513916,0
2024,foolsgold,foolsgold,False,False,False,23,0.33789278244034543,0.7803602987931451,0.6858439646712463,0.5213696129263137,0.6385769349674545,10,0,3,0,10.040786504745483,0.0,0.0007150173187255859,0.0,0.0,10.365081787109375,0
2024,foolsgold,foolsgold,False,False,False,24,0.3376343578251723,0.7894463161958913,0.6850588812561335,0.5239611338076074,0.637128763482776,10,0,3,0,10.195785760879517,0.0,0.0007104873657226562,0.0,0.0,10.466264724731445,0
2024,foolsgold,foolsgold,False,False,False,25,0.33718908865475933,0.7704720104992449,0.6886162904808636,0.5287050376035297,0.6414287171457205,10,0,3,0,10.236191272735596,0.0,0.0008919239044189453,0.0,0.0,10.5619637966156,0
2024,foolsgold,foolsgold,False,False,False,26,0.3372205752628638,0.7697459631742977,0.688837095191364,0.529655735970579,0.6418963794697288,10,0,3,0,10.04935908317566,0.0,0.0007221698760986328,0.0,0.0,10.335723876953125,0
2024,foolsgold,foolsgold,False,False,False,27,0.33709562677751925,0.781026893743004,0.6877330716388617,0.5273659644519061,0.6407414362564838,10,0,3,0,10.033179998397827,0.0,0.0007138252258300781,0.0,0.0,10.298165798187256,0
2024,foolsgold,foolsgold,False,False,False,28,0.33561981527193896,0.7797840391688773,0.6876594700686948,0.5264157355625066,0.6408848926057779,10,0,3,0,11.849823713302612,0.0,0.0007164478302001953,0.0,0.0,12.310694217681885,0
2024,foolsgold,foolsgold,False,False,False,29,0.3354261192812935,0.7646200073361982,0.686702649656526,0.5239354867562006,0.6407791558836778,10,0,3,0,12.107349157333374,0.0,0.0007185935974121094,0.0,0.0,12.39775538444519,0
2024,fedavg_he,fedavg,True,False,False,0,0.4824955330465485,1.6081588161120355,0.5375368007850834,0.3667525478286447,0.49692014144998226,10,0,3,0,12.456198692321777,6.884056806564331,3.3567066192626953,0.19584226608276367,0.0,23.18894672393799,12062720
2024,fedavg_he,fedavg,True,False,False,1,0.40377349871095775,1.112881101359329,0.6166339548577037,0.39188006197064046,0.5345641733595137,10,0,3,0,12.755417346954346,5.557929515838623,3.387550115585327,0.19512224197387695,0.0,22.196776151657104,12062720
2024,fedavg_he,fedavg,True,False,False,2,0.38299976489690385,0.9153745477169138,0.624730127576055,0.43016944947477226,0.5400008229167519,10,0,3,0,12.692410230636597,5.627504348754883,3.360696792602539,0.20389938354492188,0.0,22.183587789535522,12062720
2024,fedavg_he,fedavg,True,False,False,3,0.3727443067963784,0.8703646134815459,0.6266683022571148,0.4323099782955791,0.5413888929878924,10,0,3,0,10.560187339782715,5.565090656280518,3.3586654663085938,0.19304466247558594,0.0,19.97532629966736,12062720
2024,fedavg_he,fedavg,True,False,False,4,0.3675170740880241,0.8528461864347898,0.6314033366045142,0.43900660901633126,0.548203108439999,10,0,3,0,9.983939170837402,5.593409538269043,3.3564295768737793,0.20438361167907715,0.0,19.437078952789307,12062720
2024,fedavg_he,fedavg,True,False,False,5,0.3629051827936223,0.847528772475792,0.6377330716388616,0.44709685404573574,0.5565145918875392,10,0,3,0,10.011520862579346,5.638947486877441,3.3589882850646973,0.19246339797973633,0.0,19.500779628753662,12062720
2024,fedavg_he,fedavg,True,False,False,6,0.35952272696128124,0.8520461721672979,0.6405544651619235,0.45238532403009313,0.5610162977110973,10,0,3,0,9.866071701049805,5.662086009979248,3.361853837966919,0.2030777931213379,0.0,19.39241671562195,12062720
2024,fedavg_he,fedavg,True,False,False,7,0.3559967524468075,0.8310166932649772,0.6477674190382728,0.46160075518550103,0.5735915197286623,10,0,3,0,11.357882022857666,5.602848291397095,3.3598005771636963,0.2008659839630127,0.0,20.82028341293335,12062720
2024,fedavg_he,fedavg,True,False,False,8,0.3544858270421761,0.8234000448389774,0.654342492639843,0.473011303731519,0.5850828160753362,10,0,3,0,10.098735332489014,5.596512317657471,3.1486504077911377,0.40577125549316406,0.0,19.5503568649292,12062720
2024,fedavg_he,fedavg,True,False,False,9,0.35261861599802197,0.8071832374220859,0.6585868498527968,0.48486481254268143,0.5948554357362038,10,0,3,0,10.432602882385254,5.645430564880371,3.1492671966552734,0.2048952579498291,0.0,19.946107864379883,12062720
2024,fedavg_he,fedavg,True,False,False,10,0.35027836698505244,0.803924377860686,0.6621933267909715,0.4917034695363798,0.601529880679119,10,0,3,0,9.985929250717163,5.597085475921631,3.173884153366089,0.20503759384155273,0.0,19.477088928222656,12062720
2024,fedavg_he,fedavg,True,False,False,11,0.3482312481707285,0.7970888266970528,0.6678606476938175,0.49853780448211393,0.6111451196267431,10,0,3,0,9.986506938934326,5.568388223648071,3.1456551551818848,0.19420886039733887,0.0,19.404377222061157,12062720
2024,fedavg_he,fedavg,True,False,False,12,0.3480860932103821,0.8026259866851118,0.6720559371933268,0.5055041648676442,0.618165395529953,10,0,3,0,9.840151309967041,5.6120851039886475,3.188220977783203,0.21332645416259766,0.0,19.529884576797485,12062720
2024,fedavg_he,fedavg,True,False,False,13,0.34711922448629734,0.8110075496714764,0.6751717369970559,0.5107673434659944,0.6235814322127006,10,0,3,0,10.569979667663574,5.736506938934326,3.2211287021636963,0.19304609298706055,0.0,20.246228456497192,12062720
2024,fedavg_he,fedavg,True,False,False,14,0.3461815625595915,0.8101559295504555,0.6747791952894995,0.5075231293002662,0.6229065024699411,10,0,3,0,12.990282535552979,5.172950983047485,3.174030303955078,0.18775677680969238,0.0,22.039238929748535,12062720
2024,fedavg_he,fedavg,True,False,False,15,0.3451674185231695,0.7975278650345582,0.6793915603532875,0.5151156832723232,0.6281739753564837,10,0,3,0,13.046653985977173,5.164911985397339,3.1372759342193604,0.1850583553314209,0.0,22.044992923736572,12062720
2024,fedavg_he,fedavg,True,False,False,16,0.3435229132227008,0.7922056218709749,0.6814278704612365,0.5159967492509154,0.6314224714162313,10,0,3,0,12.778009176254272,5.161272764205933,3.1392781734466553,0.19064617156982422,0.0,21.57725167274475,12062720
2024,fedavg_he,fedavg,True,False,False,17,0.342921920220664,0.7804628860728196,0.6805937193326791,0.5147538642467846,0.6312429710383588,10,0,3,0,12.770659685134888,5.358355522155762,3.1374239921569824,0.18466591835021973,0.0,21.75232744216919,12062720
2024,fedavg_he,fedavg,True,False,False,18,0.3428314772725013,0.79068846847639,0.6819921491658488,0.5196844420354862,0.633220275918206,10,0,3,0,10.158485412597656,5.409060955047607,3.1532838344573975,0.18326640129089355,0.0,19.200186491012573,12062720
2024,fedavg_he,fedavg,True,False,False,19,0.34229201311737273,0.7756254845676291,0.6841265947006869,0.5237061868213326,0.6367781668769555,10,0,3,0,10.185227394104004,5.377901554107666,3.141972064971924,0.1890716552734375,0.0,19.194356203079224,12062720
2024,fedavg_he,fedavg,True,False,False,20,0.3405857563500311,0.7748361754113254,0.6850343473994112,0.5235701014277516,0.6380280625863964,10,0,3,0,9.941335201263428,5.387106895446777,3.144127368927002,0.18985557556152344,0.0,18.964884519577026,12062720
2024,fedavg_he,fedavg,True,False,False,21,0.33952773059500246,0.784083754789373,0.6871687929342493,0.5281413224567977,0.6402605790372964,10,0,3,0,10.341576099395752,5.379746675491333,3.1356141567230225,0.18967127799987793,0.0,19.349851608276367,12062720
2024,fedavg_he,fedavg,True,False,False,22,0.34009634631043845,0.7789067531357335,0.6884936211972522,0.5301574095997628,0.6420611698950557,10,0,3,0,10.046268939971924,5.279297828674316,3.1731202602386475,0.18812799453735352,0.0,18.990596055984497,12062720
2024,fedavg_he,fedavg,True,False,False,23,0.3384591397725486,0.7609513347352452,0.6893523061825318,0.5297068213393749,0.6435242993327402,10,0,3,0,9.968591928482056,5.345271587371826,3.1514928340911865,0.19253897666931152,0.0,18.96674871444702,12062720
2024,fedavg_he,fedavg,True,False,False,24,0.3382222002405779,0.7698451063700817,0.6885917566241413,0.5309045433636238,0.6422682415448888,10,0,3,0,10.951001644134521,5.343378305435181,3.1409413814544678,0.19177889823913574,0.0,19.93086338043213,12062720
2024,fedavg_he,fedavg,True,False,False,25,0.3383405596281434,0.7614815334810476,0.6906526005888126,0.5329812595038328,0.6445830411591384,10,0,3,0,10.12098503112793,5.4013354778289795,3.1461007595062256,0.1815330982208252,0.0,19.15255093574524,12062720
2024,fedavg_he,fedavg,True,False,False,26,0.3374348604953459,0.7627964233158849,0.6913886162904809,0.5323826103560846,0.6453166186199409,10,0,3,0,10.104363203048706,5.3805248737335205,3.170314311981201,0.18261981010437012,0.0,19.13955807685852,12062720
2024,fedavg_he,fedavg,True,False,False,27,0.33750423106421207,0.7648096685437623,0.6917811579980373,0.5331275089068298,0.646025105672094,10,0,3,0,10.148544788360596,5.164341926574707,3.3530850410461426,0.1911017894744873,0.0,19.15897512435913,12062720
2024,fedavg_he,fedavg,True,False,False,28,0.33616321785428005,0.7688227585183276,0.6931059862610403,0.5366552141804999,0.6479005458542488,10,0,3,0,10.091678380966187,5.193850755691528,3.3552355766296387,0.19101548194885254,0.0,19.138435125350952,12062720
2024,fedavg_he,fedavg,True,False,False,29,0.3370496250891786,0.7541172959736683,0.6918792934249264,0.5355518544409621,0.647266737855505,10,0,3,0,9.6258864402771,5.152122259140015,3.3512399196624756,0.18274307250976562,0.0,18.60615062713623,12062720
2024,fedavg_he_fuzzy,fedavg,True,True,False,0,0.4824955330465485,1.047838801420472,0.6088567222767419,0.36249050820597273,0.5127936964922966,10,0,3,0,9.819869041442871,5.417104959487915,3.496976137161255,0.19271588325500488,0.09712743759155273,19.339191198349,12062720
2024,fedavg_he_fuzzy,fedavg,True,True,False,1,0.3872080988172716,0.7559338585551283,0.6219578017664377,0.37614881450092763,0.5281921251716688,10,0,3,0,9.79296326637268,5.355095148086548,3.567601203918457,0.1863541603088379,0.10235977172851562,19.313655138015747,12062720
2024,fedavg_he_fuzzy,fedavg,True,True,False,2,0.3696658852060188,0.6809935879543555,0.6584396467124632,0.431735563674142,0.5924404768776802,10,0,3,0,9.888512134552002,5.395183801651001,3.526426076889038,0.1846761703491211,0.10161805152893066,19.392125606536865,12062720
2024,fedavg_he_fuzzy,fedavg,True,True,False,3,0.3607611941558734,0.6438863737426398,0.6760058881256134,0.458129240645801,0.6235283147773953,10,0,3,0,9.976313829421997,5.370911598205566,3.4647228717803955,0.19179272651672363,0.09767532348632812,19.40743064880371,12062720
2024,fedavg_he_fuzzy,fedavg,True,True,False,4,0.35589458286542375,0.618551625260193,0.683243375858685,0.49519926882592713,0.6368312418862258,10,0,3,0,10.039427042007446,5.356109619140625,3.536639928817749,0.18735313415527344,0.09749722480773926,19.52206063270569,12062720
2024,fedavg_he_fuzzy,fedavg,True,True,False,5,0.3522500975665868,0.6112872227602314,0.6902845927379784,0.5052179897170489,0.6465841500931857,10,0,3,0,9.95974063873291,5.3843162059783936,3.6948394775390625,0.18213176727294922,0.09751629829406738,19.617572784423828,12062720
2024,fedavg_he_fuzzy,fedavg,True,True,False,6,0.34918062363963914,0.6046249868825326,0.6936457311089304,0.5171556749566462,0.6518319856970867,10,0,3,0,10.044898509979248,5.177404880523682,3.70271372795105,0.18624639511108398,0.10175633430480957,19.517502307891846,12062720
2024,fedavg_he_fuzzy,fedavg,True,True,False,7,0.34598346135543634,0.5984519149885094,0.6983807654563298,0.5257467996243916,0.6599248765615624,10,0,3,0,9.922024011611938,5.232142686843872,3.735531806945801,0.1873786449432373,0.10162949562072754,19.483710289001465,12062720
2024,fedavg_he_fuzzy,fedavg,True,True,False,8,0.3448004000303632,0.5876106501795476,0.7034347399411187,0.5327530440985235,0.6680706500768413,10,0,3,0,10.117006540298462,5.261312484741211,3.559774160385132,0.18835830688476562,0.3058197498321533,19.737983465194702,12062720
2024,fedavg_he_fuzzy,fedavg,True,True,False,9,0.3425027050743294,0.5810812893044843,0.7053729146221787,0.5359518777231048,0.6721919627353649,10,0,3,0,10.214528799057007,5.405209302902222,3.528231620788574,0.18627572059631348,0.12726283073425293,19.762971878051758,12062720
2024,fedavg_he_fuzzy,fedavg,True,True,False,10,0.34100802822585596,0.5791227211545096,0.7071884200196271,0.5425044841061727,0.6744077539093721,10,0,3,0,9.955764532089233,5.424669027328491,3.525784730911255,0.1874685287475586,0.09655356407165527,19.49051809310913,12062720
2024,fedavg_he_fuzzy,fedavg,True,True,False,11,0.33928213208008023,0.5814003859230767,0.7072374877330716,0.5417796621907613,0.6728911338815406,10,0,3,0,10.063961505889893,5.3837730884552,3.5289392471313477,0.1917572021484375,0.09909820556640625,19.574461460113525,12062720
2024,fedavg_he_fuzzy,fedavg,True,True,False,12,0.33893162045160585,0.5774675887747064,0.7084887144259078,0.5433580729377127,0.6753077756081459,10,0,3,0,12.778905391693115,5.417644739151001,3.501420497894287,0.1853327751159668,0.10138964653015137,22.288594245910645,12062720
2024,fedavg_he_fuzzy,fedavg,True,True,False,13,0.3377030987739126,0.5827182286854932,0.7069185475956821,0.5413349032968762,0.6729461019432122,10,0,3,0,12.868797779083252,5.341946601867676,3.568239450454712,0.18277764320373535,0.09789156913757324,22.5801944732666,12062720
2024,fedavg_he_fuzzy,fedavg,True,True,False,14,0.33726633414973783,0.5731135225155637,0.7095436702649657,0.5433795579732466,0.6772061251891031,10,0,3,0,12.818909883499146,5.1369006633758545,3.7121388912200928,0.18150115013122559,0.09918498992919922,22.253342628479004,12062720
2024,fedavg_he_fuzzy,fedavg,True,True,False,15,0.33653776990927764,0.5623531255450637,0.7134936211972522,0.5493562769899474,0.6825583232803909,10,0,3,0,12.975255012512207,5.159579515457153,3.7794687747955322,0.18303942680358887,0.09690523147583008,22.49472999572754,12062720
2024,fedavg_he_fuzzy,fedavg,True,True,False,16,0.3342718700860361,0.5612032814512543,0.715603532875368,0.5533991946895763,0.6851351597486791,10,0,3,0,11.847898960113525,5.197747468948364,3.718329668045044,0.18363618850708008,0.10143280029296875,21.347627878189087,12062720
2024,fedavg_he_fuzzy,fedavg,True,True,False,17,0.3346267932445516,0.556647086400864,0.7197742885181551,0.5576502169516591,0.6941622322750755,10,0,3,0,9.966226816177368,5.162088394165039,3.5399439334869385,0.1889793872833252,0.3057725429534912,19.468219995498657,12062720
2024,fedavg_he_fuzzy,fedavg,True,True,False,18,0.33360837604470495,0.5525278033405338,0.7283120706575074,0.5669811659735758,0.7103579241450871,10,0,3,0,9.967973709106445,5.363199234008789,3.5358850955963135,0.18700098991394043,0.09641313552856445,19.44418215751648,12062720
2024,fedavg_he_fuzzy,fedavg,True,True,False,19,0.3330165229163614,0.5547798261558226,0.7274288518155054,0.5666137318645772,0.7096965748043753,10,0,3,0,10.16535210609436,5.300238847732544,3.543948173522949,0.18716645240783691,0.10055851936340332,19.599700689315796,12062720
2024,fedavg_he_fuzzy,fedavg,True,True,False,20,0.33277070313482693,0.5542264434844402,0.7229882237487734,0.5616434076878605,0.7017011380798394,10,0,3,0,10.144893169403076,5.380348205566406,3.5000123977661133,0.1856706142425537,0.09685754776000977,19.612867832183838,12062720
2024,fedavg_he_fuzzy,fedavg,True,True,False,21,0.3321484905358689,0.568026838218382,0.7151128557409224,0.5493534091323092,0.6837247550780244,10,0,3,0,10.11272931098938,5.388819456100464,3.5285723209381104,0.1830892562866211,0.09981536865234375,19.612743377685547,12062720
2024,fedavg_he_fuzzy,fedavg,True,True,False,22,0.33314615021712757,0.570293871998436,0.716756624141315,0.5540612165555319,0.6844753918928881,10,0,3,0,9.981213331222534,5.313751220703125,3.4796299934387207,0.19099903106689453,0.10086965560913086,19.371185541152954,12062720
2024,fedavg_he_fuzzy,fedavg,True,True,False,23,0.3310089257385416,0.5524878639468267,0.7206820412168793,0.5582616436297384,0.6914104245247097,10,0,3,0,9.848987340927124,5.395861625671387,3.707904100418091,0.19022917747497559,0.09611082077026367,19.552173614501953,12062720
2024,fedavg_he_fuzzy,fedavg,True,True,False,24,0.3306089368017611,0.5458436570995806,0.7298822374877331,0.5693624362800788,0.7112260400185817,10,0,3,0,10.158489227294922,5.199191570281982,3.73996639251709,0.1839132308959961,0.10406064987182617,19.686415672302246,12062720
2024,fedavg_he_fuzzy,fedavg,True,True,False,25,0.33064143500708987,0.5349689974050176,0.7423945044160942,0.5838580870222237,0.7307073355788384,10,0,3,0,10.210691928863525,5.197595119476318,3.7028744220733643,0.18042755126953125,0.09997892379760742,19.693318128585815,12062720
2024,fedavg_he_fuzzy,fedavg,True,True,False,26,0.33070759359771357,0.5358794275046097,0.7448969578017665,0.5857172743141636,0.7340391874882607,10,0,3,0,10.140324831008911,5.14679741859436,3.4778478145599365,0.19253945350646973,0.30809807777404785,19.569424390792847,12062720
2024,fedavg_he_fuzzy,fedavg,True,True,False,27,0.3306108354419484,0.5421648326870036,0.733954857703631,0.5739474475433841,0.7168622398033703,10,0,3,0,10.539031744003296,5.350261688232422,3.499668598175049,0.18447661399841309,0.10240483283996582,19.976505279541016,12062720
2024,fedavg_he_fuzzy,fedavg,True,True,False,28,0.3287935456339931,0.5525077962079857,0.7247301275760549,0.5628351126618513,0.6985331303709317,10,0,3,0,10.522543907165527,5.395232915878296,3.5236947536468506,0.18689751625061035,0.0969088077545166,20.025500535964966,12062720
2024,fedavg_he_fuzzy,fedavg,True,True,False,29,0.3282896509127228,0.5560613877405948,0.7220068694798822,0.5596058953969842,0.6936862047097492,10,0,3,0,10.040406227111816,5.336810111999512,3.5283381938934326,0.1930861473083496,0.10025763511657715,19.502721309661865,12062720
2024,full_system,fedavg,True,True,True,0,0.4824955330465485,0.9111993611853303,0.608954857703631,0.35984438209979924,0.5110506693312526,7,3,3,3,10.138910055160522,5.325896978378296,2.1953563690185547,0.18304705619812012,0.10219216346740723,18.248276472091675,12062720
2024,full_system,fedavg,True,True,True,1,0.3831039321606947,0.6896672242289086,0.6461972522080471,0.4105438979519054,0.5742987873986451,7,3,3,3,10.029925107955933,5.314714193344116,2.2345075607299805,0.18859648704528809,0.0940709114074707,18.170235633850098,12062720
2024,full_system,fedavg,True,True,True,2,0.36585675076620927,0.628336399366624,0.6889106967615309,0.4755613728439551,0.6511599698563185,7,3,3,3,10.030736923217773,5.3354408740997314,2.2257919311523438,0.19346380233764648,0.10167169570922852,18.190509557724,12062720
2024,full_system,fedavg,True,True,True,3,0.35748477823399905,0.6054036822707426,0.7018891069676153,0.49277979152218265,0.6724475958615214,7,3,3,3,10.33275294303894,5.3239970207214355,2.2514660358428955,0.1898493766784668,0.10167860984802246,18.717716217041016,12062720
2024,full_system,fedavg,True,True,True,4,0.3530222894755409,0.5816520249176774,0.714892051030422,0.5352122209106165,0.6911423422448172,7,3,3,3,9.967833280563354,5.175259113311768,2.2484304904937744,0.3891584873199463,0.09624218940734863,18.17701244354248,12062720
2024,full_system,fedavg,True,True,True,5,0.3496933758060357,0.5711615804835086,0.713910696761531,0.5359357304389731,0.6870221546687831,7,3,3,3,10.041490316390991,5.150266885757446,2.454256296157837,0.18494725227355957,0.09709811210632324,18.226311922073364,12062720
2024,full_system,fedavg,True,True,True,6,0.3466212243356511,0.5656678324241751,0.7190382728164868,0.5493531817300783,0.6949373410509738,7,3,3,3,9.799193382263184,5.112660646438599,2.4925267696380615,0.18841314315795898,0.09735274314880371,17.995208263397217,12062720
2024,full_system,fedavg,True,True,True,7,0.3432513197440178,0.5628559820083453,0.7216388616290481,0.5535262396359417,0.6985050772181199,7,3,3,3,9.89224624633789,5.150708198547363,2.4480395317077637,0.18670010566711426,0.09899187088012695,18.074059009552002,12062720
2024,full_system,fedavg,True,True,True,8,0.34239382388469625,0.5584637388279908,0.7509813542688911,0.5815936136548374,0.7404062417483946,6,4,3,3,10.202834129333496,5.135132312774658,2.059206485748291,0.18154025077819824,0.1010737419128418,17.98016881942749,12062720
2024,full_system,fedavg,True,True,True,9,0.34003586705770583,0.5608954597151198,0.7521589793915604,0.5796598494094072,0.7404900948597296,6,4,3,3,9.99134111404419,5.168102502822876,2.0679969787597656,0.18747162818908691,0.09571528434753418,17.80857515335083,12062720
2024,full_system,fedavg,True,True,True,10,0.33904946764269284,0.5521444790496677,0.7511040235525025,0.5836712221923792,0.7416224089544703,6,4,3,3,10.362788915634155,5.162681579589844,2.0985443592071533,0.1919231414794922,0.09681415557861328,18.21687960624695,12062720
2024,full_system,fedavg,True,True,True,11,0.33710222565675657,0.5513700236282124,0.7493621197252208,0.5836292166296866,0.740167647032209,6,4,3,3,11.04890251159668,5.1137495040893555,2.095964193344116,0.19320178031921387,0.09995341300964355,18.85359764099121,12062720
2024,full_system,fedavg,True,True,True,12,0.33678935221347295,0.545789236081828,0.7538518155053975,0.587845420428724,0.7450653949204425,6,4,3,3,11.28001093864441,5.106734037399292,2.103573799133301,0.1847066879272461,0.09823417663574219,19.078020811080933,12062720
2024,full_system,fedavg,True,True,True,13,0.3362878479930552,0.5540231871300755,0.7470068694798823,0.5832500955541791,0.7372428111004428,6,4,3,3,11.219520330429077,5.165719270706177,2.101323366165161,0.18649959564208984,0.09789848327636719,19.073437690734863,12062720
2024,full_system,fedavg,True,True,True,14,0.335837622265424,0.5423221928799585,0.7560598626104024,0.5917705609003956,0.7475202104081542,6,4,3,3,11.180732011795044,5.152053117752075,2.136397123336792,0.18572688102722168,0.1010587215423584,19.05751609802246,12062720
2024,full_system,fedavg,True,True,True,15,0.3354313436796268,0.5374073406664968,0.7584396467124632,0.5918686685593448,0.7500065242719964,6,4,3,3,10.377526044845581,5.1601667404174805,2.03532075881958,0.1842198371887207,0.0969533920288086,18.154470920562744,12062720
2024,full_system,fedavg,True,True,True,16,0.33373252300080747,0.534546790904456,0.755937193326791,0.5882841036567328,0.7423539128102421,5,5,3,3,9.902623891830444,5.142391681671143,1.5806946754455566,0.18617701530456543,0.09607458114624023,17.42271375656128,12062720
2024,full_system,fedavg,True,True,True,17,0.3329696178741356,0.5420500084275235,0.7507114818449461,0.5837760812901243,0.735345721915397,5,5,3,3,9.882730484008789,5.1730358600616455,1.5547311305999756,0.1828596591949463,0.09561491012573242,17.40176558494568,12062720
2024,full_system,fedavg,True,True,True,18,0.3324230110833198,0.5435644589649683,0.7542198233562316,0.5856462682808343,0.7389820830028739,5,5,3,3,9.879756450653076,5.1446146965026855,1.5963499546051025,0.18759512901306152,0.09935283660888672,17.428727626800537,12062720
2024,full_system,fedavg,True,True,True,19,0.33270669126337643,0.555275864081715,0.7544896957801767,0.5858979355051391,0.7387105082358202,5,5,3,3,9.888724565505981,5.156662225723267,1.5701687335968018,0.188218355178833,0.1005241870880127,17.421225547790527,12062720
2024,full_system,fedavg,True,True,True,20,0.3338101765980162,0.5664072068563505,0.7464671246319922,0.5781163934218987,0.7296521004865414,5,5,3,3,10.019489765167236,5.105574607849121,1.526545763015747,0.1898338794708252,0.09752774238586426,17.46516752243042,12062720
2024,full_system,fedavg,True,True,True,21,0.331940995910293,0.5701884665596825,0.7457801766437684,0.5780582807335257,0.7300005899917156,5,5,3,3,9.962390184402466,5.171180486679077,1.6000912189483643,0.19111323356628418,0.09634041786193848,17.321885585784912,12062720
2024,full_system,fedavg,True,True,True,22,0.3338216247981549,0.5691999748012854,0.7483807654563297,0.5828236561314584,0.7335466349146335,5,5,3,3,10.052715539932251,5.339550018310547,1.80375337600708,0.1877138614654541,0.10012698173522949,17.789239168167114,12062720
2024,full_system,fedavg,True,True,True,23,0.3338559119496321,0.5829712849954861,0.7442836113837095,0.5781675517734819,0.7278918866322621,5,5,3,3,9.859171152114868,5.336370944976807,1.7956855297088623,0.18841886520385742,0.09805560111999512,17.797736883163452,12062720
2024,full_system,fedavg,True,True,True,24,0.3337051318317418,0.5591651938965323,0.7509077526987242,0.583628151590277,0.7352543349868802,5,5,3,3,9.899050235748291,5.216334342956543,1.5910398960113525,0.18196845054626465,0.09646153450012207,17.50423264503479,12062720
2024,full_system,fedavg,True,True,True,25,0.33430642329938726,0.5609175857079742,0.751766437684004,0.5828748276871373,0.7370164026034767,5,5,3,3,10.220614671707153,5.152034759521484,1.5707504749298096,0.18999385833740234,0.09624147415161133,17.750466346740723,12062720
2024,full_system,fedavg,True,True,True,26,0.3338296626812793,0.5570731315575357,0.7539744847890089,0.5863238443242049,0.7400017790743514,5,5,3,3,10.929507493972778,5.167304039001465,1.6259775161743164,0.1916208267211914,0.09726667404174805,18.53072190284729,12062720
2024,full_system,fedavg,True,True,True,27,0.3337525399810698,0.5502084179879171,0.7569921491658489,0.591481622166171,0.7433006896981219,5,5,3,3,10.152384519577026,5.134919166564941,1.5851964950561523,0.18651294708251953,0.09765958786010742,17.675068140029907,12062720
2024,full_system,fedavg,True,True,True,28,0.33341234714083134,0.5373950243230189,0.7613346418056919,0.5950135322544816,0.7500357598095079,5,5,3,3,10.144962072372437,5.1479268074035645,1.5670666694641113,0.19330310821533203,0.10036063194274902,17.673365831375122,12062720
2024,full_system,fedavg,True,True,True,29,0.33391410091618423,0.5456398317226601,0.7568940137389598,0.5865728987472228,0.7430928897749076,5,5,3,3,9.999622344970703,5.156283855438232,1.5344247817993164,0.1820380687713623,0.09924006462097168,17.2732253074646,12062720
2024,full_system_neuro,fedavg,True,True,True,0,0.4835028969127184,1.451820117475006,0.6102306182531894,0.39185226308253435,0.5318976620899092,10,0,3,0,10.049264907836914,5.164673089981079,3.1366758346557617,0.19089365005493164,0.002471923828125,19.062041759490967,12062720
2024,full_system_neuro,fedavg,True,True,True,1,0.3981427782209887,0.9120721474479997,0.615161923454367,0.3788702586385998,0.5267668965250829,10,0,3,0,10.231096982955933,5.175627708435059,3.1041152477264404,0.18782925605773926,0.0014047622680664062,19.217248678207397,12062720
2024,full_system_neuro,fedavg,True,True,True,2,0.37848810493350665,0.7901735524784945,0.6273307163886163,0.420522060657302,0.5408691262139833,10,0,3,0,10.257115364074707,5.1551878452301025,3.1259124279022217,0.1895606517791748,0.0016813278198242188,19.24767231941223,12062720
2024,full_system_neuro,fedavg,True,True,True,3,0.3666683591157981,0.76771725550718,0.6363346418056919,0.43881421958859046,0.5528183147023125,10,0,3,0,10.286489248275757,5.176538944244385,3.130690813064575,0.1867992877960205,0.0016663074493408203,19.297317028045654,12062720
2024,full_system_neuro,fedavg,True,True,True,4,0.36068128347140993,0.6190313996229836,0.6911432777232581,0.5064231065597222,0.6567526942197096,7,3,3,3,10.093770265579224,5.161457538604736,2.228550910949707,0.1927323341369629,0.6236398220062256,18.608193159103394,12062720
2024,full_system_neuro,fedavg,True,True,True,5,0.3535546988207291,0.5958625007307448,0.7021099116781158,0.5242800217241318,0.6741655527209943,7,3,3,3,10.070428609848022,5.393905878067017,2.261533737182617,0.18772435188293457,0.0018110275268554688,18.2136390209198,12062720
2024,full_system_neuro,fedavg,True,True,True,6,0.3495693933902333,0.5857653002977605,0.7051521099116781,0.5323423327475445,0.6774385331638629,7,3,3,3,10.350117206573486,5.322761297225952,2.2509512901306152,0.18950605392456055,0.0018815994262695312,18.41439199447632,12062720
2024,full_system_neuro,fedavg,True,True,True,7,0.3463692319850027,0.5785387138389161,0.7100343473994112,0.5398077936747268,0.68330955231056,7,3,3,3,10.416266918182373,5.386187553405762,2.246109962463379,0.19157910346984863,0.0012662410736083984,18.54772639274597,12062720
2024,full_system_neuro,fedavg,True,True,True,8,0.3441533606492745,0.5694083740713551,0.714720314033366,0.5475588614218065,0.6882687421265639,7,3,3,3,9.970598936080933,5.182333707809448,2.452401638031006,0.18477082252502441,0.00141143798828125,18.091010332107544,12062720
2024,full_system_neuro,fedavg,True,True,True,9,0.34286764384273266,0.5782339461067357,0.708954857703631,0.5399337470454444,0.6769263697760212,7,3,3,3,12.526602268218994,5.171836614608765,2.2337381839752197,0.42379164695739746,0.001283884048461914,20.659816026687622,12062720
2024,full_system_neuro,fedavg,True,True,True,10,0.3408390481191092,0.566067501887957,0.7149411187438666,0.5465217038252821,0.6870576433798024,7,3,3,3,12.797003030776978,5.194013595581055,2.243501663208008,0.1918473243713379,0.001298666000366211,20.943947553634644,12062720
2024,full_system_neuro,fedavg,True,True,True,11,0.3390680138324411,0.563684595648978,0.7207311089303239,0.5546808620855681,0.6987097113120065,7,3,3,3,13.024577856063843,5.189555644989014,2.236541509628296,0.18998312950134277,0.00159454345703125,21.162946224212646,12062720
2024,full_system_neuro,fedavg,True,True,True,12,0.33760563951867606,0.5565383222316035,0.7265456329735034,0.5607220916319261,0.7050970780251308,7,3,3,3,12.740225791931152,5.205228090286255,2.2360737323760986,0.19218921661376953,0.001598358154296875,20.67765164375305,12062720
2024,full_system_neuro,fedavg,True,True,True,13,0.3362633758616302,0.5522683260602268,0.7320657507360157,0.5670998984911741,0.7140438377486086,7,3,3,3,12.834742546081543,5.321135520935059,2.220396041870117,0.19133758544921875,0.0015292167663574219,20.87118625640869,12062720
2024,full_system_neuro,fedavg,True,True,True,14,0.3353871987806866,0.5517438025657048,0.7347890088321885,0.5721427191633597,0.7185997109338008,7,3,3,3,9.985403776168823,5.39123010635376,2.2627077102661133,0.18952274322509766,0.0015285015106201172,18.130207538604736,12062720
2024,full_system_neuro,fedavg,True,True,True,15,0.3346302642488622,0.5562377016256556,0.7285819430814524,0.5686452559627058,0.7090431188459587,7,3,3,3,9.793259382247925,5.407232284545898,2.267652988433838,0.19039344787597656,0.002779245376586914,17.963483333587646,12062720
2024,full_system_neuro,fedavg,True,True,True,16,0.33449453408157487,0.5552269034343565,0.7302257114818449,0.5678537531771477,0.7110473586816685,7,3,3,3,9.947682619094849,5.192282199859619,2.4779553413391113,0.1892080307006836,0.001384735107421875,18.107179403305054,12062720
2024,full_system_neuro,fedavg,True,True,True,17,0.3352193749258633,0.5494775691607984,0.7337095191364083,0.570723276785174,0.7158162522535697,7,3,3,3,9.936954021453857,5.1871864795684814,2.2357046604156494,0.1918649673461914,0.0013973712921142578,18.071491718292236,12062720
2024,full_system_neuro,fedavg,True,True,True,18,0.333698155626234,0.5431369897544793,0.7372423945044161,0.5735359970396056,0.7212184601296645,7,3,3,3,10.068140983581543,5.178496599197388,2.2446210384368896,0.191162109375,0.0019464492797851562,18.208832502365112,12062720
2024,full_system_neuro,fedavg,True,True,True,19,0.3347399330599242,0.5452995921725496,0.7327281648675171,0.57380226077957,0.7143323278518914,7,3,3,3,9.947952508926392,5.189794540405273,2.267221212387085,0.18720507621765137,0.001800537109375,18.111315965652466,12062720
2024,full_system_neuro,fedavg,True,True,True,20,0.334318338883311,0.5405041568295644,0.7451913640824338,0.5814084258291758,0.732723093374179,7,3,3,3,10.008806228637695,5.144527196884155,2.241128921508789,0.18535161018371582,0.0019767284393310547,17.88142991065979,12062720
2024,full_system_neuro,fedavg,True,True,True,21,0.33223735239616564,0.5333655974113906,0.7512266928361139,0.5925759440673817,0.7417525700897747,7,3,3,3,10.00666093826294,5.3301942348480225,2.2546627521514893,0.18584990501403809,0.0012962818145751953,18.080660820007324,12062720
2024,full_system_neuro,fedavg,True,True,True,22,0.33096623435238015,0.5350945372576802,0.7379538763493622,0.5760424081555943,0.7207354588644795,7,3,3,3,10.360552787780762,5.38816499710083,2.249258041381836,0.18910956382751465,0.0013818740844726562,18.492040634155273,12062720
2024,full_system_neuro,fedavg,True,True,True,23,0.3321172211807145,0.5417090995271961,0.7329244357212954,0.5726457674733263,0.7123690101771546,7,3,3,3,10.353790760040283,5.277514934539795,2.4887278079986572,0.1857900619506836,0.0012803077697753906,18.610702514648438,12062720
2024,full_system_neuro,fedavg,True,True,True,24,0.33225531055621493,0.541348006049129,0.7336359175662414,0.5718656398963887,0.712836967808117,7,3,3,3,10.085675239562988,5.14481520652771,2.4540295600891113,0.1901693344116211,0.0012807846069335938,18.184245347976685,12062720
2024,full_system_neuro,fedavg,True,True,True,25,0.33281636039171925,0.5433483793878228,0.7299313052011777,0.5671205816731356,0.7079940736556438,7,3,3,3,9.937543630599976,5.192524671554565,2.246638774871826,0.1831204891204834,0.0014452934265136719,18.079039812088013,12062720
2024,full_system_neuro,fedavg,True,True,True,26,0.33136300117350953,0.5526826104191265,0.7214425907752698,0.558210935446324,0.6939379660194657,7,3,3,3,10.135446548461914,5.138477563858032,2.2368340492248535,0.19059491157531738,0.001840353012084961,18.217494010925293,12062720
2024,full_system_neuro,fedavg,True,True,True,27,0.33095338141040487,0.5318342057247742,0.7439646712463199,0.5845975947862437,0.7297184726814094,7,3,3,3,10.130948781967163,5.166988849639893,2.247711181640625,0.18273520469665527,0.0018310546875,18.037025928497314,12062720
2024,full_system_neuro,fedavg,True,True,True,28,0.33002478105787636,0.539819133036036,0.7407752698724239,0.5780171133510769,0.7257674775490087,7,3,3,3,10.068135976791382,5.293235778808594,2.2675507068634033,0.18730735778808594,0.0016143321990966797,18.11711311340332,12062720
2024,full_system_neuro,fedavg,True,True,True,29,0.3305295138728708,0.5395054443778655,0.7358930323846908,0.5761265745105631,0.7174379561836023,7,3,3,3,10.455090761184692,5.357114553451538,2.2469239234924316,0.18881487846374512,0.0012631416320800781,18.555065393447876,12062720
7,fedavg,fedavg,False,False,False,0,0.3753461369498243,0.8015547058884132,0.6073356231599607,0.36184911591552815,0.5106770164735199,10,0,0,0,9.849729776382446,0.0,0.00013184547424316406,0.0,0.0,10.105720043182373,0
7,fedavg,fedavg,False,False,False,1,0.33089971776780064,0.6425025198714656,0.6856476938174682,0.47127706376317247,0.6532096298875821,10,0,0,0,10.075979709625244,0.0,0.00013208389282226562,0.0,0.0,10.544946193695068,0
7,fedavg,fedavg,False,False,False,2,0.3200367541434427,0.5960246781488631,0.7321148184494602,0.522864279795408,0.7167476067068149,10,0,0,0,10.019394159317017,0.0,0.00012946128845214844,0.0,0.0,10.274298667907715,0
7,fedavg,fedavg,False,False,False,3,0.31373099642735097,0.5817104545495929,0.7306427870461236,0.5530326792915565,0.7167650716625451,10,0,0,0,9.843272686004639,0.0,0.00013256072998046875,0.0,0.0,10.13122272491455,0
7,fedavg,fedavg,False,False,False,4,0.31024026814698213,0.5684795076409547,0.7417811579980373,0.5694513295820961,0.730044904450172,10,0,0,0,9.920821189880371,0.0,0.00013399124145507812,0.0,0.0,10.178893327713013,0
7,fedavg,fedavg,False,False,False,5,0.3069322437951737,0.5639969553399952,0.7322620215897939,0.5660014569600305,0.7192428035670672,10,0,0,0,9.81906509399414,0.0,0.00013589859008789062,0.0,0.0,10.071500539779663,0
7,fedavg,fedavg,False,False,False,6,0.305282708972723,0.5611160188474645,0.7294896957801766,0.5633712965966862,0.7151759560393325,10,0,0,0,9.831812620162964,0.0,0.00013375282287597656,0.0,0.0,10.089998960494995,0
7,fedavg,fedavg,False,False,False,7,0.30499122504990783,0.5503566543534179,0.7299067713444554,0.5638241816199181,0.7156708448970626,10,0,0,0,10.110106229782104,0.0,0.0001342296600341797,0.0,0.0,10.362948656082153,0
7,fedavg,fedavg,False,False,False,8,0.3015460409548438,0.5504994887482079,0.7276251226692836,0.5625847993724218,0.7112297579292333,10,0,0,0,9.91439938545227,0.0,0.000133514404296875,0.0,0.0,10.172794818878174,0
7,fedavg,fedavg,False,False,False,9,0.29938488501967464,0.5371103400922033,0.7393277723258096,0.5787104585456835,0.7276014905677763,10,0,0,0,9.66956639289856,0.0,0.00013113021850585938,0.0,0.0,9.924399375915527,0
7,fedavg,fedavg,False,False,False,10,0.29759075259694995,0.5376379415495239,0.7392541707556428,0.5764619939397018,0.7274797370537031,10,0,0,0,9.798609256744385,0.0,0.00013184547424316406,0.0,0.0,10.056850910186768,0
7,fedavg,fedavg,False,False,False,11,0.29649531752308844,0.5318364413844474,0.7447742885181551,0.5821856200435795,0.7343646334013385,10,0,0,0,9.929861783981323,0.0,0.00012993812561035156,0.0,0.0,10.184401273727417,0
7,fedavg,fedavg,False,False,False,12,0.29683173383511063,0.5337783611323812,0.7448233562315996,0.5827388630956754,0.7348686258499229,10,0,0,0,9.885972023010254,0.0,0.0001277923583984375,0.0,0.0,10.328664541244507,0
7,fedavg,fedavg,False,False,False,13,0.29565304587842106,0.5271553264164948,0.7565505397448479,0.5924700915617475,0.7489690370359143,10,0,0,0,9.80541181564331,0.0,0.00013184547424316406,0.0,0.0,10.063434600830078,0
7,fedavg,fedavg,False,False,False,14,0.2947826376532112,0.5271716004615911,0.7526987242394504,0.5925943795859994,0.7443701167944019,10,0,0,0,9.675510168075562,0.0,0.00012993812561035156,0.0,0.0,9.929055213928223,0
7,fedavg,fedavg,False,False,False,15,0.2938365619581068,0.5267068101098656,0.7540480863591756,0.5921792908804024,0.7460502323113889,10,0,0,0,10.075199842453003,0.0,0.0001342296600341797,0.0,0.0,10.33366060256958,0
7,fedavg,fedavg,False,False,False,16,0.293947837302449,0.5229213321524817,0.7580716388616291,0.5966462573419808,0.7508647837151389,10,0,0,0,9.8320472240448,0.0,0.00013017654418945312,0.0,0.0,10.087004661560059,0
7,fedavg,fedavg,False,False,False,17,0.2937766258352389,0.5196439883425846,0.7597890088321885,0.5995385050022227,0.7529694635697715,10,0,0,0,10.73865556716919,0.0,0.000133514404296875,0.0,0.0,10.997721195220947,0
7,fedavg,fedavg,False,False,False,18,0.29051593662736713,0.5180987102594647,0.7587340529931306,0.5975728307121775,0.7518255161402856,10,0,0,0,10.06671690940857,0.0,0.0001308917999267578,0.0,0.0,10.322200059890747,0
7,fedavg,fedavg,False,False,False,19,0.29187300747859657,0.5158629000947332,0.7661187438665358,0.6030068894777809,0.7600498957426225,10,0,0,0,9.78294587135315,0.0,0.00013375282287597656,0.0,0.0,10.041518688201904,0
7,fedavg,fedavg,False,False,False,20,0.29127436752576386,0.5149715374917582,0.7652355250245338,0.6036844850380426,0.759310390743603,10,0,0,0,10.175391912460327,0.0,0.00013136863708496094,0.0,0.0,10.429911851882935,0
7,fedavg,fedavg,False,False,False,21,0.290730383313773,0.5222088298105048,0.7506624141315015,0.5919144997606536,0.741437679535492,10,0,0,0,11.826452255249023,0.0,0.00013208389282226562,0.0,0.0,12.084922552108765,0
7,fedavg,fedavg,False,False,False,22,0.2901370118821232,0.5150534213349677,0.7651373895976448,0.6029770252942914,0.758959561310432,10,0,0,0,12.516643285751343,0.0,0.00012826919555664062,0.0,0.0,12.771885395050049,0
7,fedavg,fedavg,False,False,False,23,0.28807328522392006,0.5126495316405292,0.7628066732090285,0.6026130715268416,0.7565288726331005,10,0,0,0,11.82420563697815,0.0,0.00014019012451171875,0.0,0.0,12.272543907165527,0
7,fedavg,fedavg,False,False,False,24,0.2888990506101493,0.5157265787620656,0.7650392541707557,0.6030647235402756,0.7588002317110807,10,0,0,0,9.955824851989746,0.0,0.00013184547424316406,0.0,0.0,10.212483406066895,0
7,fedavg,fedavg,False,False,False,25,0.2918190662972714,0.5132191426854606,0.7683022571148185,0.6061556403528026,0.7625756241654363,10,0,0,0,9.752780199050903,0.0,0.00013327598571777344,0.0,0.0,10.01226806640625,0
7,fedavg,fedavg,False,False,False,26,0.2860740528691149,0.5102694113659321,0.7682531894013739,0.6067572603913125,0.7625874899454916,10,0,0,0,10.223655700683594,0.0,0.00013256072998046875,0.0,0.0,10.482753038406372,0
7,fedavg,fedavg,False,False,False,27,0.287754752938858,0.5088850139284742,0.7697497546614328,0.6077137036290458,0.7641609393535546,10,0,0,0,9.989161729812622,0.0,0.00013780593872070312,0.0,0.0,10.243795394897461,0
7,fedavg,fedavg,False,False,False,28,0.2864014620707951,0.5123266847140656,0.7650147203140334,0.601738755905653,0.7586552498197651,10,0,0,0,9.888344287872314,0.0,0.00013399124145507812,0.0,0.0,10.147988319396973,0
7,fedavg,fedavg,False,False,False,29,0.2867947687375013,0.5090082267783692,0.765873405299313,0.6040363909949582,0.759842641990198,10,0,0,0,10.16685175895691,0.0,0.0001342296600341797,0.0,0.0,10.421680212020874,0
7,fedavg_attack,fedavg,False,False,False,0,0.3753461369498243,1.4567391407735448,0.4867271835132483,0.2530414184598586,0.36867120855754765,10,0,3,0,11.139628410339355,0.0,0.00013256072998046875,0.0,0.0,11.398787021636963,0
7,fedavg_attack,fedavg,False,False,False,1,0.3464246190015471,1.1059118957819016,0.5482826300294407,0.2984494040805844,0.4314221708147894,10,0,3,0,11.209109544754028,0.0,0.00013446807861328125,0.0,0.0,11.462867975234985,0
7,fedavg_attack,fedavg,False,False,False,2,0.3343563520557383,1.0155813454879745,0.5736506378802748,0.3168527978311393,0.4576308826384488,10,0,3,0,11.030768156051636,0.0,0.00014257431030273438,0.0,0.0,11.298438549041748,0
7,fedavg_attack,fedavg,False,False,False,3,0.32757857883657,0.9958795714074192,0.5796859666339549,0.32472486673661793,0.46747053307895675,10,0,3,0,10.998409509658813,0.0,0.00013446807861328125,0.0,0.0,11.448253631591797,0
7,fedavg_attack,fedavg,False,False,False,4,0.3235186244835137,1.002830455955977,0.5854514229636899,0.331953733423099,0.47647378948383357,10,0,3,0,11.737162351608276,0.0,0.0001327991485595703,0.0,0.0,12.0130774974823,0
7,fedavg_attack,fedavg,False,False,False,5,0.3206956050883398,1.010210425439597,0.5880520117762512,0.3358282393711569,0.480821993888953,10,0,3,0,11.089531183242798,0.0,0.0001327991485595703,0.0,0.0,11.345291137695312,0
7,fedavg_attack,fedavg,False,False,False,6,0.31915359683612,0.9971342586558514,0.589450441609421,0.3378693808902785,0.4831109463751939,10,0,3,0,9.949547290802002,0.0,0.00013566017150878906,0.0,0.0,10.219604015350342,0
7,fedavg_attack,fedavg,False,False,False,7,0.3183318582300814,1.0157328297743269,0.5902109911678116,0.33914300705076533,0.4843747135457224,10,0,3,0,10.116707563400269,0.0,0.00013971328735351562,0.0,0.0,10.37134599685669,0
7,fedavg_attack,fedavg,False,False,False,8,0.3152591293213808,0.9976844645342017,0.5948478900883218,0.3466771511388239,0.4925142112665295,10,0,3,0,9.991719722747803,0.0,0.00013446807861328125,0.0,0.0,10.250997543334961,0
7,fedavg_attack,fedavg,False,False,False,9,0.31425670744315976,0.9707293943755175,0.5986015701668302,0.3522734814287427,0.4985822924312122,10,0,3,0,9.86037802696228,0.0,0.00013256072998046875,0.0,0.0,10.116347074508667,0
7,fedavg_attack,fedavg,False,False,False,10,0.31238021472110533,0.9687398040142565,0.6,0.35499308171015787,0.501171248618575,10,0,3,0,10.035219430923462,0.0,0.0001347064971923828,0.0,0.0,10.294095754623413,0
7,fedavg_attack,fedavg,False,False,False,11,0.31166556377512206,0.9580426666289714,0.6044896957801766,0.3628065686532934,0.5088683545159667,10,0,3,0,10.181235790252686,0.0,0.00013375282287597656,0.0,0.0,10.437435388565063,0
7,fedavg_attack,fedavg,False,False,False,12,0.3112918866371328,0.9757148929854254,0.6042934249263985,0.371364779375781,0.5089262474903538,10,0,3,0,10.265969038009644,0.0,0.00013589859008789062,0.0,0.0,10.524563312530518,0
7,fedavg_attack,fedavg,False,False,False,13,0.3101263625142216,0.9431035454537613,0.6101815505397449,0.3845423081804631,0.5185743876329044,10,0,3,0,10.325109958648682,0.0,0.00013208389282226562,0.0,0.0,10.774016857147217,0
7,fedavg_attack,fedavg,False,False,False,14,0.3087232149881808,0.9253413626209442,0.6131992149165849,0.4003060193823924,0.523596979567867,10,0,3,0,10.505068063735962,0.0,0.000133514404296875,0.0,0.0,10.760138511657715,0
7,fedavg_attack,fedavg,False,False,False,15,0.30843600461457876,0.9052731095633165,0.6157507360157016,0.4076287310740631,0.5277934817168373,10,0,3,0,9.78577470779419,0.0,0.00013256072998046875,0.0,0.0,10.044824361801147,0
7,fedavg_attack,fedavg,False,False,False,16,0.30726829270318307,0.8986341886361284,0.619234543670265,0.41345656834862565,0.5339373149321225,10,0,3,0,10.099673748016357,0.0,0.00013184547424316406,0.0,0.0,10.354937076568604,0
7,fedavg_attack,fedavg,False,False,False,17,0.30677567328106886,0.880760549258905,0.6221050049067713,0.42286500551627115,0.5390138933321289,10,0,3,0,9.983821153640747,0.0,0.00013256072998046875,0.0,0.0,10.243618488311768,0
7,fedavg_attack,fedavg,False,False,False,18,0.3050923763649488,0.8892665664627929,0.6226447497546614,0.4246188883861829,0.540566620164461,10,0,3,0,9.98057746887207,0.0,0.00013494491577148438,0.0,0.0,10.236838102340698,0
7,fedavg_attack,fedavg,False,False,False,19,0.3065269342337962,0.8918936702290274,0.6226202158979391,0.4254571005128323,0.5417204072491059,10,0,3,0,9.928287267684937,0.0,0.0001323223114013672,0.0,0.0,10.188069820404053,0
7,fedavg_attack,fedavg,False,False,False,20,0.3051188806744607,0.8906576888484038,0.6237242394504416,0.4284290087702346,0.5429696659683296,10,0,3,0,10.238116979598999,0.0,0.00013208389282226562,0.0,0.0,10.494905948638916,0
7,fedavg_attack,fedavg,False,False,False,21,0.3055576782422269,0.8921803542746412,0.6276251226692836,0.4391161836122329,0.5511428176466618,10,0,3,0,10.106892108917236,0.0,0.00013446807861328125,0.0,0.0,10.387667417526245,0
7,fedavg_attack,fedavg,False,False,False,22,0.30500370946001504,0.9116061464259154,0.6252944062806673,0.43575710913076643,0.5461279697155234,10,0,3,0,10.586364030838013,0.0,0.00013184547424316406,0.0,0.0,10.842254877090454,0
7,fedavg_attack,fedavg,False,False,False,23,0.303579896918024,0.8909386227713483,0.6274779195289499,0.44180870726592436,0.5497658117188585,10,0,3,0,9.82959508895874,0.0,0.00013256072998046875,0.0,0.0,10.08528208732605,0
7,fedavg_attack,fedavg,False,False,False,24,0.3049627832762815,0.8869554439166577,0.631108930323847,0.4472294710716189,0.5569783058139856,10,0,3,0,9.771294355392456,0.0,0.00013446807861328125,0.0,0.0,10.030434846878052,0
7,fedavg_attack,fedavg,False,False,False,25,0.30411244877428895,0.8771761488984682,0.6311579980372914,0.4466420062644969,0.5567352330649176,10,0,3,0,12.0003981590271,0.0,0.0001347064971923828,0.0,0.0,12.482724666595459,0
7,fedavg_attack,fedavg,False,False,False,26,0.30399882039556875,0.8852348664557969,0.6281403336604514,0.442849793069421,0.5515344947669251,10,0,3,0,13.328117847442627,0.0,0.00013685226440429688,0.0,0.0,13.621774196624756,0
7,fedavg_attack,fedavg,False,False,False,27,0.3035772705295075,0.8762706468336949,0.6355250245338567,0.45311426426964574,0.5653548533916923,10,0,3,0,12.757832050323486,0.0,0.00013780593872070312,0.0,0.0,13.05427360534668,0
7,fedavg_attack,fedavg,False,False,False,28,0.3015580767300006,0.8690612089177694,0.6385672227674191,0.45746943866907697,0.5706216834369204,10,0,3,0,12.54897165298462,0.0,0.00013208389282226562,0.0,0.0,12.805406093597412,0
7,fedavg_attack,fedavg,False,False,False,29,0.30334466685984407,0.8808202202584489,0.6383218842001963,0.45743018384470513,0.5703187291919207,10,0,3,0,12.693617820739746,0.0,0.0001354217529296875,0.0,0.0,12.989301681518555,0
7,fedprox,fedavg,False,False,False,0,0.3893089209632284,1.5526386803803898,0.37590775269872423,0.15247482425053296,0.2234333146977809,10,0,3,0,15.429563522338867,0.0,0.00013256072998046875,0.0,0.0,15.725351810455322,0
7,fedprox,fedavg,False,False,False,1,0.3611106265325986,1.1705739089621412,0.5470804710500491,0.29107728494706375,0.42379134268448004,10,0,3,0,15.240240812301636,0.0,0.00013303756713867188,0.0,0.0,15.533016443252563,0
7,fedprox,fedavg,False,False,False,2,0.3488761162916465,1.0341854855403583,0.5688420019627085,0.3109545759609853,0.4494591198858997,10,0,3,0,15.0680570602417,0.0,0.00013303756713867188,0.0,0.0,15.326945781707764,0
7,fedprox,fedavg,False,False,False,3,0.3401143181002926,0.9973082912096917,0.5756624141315014,0.3200190818479484,0.46092195338554515,10,0,3,0,14.663988590240479,0.0,0.00013399124145507812,0.0,0.0,14.919327974319458,0
7,fedprox,fedavg,False,False,False,4,0.3341273863913132,0.9910391421032607,0.5810598626104023,0.32773564287336476,0.47006987114993526,10,0,3,0,14.800956010818481,0.0,0.00013637542724609375,0.0,0.0,15.249696254730225,0
7,fedprox,fedavg,False,False,False,5,0.33044975064776294,0.9972227761041194,0.584396467124632,0.33272051630651706,0.47576937046437173,10,0,3,0,15.54487919807434,0.0,0.00013208389282226562,0.0,0.0,15.840969324111938,0
7,fedprox,fedavg,False,False,False,6,0.32836688755828175,0.9801586836196255,0.5859666339548577,0.3356527635453911,0.47868266303296175,10,0,3,0,15.242325782775879,0.0,0.00013208389282226562,0.0,0.0,15.498367071151733,0
7,fedprox,fedavg,False,False,False,7,0.3253998071338319,0.9874546309331682,0.5877085377821394,0.3382627539206978,0.4815681924119056,10,0,3,0,14.77631664276123,0.0,0.00013327598571777344,0.0,0.0,15.035849571228027,0
7,fedprox,fedavg,False,False,False,8,0.3233181751706432,0.9791313538256524,0.590161923454367,0.34223042809566756,0.48588025564907533,10,0,3,0,15.03792119026184,0.0,0.00013685226440429688,0.0,0.0,15.315388679504395,0
7,fedprox,fedavg,False,False,False,9,0.322279151018327,0.956582340618579,0.5932777232580961,0.3487180590210778,0.4920203290186868,10,0,3,0,15.510381698608398,0.0,0.0001323223114013672,0.0,0.0,15.76972770690918,0
7,fedprox,fedavg,False,False,False,10,0.3202021789806737,0.9583444687054365,0.5950196270853778,0.35295361067994435,0.49571502244601806,10,0,3,0,15.182068824768066,0.0,0.00013566017150878906,0.0,0.0,15.44721794128418,0
7,fedprox,fedavg,False,False,False,11,0.318762355142368,0.9392427783251043,0.5983316977428852,0.3589371720228405,0.5015983199222899,10,0,3,0,15.090070009231567,0.0,0.00013446807861328125,0.0,0.0,15.38271951675415,0
7,fedprox,fedavg,False,False,False,12,0.31907027719472736,0.9643851312968635,0.5983807654563298,0.35984317869861837,0.50193298215776,10,0,3,0,14.772477149963379,0.0,0.0001323223114013672,0.0,0.0,15.068028688430786,0
7,fedprox,fedavg,False,False,False,13,0.31724119548236984,0.9443056655000307,0.6017419038272817,0.3659411617095152,0.5077205796805041,10,0,3,0,14.499015808105469,0.0,0.000133514404296875,0.0,0.0,14.75349736213684,0
7,fedprox,fedavg,False,False,False,14,0.3150886082744938,0.9281684583489864,0.6041216879293425,0.38173482927662167,0.5118133172356816,10,0,3,0,15.236876487731934,0.0,0.00013756752014160156,0.0,0.0,15.533042192459106,0
7,fedprox,fedavg,False,False,False,15,0.3148585401449421,0.9195531873169545,0.6048331697742885,0.39001773309957377,0.5131132022134134,10,0,3,0,15.514503717422485,0.0,0.00013637542724609375,0.0,0.0,15.963469743728638,0
7,fedprox,fedavg,False,False,False,16,0.3137178621717044,0.9027054746438757,0.6073356231599607,0.3977735740247446,0.5174461695744584,10,0,3,0,15.761208295822144,0.0,0.0001316070556640625,0.0,0.0,16.054213523864746,0
7,fedprox,fedavg,False,False,False,17,0.3129634372807201,0.8824346525512335,0.6107458292443572,0.4029144574477636,0.5229486866525654,10,0,3,0,15.560793161392212,0.0,0.00013208389282226562,0.0,0.0,15.856938362121582,0
7,fedprox,fedavg,False,False,False,18,0.311908610662171,0.8819381099921798,0.6109666339548577,0.40904553248354525,0.5235565968242536,10,0,3,0,15.878587484359741,0.0,0.0001342296600341797,0.0,0.0,16.13338589668274,0
7,fedprox,fedavg,False,False,False,19,0.3119895008981566,0.8988178286865953,0.6084641805691855,0.40394078861986626,0.519776374899085,10,0,3,0,15.38150691986084,0.0,0.00013494491577148438,0.0,0.0,15.638007640838623,0
7,fedprox,fedavg,False,False,False,20,0.3110359505281588,0.908698071301042,0.6091756624141315,0.407263583684116,0.5207847937521192,10,0,3,0,14.407438039779663,0.0,0.00013566017150878906,0.0,0.0,14.666934490203857,0
7,fedprox,fedavg,False,False,False,21,0.31039947668439316,0.9027125245338568,0.610107948969578,0.4103468754065479,0.5225315512462065,10,0,3,0,15.29658317565918,0.0,0.00013685226440429688,0.0,0.0,15.551197290420532,0
7,fedprox,fedavg,False,False,False,22,0.3104271764166942,0.9287079396495875,0.6079244357212954,0.40866244796395945,0.5186758043365551,10,0,3,0,15.216095209121704,0.0,0.00013208389282226562,0.0,0.0,15.477236986160278,0
7,fedprox,fedavg,False,False,False,23,0.30886666071334284,0.910697597095613,0.6097644749754662,0.41155352746871543,0.5219977876191921,10,0,3,0,15.434702634811401,0.0,0.00013518333435058594,0.0,0.0,15.68971061706543,0
7,fedprox,fedavg,False,False,False,24,0.30857471201306036,0.9026474103843382,0.6114573110893032,0.413936430326029,0.5252337547840992,10,0,3,0,14.585375785827637,0.0,0.00013184547424316406,0.0,0.0,14.8415207862854,0
7,fedprox,fedavg,False,False,False,25,0.30751518508512654,0.9030580679731585,0.6120461236506379,0.4150482711726967,0.5260605497796712,10,0,3,0,15.160017013549805,0.0,0.00013494491577148438,0.0,0.0,15.457286596298218,0
7,fedprox,fedavg,False,False,False,26,0.30762015152333955,0.8990794427963421,0.6125368007850834,0.4161157857943958,0.52684625219743,10,0,3,0,15.142849922180176,0.0,0.000133514404296875,0.0,0.0,15.58830976486206,0
7,fedprox,fedavg,False,False,False,27,0.3072066010171427,0.894437946772552,0.6150147203140334,0.4196897577606744,0.5312434167044998,10,0,3,0,15.15552806854248,0.0,0.00013399124145507812,0.0,0.0,15.44051480293274,0
7,fedprox,fedavg,False,False,False,28,0.3064148002875144,0.8834047970757751,0.6193081452404318,0.4262528481869539,0.5397694953011147,10,0,3,0,15.244364976882935,0.0,0.00013327598571777344,0.0,0.0,15.505570411682129,0
7,fedprox,fedavg,False,False,False,29,0.3060305527115905,0.8879464865432755,0.6190382728164867,0.42602857517048925,0.5384415756802903,10,0,3,0,15.443731546401978,0.0,0.0001380443572998047,0.0,0.0,15.736728429794312,0
7,fedmedian,fedmedian,False,False,False,0,0.3753461369498243,1.0339052703827474,0.5486015701668302,0.2790742961784295,0.4099589902623871,10,0,3,0,9.964215993881226,0.0,0.001047372817993164,0.0,0.0,10.22513198852539,0
7,fedmedian,fedmedian,False,False,False,1,0.33731365143746456,0.8762249363533297,0.5759077526987242,0.32368634444250455,0.46373985287116865,10,0,3,0,9.991436958312988,0.0,0.0010488033294677734,0.0,0.0,10.248676538467407,0
7,fedmedian,fedmedian,False,False,False,2,0.325923049523808,0.8004527817296561,0.5948233562315997,0.3515654038573641,0.4953614200774845,10,0,3,0,9.81318736076355,0.0,0.0010623931884765625,0.0,0.0,10.073919296264648,0
7,fedmedian,fedmedian,False,False,False,3,0.3198110896638865,0.766555877475907,0.60549558390579,0.36995552098484075,0.5140997663909206,10,0,3,0,9.884040594100952,0.0,0.0010628700256347656,0.0,0.0,10.144109010696411,0
7,fedmedian,fedmedian,False,False,False,4,0.3163389103900336,0.7791967509890211,0.6123650637880275,0.38103286376556433,0.5244118298986467,10,0,3,0,10.087433338165283,0.0,0.0010614395141601562,0.0,0.0,10.342564344406128,0
7,fedmedian,fedmedian,False,False,False,5,0.3136515319261044,0.783218711725746,0.6172227674190383,0.3997480511836621,0.5323194661923739,10,0,3,0,10.374016761779785,0.0,0.0010726451873779297,0.0,0.0,10.661349058151245,0
7,fedmedian,fedmedian,False,False,False,6,0.31218179367564386,0.7794139618728533,0.6189156035328753,0.4228502496000406,0.5354789635404023,10,0,3,0,10.867936134338379,0.0,0.0010678768157958984,0.0,0.0,11.31599760055542,0
7,fedmedian,fedmedian,False,False,False,7,0.31060430703714814,0.7921094585564701,0.620829244357213,0.42944204475339587,0.5385625621221851,10,0,3,0,10.227532386779785,0.0,0.0010614395141601562,0.0,0.0,10.525548458099365,0
7,fedmedian,fedmedian,False,False,False,8,0.30793533975406256,0.7945136926592976,0.6217615309126595,0.43097675347331577,0.5406226600091308,10,0,3,0,10.835843801498413,0.0,0.001064300537109375,0.0,0.0,11.092530727386475,0
7,fedmedian,fedmedian,False,False,False,9,0.30663680931101756,0.7671683344218635,0.6305691854759569,0.4470260824267314,0.5547606256512974,10,0,3,0,11.587166547775269,0.0,0.0010721683502197266,0.0,0.0,11.84814453125,0
7,fedmedian,fedmedian,False,False,False,10,0.304792056227194,0.7658912366692989,0.6311579980372914,0.44968141173364884,0.5565661321070743,10,0,3,0,10.861482381820679,0.0,0.0010781288146972656,0.0,0.0,11.117627382278442,0
7,fedmedian,fedmedian,False,False,False,11,0.3038442405659899,0.7272858220063902,0.6464671246319922,0.47141749000029487,0.5831589511146472,10,0,3,0,10.954996109008789,0.0,0.0010766983032226562,0.0,0.0,11.216073036193848,0
7,fedmedian,fedmedian,False,False,False,12,0.30322732558692067,0.7760139847176115,0.6421000981354269,0.46503668505476903,0.575510889852072,10,0,3,0,10.474144697189331,0.0,0.0010688304901123047,0.0,0.0,10.73044466972351,0
7,fedmedian,fedmedian,False,False,False,13,0.3018635705370173,0.7545687539771682,0.6496810598626104,0.4742083916580226,0.5896592263940974,10,0,3,0,10.64435362815857,0.0,0.0010790824890136719,0.0,0.0,10.90419626235962,0
7,fedmedian,fedmedian,False,False,False,14,0.30098364924363274,0.7462876534204604,0.6506869479882238,0.47566595061507905,0.5907862008029663,10,0,3,0,9.850491046905518,0.0,0.001065969467163086,0.0,0.0,10.108475923538208,0
7,fedmedian,fedmedian,False,False,False,15,0.29977612078147414,0.7397153545525638,0.6531403336604514,0.4786642550495035,0.59491068512332,10,0,3,0,9.978825569152832,0.0,0.0010769367218017578,0.0,0.0,10.239552736282349,0
7,fedmedian,fedmedian,False,False,False,16,0.29930922357310585,0.7282302691728257,0.657360157016683,0.48465629751030104,0.6026180799600847,10,0,3,0,10.32560396194458,0.0,0.001065969467163086,0.0,0.0,10.582949876785278,0
7,fedmedian,fedmedian,False,False,False,17,0.2989886011230344,0.6996723687917842,0.6634936211972522,0.49165719913300465,0.610741962966458,10,0,3,0,9.91657280921936,0.0,0.0010662078857421875,0.0,0.0,10.368388891220093,0
7,fedmedian,fedmedian,False,False,False,18,0.29719626168998214,0.7140658482485126,0.6601570166830226,0.4887561152333888,0.6065597476040614,10,0,3,0,9.91778302192688,0.0,0.0010738372802734375,0.0,0.0,10.178261756896973,0
7,fedmedian,fedmedian,False,False,False,19,0.2970740044161716,0.7195414025603379,0.6586359175662414,0.48655609091466234,0.6046125174369031,10,0,3,0,10.118810892105103,0.0,0.001069784164428711,0.0,0.0,10.374778747558594,0
7,fedmedian,fedmedian,False,False,False,20,0.2959983050593508,0.7368358473548478,0.6564769381746811,0.4834846751519952,0.6011139868261828,10,0,3,0,10.12918210029602,0.0,0.00107574462890625,0.0,0.0,10.389697074890137,0
7,fedmedian,fedmedian,False,False,False,21,0.29614968632566596,0.7337733380108984,0.660549558390579,0.4889349660244143,0.6070393452108251,10,0,3,0,9.96530294418335,0.0,0.0010716915130615234,0.0,0.0,10.221009016036987,0
7,fedmedian,fedmedian,False,False,False,22,0.29566532759554925,0.7464675184554979,0.6572129538763494,0.48544002936087316,0.6023401196828674,10,0,3,0,9.876167058944702,0.0,0.001070261001586914,0.0,0.0,10.136324644088745,0
7,fedmedian,fedmedian,False,False,False,23,0.2938378153977991,0.7298980308585125,0.6573110893032384,0.48624659102637613,0.6029753311808219,10,0,3,0,10.21717619895935,0.0,0.0010731220245361328,0.0,0.0,10.474746227264404,0
7,fedmedian,fedmedian,False,False,False,24,0.29413476027616564,0.7173889145181972,0.6578263002944063,0.4858217413186955,0.6041819888178084,10,0,3,0,10.978666305541992,0.0,0.0010750293731689453,0.0,0.0,11.239397525787354,0
7,fedmedian,fedmedian,False,False,False,25,0.2933929024226637,0.7165460169139858,0.6619970559371934,0.49126436593953404,0.6098346053094287,10,0,3,0,10.383179426193237,0.0,0.0010695457458496094,0.0,0.0,10.640421867370605,0
7,fedmedian,fedmedian,False,False,False,26,0.2926837086251818,0.7183298082885143,0.6628312070657507,0.49345941620770173,0.6107673408382277,10,0,3,0,10.734821081161499,0.0,0.001074075698852539,0.0,0.0,10.995090007781982,0
7,fedmedian,fedmedian,False,False,False,27,0.29285919152601325,0.7204359000283673,0.6649901864573111,0.49485700431613017,0.6135579970881286,10,0,3,0,10.49960994720459,0.0,0.0010576248168945312,0.0,0.0,10.757138013839722,0
7,fedmedian,fedmedian,False,False,False,28,0.2918008801095817,0.7276448782339648,0.6660206084396467,0.496779522948732,0.6149046100523029,10,0,3,0,10.329964637756348,0.0,0.0010607242584228516,0.0,0.0,10.781433582305908,0
7,fedmedian,fedmedian,False,False,False,29,0.29204557275013754,0.7272378219589518,0.6640333660451423,0.49410673715461473,0.6118889662363672,10,0,3,0,10.454751968383789,0.0,0.0010590553283691406,0.0,0.0,10.711955308914185,0
7,trimmed_mean,trimmed_mean,False,False,False,0,0.3753461369498243,1.1799155492660927,0.5463935230618253,0.2783160162017271,0.40855846707586196,10,0,3,0,10.170860290527344,0.0,0.0006721019744873047,0.0,0.0,10.430643558502197,0
7,trimmed_mean,trimmed_mean,False,False,False,1,0.3406494320451567,0.9634613007160819,0.5682041216879293,0.31245295738831347,0.45017865318599765,10,0,3,0,10.702260732650757,0.0,0.0006785392761230469,0.0,0.0,10.995449304580688,0
7,trimmed_mean,trimmed_mean,False,False,False,2,0.32846460498066177,0.8982409356503772,0.583954857703631,0.33317815806872064,0.4757501939919778,10,0,3,0,12.371963739395142,0.0,0.0006704330444335938,0.0,0.0,12.631909132003784,0
7,trimmed_mean,trimmed_mean,False,False,False,3,0.32211960852249827,0.8565137689083201,0.5916830225711481,0.3452498999048367,0.4888440321598549,10,0,3,0,12.482858180999756,0.0,0.0006690025329589844,0.0,0.0,12.739522695541382,0
7,trimmed_mean,trimmed_mean,False,False,False,4,0.31826374909047367,0.8441054818674674,0.5991903827281648,0.35763965136657394,0.5015169423129319,10,0,3,0,12.11542296409607,0.0,0.0006651878356933594,0.0,0.0,12.374837398529053,0
7,trimmed_mean,trimmed_mean,False,False,False,5,0.315266798319403,0.8453734288388778,0.6033856722276741,0.3652676583409359,0.508759883430415,10,0,3,0,11.687662839889526,0.0,0.0006668567657470703,0.0,0.0,11.944936752319336,0
7,trimmed_mean,trimmed_mean,False,False,False,6,0.31381104258276327,0.8302889793029127,0.6083415112855741,0.3750957423730533,0.5179609689648482,10,0,3,0,11.509762287139893,0.0,0.0006670951843261719,0.0,0.0,11.769360303878784,0
7,trimmed_mean,trimmed_mean,False,False,False,7,0.3126204536523185,0.8331418757115777,0.6127821393523062,0.4089629568534713,0.5253549622432557,10,0,3,0,10.122909545898438,0.0,0.0006723403930664062,0.0,0.0,10.379447937011719,0
7,trimmed_mean,trimmed_mean,False,False,False,8,0.3095058290712926,0.8162352167939999,0.6174435721295387,0.4211438426771127,0.5330927269718082,10,0,3,0,11.363882780075073,0.0,0.0006632804870605469,0.0,0.0,11.817414999008179,0
7,trimmed_mean,trimmed_mean,False,False,False,9,0.3083910045074039,0.7900275083472614,0.6243866535819431,0.43365753210744384,0.5446987438109051,10,0,3,0,10.037065744400024,0.0,0.0006604194641113281,0.0,0.0,10.294177532196045,0
7,trimmed_mean,trimmed_mean,False,False,False,10,0.30643057396655904,0.7865027460429572,0.6252453385672228,0.4351673705084171,0.5468860503283742,10,0,3,0,9.94423222541809,0.0,0.0006639957427978516,0.0,0.0,10.203561067581177,0
7,trimmed_mean,trimmed_mean,False,False,False,11,0.30576939253990165,0.7668051602678982,0.6378312070657507,0.4570708103826161,0.5695361568238344,10,0,3,0,10.347289323806763,0.0,0.0006737709045410156,0.0,0.0,10.604362964630127,0
7,trimmed_mean,trimmed_mean,False,False,False,12,0.3052881956485206,0.7973151374494948,0.6311825318940137,0.4478248544667207,0.557435225818502,10,0,3,0,9.98443341255188,0.0,0.0006630420684814453,0.0,0.0,10.243808507919312,0
7,trimmed_mean,trimmed_mean,False,False,False,13,0.3035838672943507,0.7749788578171959,0.6420755642787046,0.4650537896142102,0.5779642485689949,10,0,3,0,9.88941740989685,0.0,0.0006682872772216797,0.0,0.0,10.14928150177002,0
7,trimmed_mean,trimmed_mean,False,False,False,14,0.3027867620791881,0.7692946309547312,0.6463935230618253,0.4699822603949733,0.584397850504098,10,0,3,0,9.860796213150024,0.0,0.0006668567657470703,0.0,0.0,10.116757869720459,0
7,trimmed_mean,trimmed_mean,False,False,False,15,0.3018682461975817,0.7657503496793349,0.6467124631992149,0.46998452491249054,0.584822873790256,10,0,3,0,9.805472135543823,0.0,0.000675201416015625,0.0,0.0,10.065511465072632,0
7,trimmed_mean,trimmed_mean,False,False,False,16,0.3012493080526473,0.746961328208856,0.6531403336604514,0.47919559057852745,0.5960513733480022,10,0,3,0,10.761044025421143,0.0,0.0006706714630126953,0.0,0.0,11.016210556030273,0
7,trimmed_mean,trimmed_mean,False,False,False,17,0.30085715025300097,0.7262066752215713,0.6570412168792934,0.4840100445457409,0.6012613536908151,10,0,3,0,10.069169998168945,0.0,0.0006735324859619141,0.0,0.0,10.330038785934448,0
7,trimmed_mean,trimmed_mean,False,False,False,18,0.29978794843897466,0.7311559375766683,0.6574828263002944,0.4853119951535083,0.6027445317925482,10,0,3,0,10.272009372711182,0.0,0.0006632804870605469,0.0,0.0,10.528581380844116,0
7,trimmed_mean,trimmed_mean,False,False,False,19,0.29979996079955235,0.7262784634066985,0.6549558390578999,0.4812279076774736,0.5996406060050273,10,0,3,0,10.7835054397583,0.0,0.0006654262542724609,0.0,0.0,11.231851577758789,0
7,trimmed_mean,trimmed_mean,False,False,False,20,0.2986615511292555,0.7415763787596219,0.6532139352306182,0.4793819733924826,0.5964291585379116,10,0,3,0,10.234827756881714,0.0,0.0006630420684814453,0.0,0.0,10.492496967315674,0
7,trimmed_mean,trimmed_mean,False,False,False,21,0.298785777055197,0.732993260496849,0.6555937193326791,0.4832500093801887,0.600334920455147,10,0,3,0,9.855846881866455,0.0,0.0006616115570068359,0.0,0.0,10.115703821182251,0
7,trimmed_mean,trimmed_mean,False,False,False,22,0.2984907488089364,0.7525734359546545,0.6514720314033366,0.4780994063807819,0.5941892941633359,10,0,3,0,9.905901908874512,0.0,0.0006673336029052734,0.0,0.0,10.163095951080322,0
7,trimmed_mean,trimmed_mean,False,False,False,23,0.2968316997439377,0.7396385559740899,0.6532630029440628,0.48138004865745604,0.5968929380043341,10,0,3,0,9.840808868408203,0.0,0.0006589889526367188,0.0,0.0,10.0967276096344,0
7,trimmed_mean,trimmed_mean,False,False,False,24,0.2979097142843457,0.7254026313759276,0.6554219823356232,0.48362233045253333,0.6005157795964005,10,0,3,0,9.982617378234863,0.0,0.0006694793701171875,0.0,0.0,10.241842269897461,0
7,trimmed_mean,trimmed_mean,False,False,False,25,0.2972703992235405,0.7303766387250636,0.658243375858685,0.4870749037506878,0.6038911151938448,10,0,3,0,10.17635703086853,0.0,0.0006644725799560547,0.0,0.0,10.434413433074951,0
7,trimmed_mean,trimmed_mean,False,False,False,26,0.29655234758742544,0.722155302008422,0.6588076545632974,0.4873563633855811,0.6047544430656459,10,0,3,0,11.67147159576416,0.0,0.0006644725799560547,0.0,0.0,11.93204402923584,0
7,trimmed_mean,trimmed_mean,False,False,False,27,0.29741376130977437,0.7256544747694201,0.6614082433758587,0.4917587060941454,0.6085371681887807,10,0,3,0,12.752599239349365,0.0,0.0006625652313232422,0.0,0.0,13.045685529708862,0
7,trimmed_mean,trimmed_mean,False,False,False,28,0.29648334821548517,0.7214007885814064,0.6619970559371934,0.49097675822805564,0.609274658046986,10,0,3,0,12.109451532363892,0.0,0.0006778240203857422,0.0,0.0,12.366647958755493,0
7,trimmed_mean,trimmed_mean,False,False,False,29,0.2957646561543917,0.7196094366940244,0.6637634936211972,0.49357378771952665,0.6121255293650099,10,0,3,0,12.819423913955688,0.0,0.0006663799285888672,0.0,0.0,13.118335723876953,0
7,krum,multi_krum,False,False,False,0,0.3753461369498243,0.9213920780440191,0.5795632973503435,0.32710929280426815,0.46952109077960735,10,0,3,0,12.682883501052856,0.0,0.0005748271942138672,0.0,0.0,12.939244985580444,0
7,krum,multi_krum,False,False,False,1,0.33097641970556674,0.7302435668106753,0.6136653581943081,0.3735117677482477,0.5234058582384016,10,0,3,0,9.604213953018188,0.0,0.0005512237548828125,0.0,0.0,9.864262580871582,0
7,krum,multi_krum,False,False,False,2,0.31953924595676136,0.7491243626348404,0.6365554465161923,0.41547077849869984,0.5603099498733514,10,0,3,0,10.298768520355225,0.0,0.0005395412445068359,0.0,0.0,10.55599308013916,0
7,krum,multi_krum,False,False,False,3,0.31495965727372727,0.7745427409612864,0.6401619234543671,0.4231555320319234,0.5663354862446318,10,0,3,0,10.064680576324463,0.0,0.0005483627319335938,0.0,0.0,10.324328184127808,0
7,krum,multi_krum,False,False,False,4,0.31201324673983777,0.8392509662601969,0.6288518155053975,0.4054416331581213,0.5489266762193814,10,0,3,0,9.924450159072876,0.0,0.0005440711975097656,0.0,0.0,10.181803703308105,0
7,krum,multi_krum,False,False,False,5,0.30892035437119036,0.7995282892857964,0.6418547595682041,0.44629815916829707,0.567729995668791,10,0,3,0,11.555229663848877,0.0,0.0005393028259277344,0.0,0.0,11.853258609771729,0
7,krum,multi_krum,False,False,False,6,0.30723221141838397,0.7700764155364481,0.6441364082433758,0.46046104578850233,0.5722943086237688,10,0,3,0,12.288445234298706,0.0,0.0005517005920410156,0.0,0.0,12.545278787612915,0
7,krum,multi_krum,False,False,False,7,0.3061651390485801,0.8226367175520578,0.6369479882237488,0.442956867359656,0.5631762588781147,10,0,3,0,10.17754602432251,0.0,0.0005397796630859375,0.0,0.0,10.437805891036987,0
7,krum,multi_krum,False,False,False,8,0.30331487985739086,0.775640646023886,0.6545387634936212,0.47359236911790237,0.5889958717947139,10,0,3,0,10.343156099319458,0.0,0.0005507469177246094,0.0,0.0,10.638124942779541,0
7,krum,multi_krum,False,False,False,9,0.30155577367257436,0.7485565380212487,0.6655053974484789,0.4926103907348066,0.6088460080795279,10,0,3,0,10.054519176483154,0.0,0.0005438327789306641,0.0,0.0,10.502037763595581,0
7,krum,multi_krum,False,False,False,10,0.29959936217744887,0.7892404408403421,0.65247791952895,0.4741296644282873,0.5916577488846441,10,0,3,0,9.900368452072144,0.0,0.0006215572357177734,0.0,0.0,10.160346031188965,0
7,krum,multi_krum,False,False,False,11,0.29899989418084055,0.7353176802016568,0.6720559371933268,0.5022123209950926,0.6195223652122345,10,0,3,0,9.8665931224823,0.0,0.0005509853363037109,0.0,0.0,10.160099029541016,0
7,krum,multi_krum,False,False,False,12,0.29907475633354147,0.7416084806163364,0.6709519136408243,0.5006800103879786,0.6177852089503668,10,0,3,0,10.157984256744385,0.0,0.0005412101745605469,0.0,0.0,10.417752027511597,0
7,krum,multi_krum,False,False,False,13,0.29701740883063465,0.7668811831787828,0.6611629048086359,0.48525963453197085,0.6059363535346594,10,0,3,0,9.970026969909668,0.0,0.0005509853363037109,0.0,0.0,10.226187705993652,0
7,krum,multi_krum,False,False,False,14,0.2962241959195632,0.7131628693495461,0.6767909715407262,0.507588098754287,0.6265702235759438,10,0,3,0,9.672852754592896,0.0,0.0005438327789306641,0.0,0.0,9.933413028717041,0
7,krum,multi_krum,False,False,False,15,0.29503415223930846,0.7048151946512359,0.6831697742885181,0.5160189235272538,0.634892042074179,10,0,3,0,10.14594841003418,0.0,0.0005424022674560547,0.0,0.0,10.402986764907837,0
7,krum,multi_krum,False,False,False,16,0.2951991659869762,0.6983117250511761,0.6841511285574092,0.5204025612759889,0.6367667006596215,10,0,3,0,10.178143501281738,0.0,0.0005550384521484375,0.0,0.0,10.437808752059937,0
7,krum,multi_krum,False,False,False,17,0.29390328627531,0.7267558853104491,0.6740922473012758,0.5006100390382788,0.6235258938436342,10,0,3,0,10.156214714050293,0.0,0.0005543231964111328,0.0,0.0,10.413408279418945,0
7,krum,multi_krum,False,False,False,18,0.29314206708577006,0.7009504967746604,0.6863101079489696,0.5201396901319909,0.6391441871635827,10,0,3,0,9.938970565795898,0.0,0.0005543231964111328,0.0,0.0,10.194643259048462,0
7,krum,multi_krum,False,False,False,19,0.293114565192257,0.6898570052306949,0.6870215897939156,0.5232060016721387,0.6402441923894758,10,0,3,0,11.01268196105957,0.0,0.0005450248718261719,0.0,0.0,11.274394989013672,0
7,krum,multi_krum,False,False,False,20,0.29250409053629695,0.7409513254511929,0.6701422963689893,0.49671404352893167,0.6184316984758649,10,0,3,0,11.20602297782898,0.0,0.0005421638488769531,0.0,0.0,11.652360677719116,0
7,krum,multi_krum,False,False,False,21,0.29307959523167887,0.6966151498601761,0.684568204121688,0.518504443019618,0.6371573645394204,10,0,3,0,12.594934701919556,0.0,0.0005583763122558594,0.0,0.0,12.873815536499023,0
7,krum,multi_krum,False,False,False,22,0.29295005733198903,0.6947156612257728,0.6863346418056918,0.5204729530250461,0.6390140488868635,10,0,3,0,12.697583198547363,0.0,0.0005533695220947266,0.0,0.0,12.963725090026855,0
7,krum,multi_krum,False,False,False,23,0.2908480685424295,0.6915178667691786,0.6879538763493621,0.523917835333036,0.641331427934748,10,0,3,0,12.990843296051025,0.0,0.0005459785461425781,0.0,0.0,13.285661935806274,0
7,krum,multi_krum,False,False,False,24,0.2914732525960063,0.7224706827599822,0.6721786064769382,0.49668657114449155,0.6216236725954668,10,0,3,0,12.103940725326538,0.0,0.0005342960357666016,0.0,0.0,12.364365339279175,0
7,krum,multi_krum,False,False,False,25,0.29144590789559854,0.6959681188042428,0.6886408243375859,0.5217497141859277,0.6421763435010943,10,0,3,0,10.980830669403076,0.0,0.0005488395690917969,0.0,0.0,11.236403703689575,0
7,krum,multi_krum,False,False,False,26,0.29051055393123854,0.679787758779479,0.6915358194308145,0.5256727663627234,0.6457893445257519,10,0,3,0,10.699795246124268,0.0,0.0005574226379394531,0.0,0.0,10.997553586959839,0
7,krum,multi_krum,False,False,False,27,0.2906788833361883,0.7274422972195281,0.6777968596663395,0.5066761824016034,0.6289032116404372,10,0,3,0,11.3545560836792,0.0,0.0005521774291992188,0.0,0.0,11.60959243774414,0
7,krum,multi_krum,False,False,False,28,0.29005517552034965,0.7357140089040649,0.6753189401373896,0.5101239959135577,0.62524667545703,10,0,3,0,10.063834190368652,0.0,0.0005514621734619141,0.0,0.0,10.323482990264893,0
7,krum,multi_krum,False,False,False,29,0.2903318987816954,0.6921388425817667,0.6881992149165849,0.5235257154488309,0.6414719927514111,10,0,3,0,10.072496891021729,0.0,0.0005497932434082031,0.0,0.0,10.364501953125,0
7,bulyan,bulyan,False,False,False,0,0.3753461369498243,0.9286979847497163,0.5695780176643769,0.31580782759786113,0.45320498056814473,10,0,3,0,10.008971691131592,0.0,0.0008723735809326172,0.0,0.0,10.465895175933838,0
7,bulyan,bulyan,False,False,False,1,0.33278246043957466,0.7566374579402485,0.6033856722276741,0.3650072881190644,0.5100380295451471,10,0,3,0,10.129302501678467,0.0,0.0008828639984130859,0.0,0.0,10.38682508468628,0
7,bulyan,bulyan,False,False,False,2,0.3208735426566319,0.8646085130805707,0.6105740922473013,0.37543360141828064,0.5202466608358073,10,0,3,0,9.985520124435425,0.0,0.0008697509765625,0.0,0.0,10.245602369308472,0
7,bulyan,bulyan,False,False,False,3,0.3170373476894561,0.9137105894977843,0.6156280667320903,0.38736034070802927,0.5297596340046802,10,0,3,0,10.20412015914917,0.0,0.0008878707885742188,0.0,0.0,10.464014530181885,0
7,bulyan,bulyan,False,False,False,4,0.31418686391437467,0.9481863948384024,0.6209519136408244,0.3952494614335777,0.5376738775878462,10,0,3,0,10.11557412147522,0.0,0.00086212158203125,0.0,0.0,10.375721454620361,0
7,bulyan,bulyan,False,False,False,5,0.3116464724049759,0.860191715079505,0.6269381746810598,0.40747830255896866,0.5467334260538625,10,0,3,0,10.128162622451782,0.0,0.0009095668792724609,0.0,0.0,10.388643026351929,0
7,bulyan,bulyan,False,False,False,6,0.31068032927144884,0.9153275749049313,0.6213689892051031,0.39881663348598884,0.5388691303859843,10,0,3,0,10.219799280166626,0.0,0.0008623600006103516,0.0,0.0,10.47590160369873,0
7,bulyan,bulyan,False,False,False,7,0.3093536937090827,0.9398433097562331,0.6251472031403337,0.40292063385635024,0.544116339785095,10,0,3,0,9.924483299255371,0.0,0.0008680820465087891,0.0,0.0,10.186113834381104,0
7,bulyan,bulyan,False,False,False,8,0.3063325057563028,0.8198564523803591,0.6336359175662414,0.4428334679300845,0.5563036739030532,10,0,3,0,9.962684154510498,0.0,0.0008754730224609375,0.0,0.0,10.218035459518433,0
7,bulyan,bulyan,False,False,False,9,0.3048498597586314,0.8839555704792535,0.6317222767419038,0.44437397289852426,0.5536683801515493,10,0,3,0,10.517796754837036,0.0,0.0008656978607177734,0.0,0.0,10.792521715164185,0
7,bulyan,bulyan,False,False,False,10,0.3032734435841248,0.8093352762358931,0.637855740922473,0.46082173399795495,0.5644096161986261,10,0,3,0,10.77599835395813,0.0,0.0008871555328369141,0.0,0.0,11.031559944152832,0
7,bulyan,bulyan,False,False,False,11,0.30240319370509,0.8561685474159907,0.6376349362119725,0.4561798536467614,0.5628921906971206,10,0,3,0,10.068425416946411,0.0,0.0008795261383056641,0.0,0.0,10.522110223770142,0
7,bulyan,bulyan,False,False,False,12,0.30253456785287497,0.9091830567125015,0.6339793915603533,0.44713735736873234,0.5569572235624275,10,0,3,0,10.060407876968384,0.0,0.0008790493011474609,0.0,0.0,10.318722486495972,0
7,bulyan,bulyan,False,False,False,13,0.3005125595599689,0.788134623369361,0.6512266928361138,0.47817234532135666,0.5886958448064777,10,0,3,0,10.306320905685425,0.0,0.0008602142333984375,0.0,0.0,10.566650629043579,0
7,bulyan,bulyan,False,False,False,14,0.29938332288095465,0.8394610269263869,0.6427870461236507,0.4641223075170856,0.5723576258982507,10,0,3,0,10.094300985336304,0.0,0.0008859634399414062,0.0,0.0,10.351545572280884,0
7,bulyan,bulyan,False,False,False,15,0.29866526644452857,0.8644366473047258,0.6411187438665358,0.4602098001004922,0.5675599443436854,10,0,3,0,10.642065048217773,0.0,0.0008640289306640625,0.0,0.0,10.902639150619507,0
7,bulyan,bulyan,False,False,False,16,0.298262183342412,0.7657273357118077,0.6618989205103042,0.4932866341742637,0.6055134647976621,10,0,3,0,10.575393915176392,0.0,0.0008771419525146484,0.0,0.0,10.832674264907837,0
7,bulyan,bulyan,False,False,False,17,0.2974882861757686,0.8124071729545855,0.656918547595682,0.4854250926775415,0.5955743854235603,10,0,3,0,10.567777395248413,0.0,0.0008795261383056641,0.0,0.0,10.823347330093384,0
7,bulyan,bulyan,False,False,False,18,0.2966062972778625,0.7448227243170771,0.6686702649656526,0.5022472546457964,0.6154508325347484,10,0,3,0,10.80196213722229,0.0,0.0008864402770996094,0.0,0.0,11.062604904174805,0
7,bulyan,bulyan,False,False,False,19,0.2964004106936891,0.806667208835351,0.6560107948969578,0.4822069994884367,0.5957852543010714,10,0,3,0,10.168760299682617,0.0,0.0008900165557861328,0.0,0.0,10.423664093017578,0
7,bulyan,bulyan,False,False,False,20,0.2958356687689625,0.8552482043445052,0.648577036310108,0.47025528712588566,0.5811667540830964,10,0,3,0,9.779919147491455,0.0,0.0008561611175537109,0.0,0.0,10.039495944976807,0
7,bulyan,bulyan,False,False,False,21,0.29580579254250833,0.7668800496259546,0.6631010794896958,0.49493304702340657,0.6075892983835305,10,0,3,0,9.782613515853882,0.0,0.0008759498596191406,0.0,0.0,10.038310289382935,0
7,bulyan,bulyan,False,False,False,22,0.29578104696845814,0.8286169679171905,0.6521835132482826,0.47998207272111415,0.5901979124082295,10,0,3,0,9.84824538230896,0.0,0.0008721351623535156,0.0,0.0,10.298557996749878,0
7,bulyan,bulyan,False,False,False,23,0.29404834961021076,0.7642438220322658,0.6597154072620216,0.4938009872850819,0.602387388705543,10,0,3,0,10.076197147369385,0.0,0.0008819103240966797,0.0,0.0,10.33336353302002,0
7,bulyan,bulyan,False,False,False,24,0.2944468853162877,0.8084054170108754,0.6545878312070658,0.48114249230005895,0.5955669133782201,10,0,3,0,10.02196216583252,0.0,0.0008637905120849609,0.0,0.0,10.29421854019165,0
7,bulyan,bulyan,False,False,False,25,0.29374138770691316,0.7542768184523353,0.6667320902845928,0.5015266329441794,0.6128721971695008,10,0,3,0,10.418283462524414,0.0,0.0009052753448486328,0.0,0.0,10.676464796066284,0
7,bulyan,bulyan,False,False,False,26,0.29333655319465685,0.80489246491946,0.6638861629048086,0.4953182352924752,0.6091747665643743,10,0,3,0,9.907373666763306,0.0,0.0008668899536132812,0.0,0.0,10.170052289962769,0
7,bulyan,bulyan,False,False,False,27,0.29408646578599373,0.8338702784904203,0.6608684985279686,0.49018442836995435,0.6045110139878644,10,0,3,0,10.083181619644165,0.0,0.0008733272552490234,0.0,0.0,10.34431767463684,0
7,bulyan,bulyan,False,False,False,28,0.29253308481801354,0.7525325187406081,0.6702894995093228,0.5053279794623576,0.6179773108520916,10,0,3,0,10.091434955596924,0.0,0.0008683204650878906,0.0,0.0,10.347184419631958,0
7,bulyan,bulyan,False,False,False,29,0.2927822716908747,0.8055749805214595,0.664622178606477,0.4954326904865533,0.6103249256365131,10,0,3,0,10.002269744873047,0.0,0.0008769035339355469,0.0,0.0,10.262748003005981,0
7,foolsgold,foolsgold,False,False,False,0,0.3753461369498243,2.1232569401584733,0.18383218842001964,0.038838323104992536,0.057171231263482634,10,0,3,0,9.67060375213623,0.0,0.0007236003875732422,0.0,0.0,9.925867795944214,0
7,foolsgold,foolsgold,False,False,False,1,0.3803495570738961,2.2313255422365676,0.1751226692836114,0.03758424599831508,0.055325190380247906,10,0,3,0,10.053561925888062,0.0,0.0007102489471435547,0.0,0.0,10.312859773635864,0
7,foolsgold,foolsgold,False,False,False,2,0.4093142255083298,2.2386161257638078,0.18056918547595682,0.03833173617765927,0.05642551939792827,10,0,3,0,10.061931371688843,0.0,0.0007321834564208984,0.0,0.0,10.510464191436768,0
7,foolsgold,foolsgold,False,False,False,3,0.38970905781444226,2.251796946277562,0.18400392541707555,0.038852856462007083,0.057192624821403956,10,0,3,0,10.010836362838745,0.0,0.0007045269012451172,0.0,0.0,10.270207405090332,0
7,foolsgold,foolsgold,False,False,False,4,0.38200080775002376,2.747511814106201,0.18400392541707555,0.038852051388313304,0.057191439727644705,10,0,3,0,10.20171856880188,0.0,0.0007109642028808594,0.0,0.0,10.457956552505493,0
7,foolsgold,foolsgold,False,False,False,5,0.4626847272134863,3.3392795072336545,0.1843719332679097,0.04068559473213608,0.058123078006327794,10,0,3,0,10.931880712509155,0.0,0.0007348060607910156,0.0,0.0,11.193321943283081,0
7,foolsgold,foolsgold,False,False,False,6,0.49626258771749293,3.1125610591150945,0.38626104023552504,0.1899638297608773,0.2652995433263062,10,0,3,0,10.28954005241394,0.0,0.0007164478302001953,0.0,0.0,10.54714560508728,0
7,foolsgold,foolsgold,False,False,False,7,0.42125415929026805,4.043349875318174,0.4288763493621197,0.22113046426285382,0.3040398172928733,10,0,3,0,10.401049137115479,0.0,0.0007026195526123047,0.0,0.0,10.661285400390625,0
7,foolsgold,foolsgold,False,False,False,8,0.6548376254752969,4.497848573634154,0.44690873405299314,0.23091428447669565,0.3181535523509965,10,0,3,0,9.940468788146973,0.0,0.0007009506225585938,0.0,0.0,10.200634241104126,0
7,foolsgold,foolsgold,False,False,False,9,0.46146562058259455,4.151344354721234,0.4448478900883219,0.22895277166073147,0.31585841935666464,10,0,3,0,12.930509090423584,0.0,0.0007107257843017578,0.0,0.0,13.22537875175476,0
7,foolsgold,foolsgold,False,False,False,10,0.4593874175263239,1.7719147686869403,0.5383709519136408,0.3430226953625801,0.43969100744652323,10,0,3,0,12.695930480957031,0.0,0.00072479248046875,0.0,0.0,12.991152286529541,0
7,foolsgold,foolsgold,False,False,False,11,0.3515726942626112,2.7250875456176398,0.5381256133464181,0.3412982026125899,0.4394496276758222,10,0,3,0,12.279843807220459,0.0,0.0007326602935791016,0.0,0.0,12.541196823120117,0
7,foolsgold,foolsgold,False,False,False,12,0.4184274326541491,1.7208687345225864,0.541045142296369,0.3524889281161981,0.4419789568340191,10,0,3,0,12.9755277633667,0.0,0.0007126331329345703,0.0,0.0,13.26968002319336,0
7,foolsgold,foolsgold,False,False,False,13,0.37400101311234357,2.6721906577756993,0.5375368007850834,0.3457869890051408,0.439216699258461,10,0,3,0,12.321024179458618,0.0,0.0007052421569824219,0.0,0.0,12.773301362991333,0
7,foolsgold,foolsgold,False,False,False,14,0.44760756620316766,1.0959774058513247,0.6605004906771345,0.4752465129103994,0.6230635481120133,10,0,3,0,10.306612253189087,0.0,0.0007207393646240234,0.0,0.0,10.562836647033691,0
7,foolsgold,foolsgold,False,False,False,15,0.3735624082542935,1.452031739958369,0.6687193326790971,0.47828508377481793,0.633464766335701,10,0,3,0,9.973746299743652,0.0,0.0007088184356689453,0.0,0.0,10.23436427116394,0
7,foolsgold,foolsgold,False,False,False,16,0.3934307838849986,1.523839885797772,0.6989205103042199,0.5009856274142395,0.664563070020584,10,0,3,0,10.106266736984253,0.0,0.0007145404815673828,0.0,0.0,10.363724946975708,0
7,foolsgold,foolsgold,False,False,False,17,0.39081851159677183,1.9359426661258357,0.6710009813542689,0.48416002930493157,0.637635528857671,10,0,3,0,10.810980081558228,0.0,0.0007088184356689453,0.0,0.0,11.071815490722656,0
7,foolsgold,foolsgold,False,False,False,18,0.45041164102900727,0.9617283634863377,0.7246319921491658,0.5150264311267675,0.6806518967813401,10,0,3,0,10.22495698928833,0.0,0.0007328987121582031,0.0,0.0,10.481818437576294,0
7,foolsgold,foolsgold,False,False,False,19,0.37664930421921866,1.1610712053263386,0.7053729146221787,0.503714045611993,0.6676636152921255,10,0,3,0,9.846124649047852,0.0,0.0007081031799316406,0.0,0.0,10.10615873336792,0
7,foolsgold,foolsgold,False,False,False,20,0.3879542685773756,1.5766026580181627,0.6500490677134445,0.43635725281676485,0.59066571386322,10,0,3,0,10.101574897766113,0.0,0.0007071495056152344,0.0,0.0,10.359956979751587,0
7,foolsgold,foolsgold,False,False,False,21,0.4149044417728393,1.398888052059694,0.6869725220804711,0.4851545210601324,0.6463042666339921,10,0,3,0,10.052237272262573,0.0,0.0007088184356689453,0.0,0.0,10.308826684951782,0
7,foolsgold,foolsgold,False,False,False,22,0.40206476259350277,1.506401330051291,0.6585377821393523,0.45993235467115917,0.6080575909341673,10,0,3,0,10.331331014633179,0.0,0.0007219314575195312,0.0,0.0,10.591472387313843,0
7,foolsgold,foolsgold,False,False,False,23,0.4159746088700579,1.380741230943135,0.6829489695780177,0.4786959717800654,0.6404033263849044,10,0,3,0,10.076610803604126,0.0,0.0007183551788330078,0.0,0.0,10.332548379898071,0
7,foolsgold,foolsgold,False,False,False,24,0.40482547739930047,1.5754699138008694,0.6639106967615309,0.4581657609649246,0.6163167011671313,10,0,3,0,9.79769253730774,0.0,0.0007038116455078125,0.0,0.0,10.248830795288086,0
7,foolsgold,foolsgold,False,False,False,25,0.44691599338451315,1.2186453357879967,0.6996074582924435,0.49256755958527515,0.6582143873725418,10,0,3,0,9.985233068466187,0.0,0.0007212162017822266,0.0,0.0,10.24170207977295,0
7,foolsgold,foolsgold,False,False,False,26,0.3931178708976462,1.435433645501104,0.6374877330716389,0.4261009522597651,0.5700706077468277,10,0,3,0,11.414639472961426,0.0,0.0007047653198242188,0.0,0.0,11.67494797706604,0
7,foolsgold,foolsgold,False,False,False,27,0.4326965545508026,1.338350261954026,0.6756378802747792,0.4704796088578528,0.6311994580732245,10,0,3,0,10.18366289138794,0.0,0.0007088184356689453,0.0,0.0,10.44104266166687,0
7,foolsgold,foolsgold,False,False,False,28,0.42188247957409886,1.3178995553597852,0.6674926398429833,0.46578382310649913,0.6202240760829928,10,0,3,0,10.019407272338867,0.0,0.0007140636444091797,0.0,0.0,10.280194997787476,0
7,foolsgold,foolsgold,False,False,False,29,0.4015288280335234,1.5602341192393354,0.633684985279686,0.4072159768222158,0.5629576201537142,10,0,3,0,9.977513790130615,0.0,0.0007154941558837891,0.0,0.0,10.235292911529541,0
7,fedavg_he,fedavg,True,False,False,0,0.3753461369498243,1.4567391078301337,0.4867271835132483,0.2530414184598586,0.36867120855754765,10,0,3,0,9.984479188919067,6.924453496932983,3.157057285308838,0.2010815143585205,0.0,20.570674657821655,12062720
7,fedavg_he,fedavg,True,False,False,1,0.3464247848466909,1.105904094183176,0.5483071638861629,0.29846205920620367,0.4314407995571141,10,0,3,0,10.190109968185425,5.682023048400879,3.1504740715026855,0.19985580444335938,0.0,19.517610788345337,12062720
7,fedavg_he,fedavg,True,False,False,2,0.3343207499409496,1.0155034073669613,0.5736261040235525,0.3167978372002985,0.45756632073756726,10,0,3,0,10.018141746520996,5.592345237731934,3.1435070037841797,0.2054586410522461,0.0,19.255532026290894,12062720
7,fedavg_he,fedavg,True,False,False,3,0.327690743428935,0.993753785497424,0.5796368989205103,0.3246451718278779,0.4673729632074617,10,0,3,0,11.690269231796265,5.675014972686768,3.142549514770508,0.20790767669677734,0.0,21.018865823745728,12062720
7,fedavg_he,fedavg,True,False,False,4,0.32340851788033886,1.0017221078320504,0.5855250245338567,0.332021123288868,0.4765582931296837,10,0,3,0,12.941831827163696,5.586845397949219,3.363003969192505,0.20185184478759766,0.0,22.392999410629272,12062720
7,fedavg_he,fedavg,True,False,False,5,0.32068257117601257,1.0070262126529532,0.5879784102060844,0.3357855013074146,0.4807216905486273,10,0,3,0,12.081271409988403,5.480517148971558,3.3664376735687256,0.19486784934997559,0.0,21.417282819747925,12062720
7,fedavg_he,fedavg,True,False,False,6,0.3191493109590083,0.996212886851482,0.5892787046123651,0.33778091267168714,0.48292583407464507,10,0,3,0,12.702562093734741,5.489729881286621,3.360808849334717,0.1968855857849121,0.0,22.04621720314026,12062720
7,fedavg_he,fedavg,True,False,False,7,0.31828903420548804,1.0167841917867164,0.5901128557409224,0.33916082642407674,0.48430295414690966,10,0,3,0,12.757250547409058,5.471013307571411,3.359475612640381,0.2037198543548584,0.0,22.09126615524292,12062720
7,fedavg_he,fedavg,True,False,False,8,0.31533236381569063,1.000744805602728,0.5946270853778214,0.3464857905602011,0.49222538658914194,10,0,3,0,10.540643215179443,5.573290824890137,3.3683648109436035,0.20774173736572266,0.0,19.984288215637207,12062720
7,fedavg_he,fedavg,True,False,False,9,0.31437937012078115,0.972510921639245,0.5983316977428852,0.35196399343889,0.498198550472532,10,0,3,0,10.34141206741333,5.473982095718384,3.3689868450164795,0.19509291648864746,0.0,19.676281929016113,12062720
7,fedavg_he,fedavg,True,False,False,10,0.31224842404695646,0.9690698355992011,0.6,0.35507715070282864,0.5012088776878351,10,0,3,0,10.960951566696167,5.514580965042114,3.3634161949157715,0.1989274024963379,0.0,20.341003894805908,12062720
7,fedavg_he,fedavg,True,False,False,11,0.31174911137155714,0.9546464375354591,0.6045632973503434,0.3630135661787371,0.5090516327827802,10,0,3,0,10.077938556671143,5.527815818786621,3.359626054763794,0.2088308334350586,0.0,19.469523906707764,12062720
7,fedavg_he,fedavg,True,False,False,12,0.3113861062831339,0.9696025215725436,0.6044160942100099,0.36352694517434014,0.5091630161069637,10,0,3,0,10.103248119354248,5.522075653076172,3.383551836013794,0.20015311241149902,0.0,19.50371503829956,12062720
7,fedavg_he,fedavg,True,False,False,13,0.31010006468121176,0.9399070597490454,0.6104023552502453,0.3771449945219584,0.5189353273902817,10,0,3,0,9.810295104980469,5.520439863204956,3.1480424404144287,0.1863555908203125,0.0,19.18420171737671,12062720
7,fedavg_he,fedavg,True,False,False,14,0.3086283356590347,0.9209553756938481,0.6136162904808636,0.39210928011671004,0.5243685635445952,10,0,3,0,10.076108932495117,5.503354072570801,3.1411614418029785,0.19465160369873047,0.0,19.43367838859558,12062720
7,fedavg_he,fedavg,True,False,False,15,0.3085351259174766,0.9057234759419659,0.6157016683022571,0.4038408733228926,0.5275445340891735,10,0,3,0,10.444849729537964,5.481695652008057,3.1490259170532227,0.19730019569396973,0.0,19.793442726135254,12062720
7,fedavg_he,fedavg,True,False,False,16,0.3076031096632629,0.8955704214528452,0.6189646712463199,0.4093679652325209,0.5333505198881106,10,0,3,0,10.74669075012207,5.500720977783203,3.145231246948242,0.20353960990905762,0.0,20.11744475364685,12062720
7,fedavg_he,fedavg,True,False,False,17,0.3067878243361945,0.8795475818458085,0.6216143277723258,0.4171493328585064,0.5379875595248516,10,0,3,0,10.242679834365845,5.495310068130493,3.141794443130493,0.2014293670654297,0.0,19.597808837890625,12062720
7,fedavg_he,fedavg,True,False,False,18,0.3049788972202812,0.8911070264941694,0.6223012757605496,0.4240636084204891,0.5394811183712759,10,0,3,0,10.324867725372314,5.539217710494995,3.1464548110961914,0.194993257522583,0.0,19.726408004760742,12062720
7,fedavg_he,fedavg,True,False,False,19,0.30653517811148673,0.8968700974214533,0.6211727183513248,0.4231456818418803,0.5387462218555963,10,0,3,0,10.655962228775024,5.491634368896484,3.140061855316162,0.19483542442321777,0.0,20.002832651138306,12062720
7,fedavg_he,fedavg,True,False,False,20,0.3050566670145961,0.8929859973731523,0.6225956820412168,0.42838781056362507,0.5410472293751183,10,0,3,0,9.836872577667236,5.623466491699219,3.143378734588623,0.19959640502929688,0.0,19.09932851791382,12062720
7,fedavg_he,fedavg,True,False,False,21,0.3056334889222556,0.8898743394546583,0.6283611383709519,0.43989576239803463,0.5526295974452248,10,0,3,0,9.864909410476685,5.671124219894409,3.1476025581359863,0.1975867748260498,0.0,19.1830735206604,12062720
7,fedavg_he,fedavg,True,False,False,22,0.3049597724414855,0.912098046958856,0.6241413150147204,0.4340596669193404,0.544798162564735,10,0,3,0,10.031654357910156,5.601820945739746,3.1506049633026123,0.20383834838867188,0.0,19.28290557861328,12062720
7,fedavg_he,fedavg,True,False,False,23,0.3037403804097193,0.8926258824641384,0.6266683022571148,0.4406747013447027,0.5486104615762872,10,0,3,0,9.991216897964478,5.662343740463257,3.13883113861084,0.20072078704833984,0.0,19.294320821762085,12062720
7,fedavg_he,fedavg,True,False,False,24,0.30483236874123615,0.8923634926868024,0.6294896957801767,0.4451281424546062,0.5542485044379438,10,0,3,0,10.005203008651733,5.6264989376068115,3.1511471271514893,0.19674444198608398,0.0,19.276936531066895,12062720
7,fedavg_he,fedavg,True,False,False,25,0.3042088000199108,0.880802171761435,0.6321148184494603,0.4480942175287155,0.5586950770405145,10,0,3,0,11.886961936950684,5.832681894302368,3.155550479888916,0.1928420066833496,0.0,21.364534616470337,12062720
7,fedavg_he,fedavg,True,False,False,26,0.3041112912525187,0.8874573652362917,0.6285819430814524,0.44342896313452773,0.5525907589359951,10,0,3,0,10.277019500732422,5.619165897369385,3.1464433670043945,0.1947333812713623,0.0,19.534294605255127,12062720
7,fedavg_he,fedavg,True,False,False,27,0.3037367074349665,0.8757886982057701,0.6345927379784102,0.4515848539243831,0.5639194854381061,10,0,3,0,10.182729244232178,5.662647247314453,3.1463401317596436,0.19061779975891113,0.0,19.481874227523804,12062720
7,fedavg_he,fedavg,True,False,False,28,0.301686336266597,0.8634411348561895,0.6393277723258096,0.4580738648326387,0.5723171275191385,10,0,3,0,12.393602848052979,5.667614698410034,3.14261531829834,0.20107793807983398,0.0,21.698986530303955,12062720
7,fedavg_he,fedavg,True,False,False,29,0.3032770357306017,0.8780173544092899,0.6391069676153092,0.45799445748226203,0.5719738247068913,10,0,3,0,12.546832084655762,5.6648783683776855,3.145991802215576,0.20428919792175293,0.0,21.86029815673828,12062720
7,fedavg_he_fuzzy,fedavg,True,True,False,0,0.3753461369498243,0.9797383511499287,0.5731599607458292,0.32081467827326204,0.4595817332967394,10,0,3,0,12.450241327285767,5.711976528167725,3.365671157836914,0.19498157501220703,0.10443544387817383,22.130133390426636,12062720
7,fedavg_he_fuzzy,fedavg,True,True,False,1,0.3332401662462816,0.8274768503655161,0.5907998037291462,0.3438539621787693,0.48833991669565185,10,0,3,0,12.907355546951294,5.6865074634552,3.335360050201416,0.19977498054504395,0.09834027290344238,22.52940082550049,12062720
7,fedavg_he_fuzzy,fedavg,True,True,False,2,0.322215097069442,0.7121072486525546,0.623577036310108,0.38679522332361976,0.5388762411916337,10,0,3,0,11.960952281951904,5.699722528457642,3.3085756301879883,0.19461417198181152,0.0959784984588623,21.559874057769775,12062720
7,fedavg_he_fuzzy,fedavg,True,True,False,3,0.31629218851161106,0.6723685042780913,0.6619970559371934,0.4425688109509176,0.6089683639440623,10,0,3,0,11.109105348587036,5.6683127880096436,3.344383478164673,0.1949939727783203,0.1010279655456543,20.715649604797363,12062720
7,fedavg_he_fuzzy,fedavg,True,True,False,4,0.3129461443715444,0.6741612652450127,0.6652355250245339,0.4743891350835011,0.6132775613798922,10,0,3,0,10.394121170043945,5.61464262008667,3.6021761894226074,0.20316648483276367,0.09193778038024902,20.209797859191895,12062720
7,fedavg_he_fuzzy,fedavg,True,True,False,5,0.3095285901070609,0.6863160766960945,0.6629048086359176,0.481172700445768,0.6105188045979565,10,0,3,0,13.17995548248291,5.512202024459839,3.6184074878692627,0.19442105293273926,0.09490537643432617,22.898974895477295,12062720
7,fedavg_he_fuzzy,fedavg,True,True,False,6,0.308007773544572,0.680906242992038,0.6658979391560353,0.4879239028269872,0.6164597080421816,10,0,3,0,9.995408535003662,5.49907922744751,3.3526439666748047,0.1953730583190918,0.3096470832824707,19.648152828216553,12062720
7,fedavg_he_fuzzy,fedavg,True,True,False,7,0.3076453192337208,0.679392767280077,0.6676643768400392,0.49091110147513584,0.6194756949710001,10,0,3,0,10.364575862884521,5.72894811630249,3.372262477874756,0.2002105712890625,0.09327340126037598,20.05870032310486,12062720
7,fedavg_he_fuzzy,fedavg,True,True,False,8,0.30432640340556644,0.6720841592146675,0.673846908734053,0.49748887530845753,0.6270576319265198,10,0,3,0,10.948598623275757,5.6740334033966064,3.3915774822235107,0.2005445957183838,0.09578227996826172,20.610366582870483,12062720
7,fedavg_he_fuzzy,fedavg,True,True,False,9,0.3027388306792612,0.6436474261971755,0.6818449460255153,0.509439361687755,0.6385456317684296,10,0,3,0,10.218720436096191,5.634955406188965,3.4190433025360107,0.19991612434387207,0.10132598876953125,19.86784267425537,12062720
7,fedavg_he_fuzzy,fedavg,True,True,False,10,0.3006337019922508,0.6394579796608577,0.6820657507360157,0.5101201872775014,0.6393138755800789,10,0,3,0,9.842564344406128,5.6988685131073,3.358299732208252,0.19291186332702637,0.09531974792480469,19.489416122436523,12062720
7,fedavg_he_fuzzy,fedavg,True,True,False,11,0.30011554914457134,0.637178223734398,0.6841265947006869,0.5133919485638141,0.6420211114334643,10,0,3,0,9.962244510650635,5.680696487426758,3.343747138977051,0.19640302658081055,0.09425687789916992,19.5763156414032,12062720
7,fedavg_he_fuzzy,fedavg,True,True,False,12,0.3006034902340553,0.6586615400529586,0.679072620215898,0.5058432806064146,0.6346886412194808,10,0,3,0,10.268362522125244,5.70878791809082,3.3958356380462646,0.2040865421295166,0.10114312171936035,20.201416492462158,12062720
7,fedavg_he_fuzzy,fedavg,True,True,False,13,0.2980991538490732,0.6294796016195221,0.6870461236506379,0.5171380495132197,0.6458488425694632,10,0,3,0,9.875154495239258,5.503514289855957,3.5600597858428955,0.18877339363098145,0.09821200370788574,19.52813744544983,12062720
7,fedavg_he_fuzzy,fedavg,True,True,False,14,0.29756112282030517,0.6216840525019742,0.6912168792934249,0.5207694446377469,0.6509220899551588,10,0,3,0,10.072684288024902,5.43647575378418,3.5575056076049805,0.20076966285705566,0.09785151481628418,19.66208815574646,12062720
7,fedavg_he_fuzzy,fedavg,True,True,False,15,0.2958140417140245,0.6221469852945405,0.6926643768400392,0.521627846350213,0.6520234388271284,10,0,3,0,10.19192624092102,5.507998704910278,3.6094110012054443,0.19527864456176758,0.09368038177490234,19.897303581237793,12062720
7,fedavg_he_fuzzy,fedavg,True,True,False,16,0.2957891215178169,0.6132163305160927,0.6953876349362119,0.5238045707784076,0.6558879227048602,10,0,3,0,10.014319896697998,5.463721036911011,3.3742458820343018,0.1952667236328125,0.31015920639038086,19.658687114715576,12062720
7,fedavg_he_fuzzy,fedavg,True,True,False,17,0.2952880690493258,0.5984171080285129,0.6968105986261041,0.5255137446945877,0.6572757581164848,10,0,3,0,10.17149543762207,5.710969686508179,3.267383337020874,0.19337916374206543,0.09260249137878418,19.730437755584717,12062720
7,fedavg_he_fuzzy,fedavg,True,True,False,18,0.29288898397062024,0.5991228741916286,0.6948478900883219,0.5237861811818357,0.6550546204378419,10,0,3,0,10.067370414733887,5.704620122909546,3.3244731426239014,0.19752001762390137,0.09547662734985352,19.689899682998657,12062720
7,fedavg_he_fuzzy,fedavg,True,True,False,19,0.2937159027728286,0.6054098366989121,0.6922473012757605,0.5215017495579559,0.6523282733352379,10,0,3,0,9.902877569198608,5.705934762954712,3.3536429405212402,0.19498372077941895,0.09704422950744629,19.555010080337524,12062720
7,fedavg_he_fuzzy,fedavg,True,True,False,20,0.2930218137807863,0.6163719424321678,0.6898429833169775,0.5199594305546181,0.6487039387183647,10,0,3,0,10.384814262390137,5.721061944961548,3.317823886871338,0.2018117904663086,0.09597253799438477,20.015578746795654,12062720
7,fedavg_he_fuzzy,fedavg,True,True,False,21,0.29222277701342175,0.61379621691044,0.6911923454367026,0.5248788121984618,0.6502482970018462,10,0,3,0,10.187561273574829,5.652119159698486,3.2694005966186523,0.19053292274475098,0.10118556022644043,19.705538272857666,12062720
7,fedavg_he_fuzzy,fedavg,True,True,False,22,0.29248909770882575,0.611322346426203,0.692909715407262,0.5230128004699334,0.6520161015047418,10,0,3,0,11.271316051483154,5.583634614944458,3.297217845916748,0.19672369956970215,0.09601235389709473,20.747107982635498,12062720
7,fedavg_he_fuzzy,fedavg,True,True,False,23,0.28990139373877705,0.6008990122127814,0.6974730127576055,0.5262264738832834,0.6577784024886781,10,0,3,0,10.998027563095093,5.665297031402588,3.3469555377960205,0.4171717166900635,0.09395647048950195,20.81841206550598,12062720
7,fedavg_he_fuzzy,fedavg,True,True,False,24,0.2904253743396799,0.5988133663518155,0.6987733071638862,0.5280425911261429,0.6596999438413501,10,0,3,0,11.073878765106201,5.053881883621216,3.663599967956543,0.1859264373779297,0.09842371940612793,20.37248396873474,12062720
7,fedavg_he_fuzzy,fedavg,True,True,False,25,0.28996067710495427,0.5993767346203386,0.6984543670264965,0.5304607452709401,0.6592380009932971,10,0,3,0,10.113048791885376,5.023277044296265,3.5366909503936768,0.18856096267700195,0.09882950782775879,19.263998985290527,12062720
7,fedavg_he_fuzzy,fedavg,True,True,False,26,0.28720049963011435,0.5898289509212655,0.6993375858684985,0.5314939077781425,0.6618587500303511,10,0,3,0,10.217975854873657,5.0408101081848145,3.558382987976074,0.19157791137695312,0.1005098819732666,19.40869426727295,12062720
7,fedavg_he_fuzzy,fedavg,True,True,False,27,0.2880015857840786,0.5935864344663311,0.6993375858684985,0.5323976195885667,0.661486087459262,10,0,3,0,10.146641254425049,5.03692364692688,3.3183112144470215,0.19032859802246094,0.3112955093383789,19.307573318481445,12062720
7,fedavg_he_fuzzy,fedavg,True,True,False,28,0.28653364842162543,0.5876047944882199,0.703287536800785,0.5357417112359703,0.6668602090875168,10,0,3,0,9.990407466888428,5.242943048477173,3.3155698776245117,0.192795991897583,0.1018068790435791,19.153753757476807,12062720
7,fedavg_he_fuzzy,fedavg,True,True,False,29,0.2875960012351445,0.5688485097838337,0.707360157016683,0.5403269716512331,0.6732274167200725,10,0,3,0,10.12919545173645,5.21482515335083,3.3468732833862305,0.1862812042236328,0.10471892356872559,19.279619932174683,12062720
7,full_system,fedavg,True,True,True,0,0.3753461369498243,0.9580886616206146,0.5779195289499509,0.32581047225988063,0.46715050863851904,7,3,3,3,10.139439105987549,5.262665510177612,2.1935043334960938,0.18368768692016602,0.10184001922607422,18.18419575691223,12062720
7,full_system,fedavg,True,True,True,1,0.33094179242977795,0.7412462902724216,0.6123159960745829,0.37256239474955677,0.5207032625654575,7,3,3,3,9.766798496246338,5.2592692375183105,2.2777507305145264,0.1913149356842041,0.10017776489257812,17.892503261566162,12062720
7,full_system,fedavg,True,True,True,2,0.31940749619111675,0.6578346993668157,0.6623650637880275,0.45072696098457454,0.607409894709136,7,3,3,3,10.240570545196533,5.2655229568481445,2.235588788986206,0.1876053810119629,0.0990900993347168,18.329237937927246,12062720
7,full_system,fedavg,True,True,True,3,0.3137510127858171,0.6360290916674972,0.6865309126594701,0.507232463533577,0.6526788127926741,7,3,3,3,10.275963306427002,5.287237882614136,2.2334330081939697,0.19079113006591797,0.09902834892272949,18.61411142349243,12062720
7,full_system,fedavg,True,True,True,4,0.31016811497751107,0.6338170374457571,0.6853778213935231,0.5114795539418171,0.6475595091566262,7,3,3,3,10.027193784713745,5.0494959354400635,2.234876871109009,0.18354320526123047,0.09654355049133301,17.887988328933716,12062720
7,full_system,fedavg,True,True,True,5,0.30651562543868793,0.6302693285581759,0.681648675171737,0.5075566502924702,0.6390985410890591,7,3,3,3,10.157469511032104,5.301623106002808,2.258424997329712,0.18798041343688965,0.09553003311157227,18.523906707763672,12062720
7,full_system,fedavg,True,True,True,6,0.3048316144473439,0.6270484437652378,0.6848135426889107,0.5110221102811119,0.6450956118270812,7,3,3,3,9.801289558410645,5.054644823074341,2.287118673324585,0.18602967262268066,0.09917783737182617,17.946335315704346,12062720
7,full_system,fedavg,True,True,True,7,0.30442647830598546,0.6167869545409677,0.6891560353287537,0.5180651276117967,0.650988968426622,7,3,3,3,10.392952680587769,5.068618535995483,2.3101096153259277,0.19144272804260254,0.10536909103393555,18.591323375701904,12062720
7,full_system,fedavg,True,True,True,8,0.3009820132623332,0.6142170495210147,0.6902600588812562,0.5186571044209016,0.6495676983789364,7,3,3,3,10.13554310798645,5.08219838142395,2.214155912399292,0.19350934028625488,0.1003563404083252,18.246011972427368,12062720
7,full_system,fedavg,True,True,True,9,0.2990856693348406,0.5820170176976797,0.7050049067713444,0.5408865913117595,0.6675613010750854,6,4,3,3,9.951788425445557,5.070546627044678,1.8801593780517578,0.1923351287841797,0.09920811653137207,17.715635299682617,12062720
7,full_system,fedavg,True,True,True,10,0.2972767128616128,0.5788676747629992,0.7056182531894014,0.5394029089470931,0.6699907173689513,6,4,3,3,10.023843765258789,5.056765556335449,1.8766536712646484,0.18695354461669922,0.09976649284362793,17.781721353530884,12062720
7,full_system,fedavg,True,True,True,11,0.29564112985688673,0.5743573279563298,0.7108684985279686,0.5415401773568369,0.6762429775000823,6,4,3,3,12.462400913238525,5.067803382873535,1.8735947608947754,0.19257736206054688,0.09799075126647949,20.213698625564575,12062720
7,full_system,fedavg,True,True,True,12,0.2967366842546607,0.5875267148602816,0.7020853778213936,0.5352331740385763,0.6633176489409887,6,4,3,3,12.971651554107666,5.039705991744995,1.8884334564208984,0.18589472770690918,0.10504555702209473,20.717512845993042,12062720
7,full_system,fedavg,True,True,True,13,0.29423738880323486,0.5592331606459687,0.7166339548577036,0.5571587476788251,0.6857568591042186,6,4,3,3,12.29467225074768,5.048666715621948,1.9048833847045898,0.18291831016540527,0.10092878341674805,20.0600426197052,12062720
7,full_system,fedavg,True,True,True,14,0.29365500373406495,0.5173045629140088,0.7693817468105987,0.6067645508269113,0.763349553216848,5,5,3,3,12.854168891906738,5.060126066207886,1.576188564300537,0.19193816184997559,0.09750819206237793,20.309016466140747,12062720
7,full_system,fedavg,True,True,True,15,0.29262266757175637,0.5190517593997734,0.7707065750736015,0.602408866309815,0.7642359722389731,5,5,3,3,12.460134029388428,5.040886640548706,1.6108908653259277,0.19267010688781738,0.10053563117980957,19.93379545211792,12062720
7,full_system,fedavg,True,True,True,16,0.29358351887567086,0.5152068358057263,0.7730618253189402,0.6040966098998011,0.7670833344173537,5,5,3,3,10.322763204574585,5.085895299911499,1.5730371475219727,0.1911945343017578,0.10268735885620117,17.585450172424316,12062720
7,full_system,fedavg,True,True,True,17,0.29289313667494854,0.5137872218617747,0.7748527968596663,0.6041879748163719,0.7676133664915401,5,5,3,3,10.484103202819824,5.204244613647461,1.5307989120483398,0.18436431884765625,0.10296893119812012,17.80707311630249,12062720
7,full_system,fedavg,True,True,True,18,0.2899534088033238,0.5143664845774523,0.7738714425907752,0.6049176541882288,0.7670180971897685,5,5,3,3,9.985342741012573,5.337592601776123,1.6832330226898193,0.18315362930297852,0.09696769714355469,17.811662435531616,12062720
7,full_system,fedavg,True,True,True,19,0.29338909057412793,0.5157095964336301,0.7728410206084396,0.6024982934230835,0.7649943275242003,5,5,3,3,10.112084865570068,5.075873136520386,1.6944835186004639,0.1886603832244873,0.10407233238220215,17.697014093399048,12062720
7,full_system,fedavg,True,True,True,20,0.2920995157370056,0.5127779592826626,0.775883218842002,0.604695615634028,0.7675255341331269,5,5,3,3,10.003942966461182,5.060898065567017,1.7329342365264893,0.18718576431274414,0.09793710708618164,17.60884118080139,12062720
7,full_system,fedavg,True,True,True,21,0.29214290764965617,0.5246834841981838,0.7691364082433758,0.5991660868634776,0.7612014412244246,5,5,3,3,9.78965163230896,5.076698541641235,1.6893830299377441,0.18962836265563965,0.09468317031860352,17.14148259162903,12062720
7,full_system,fedavg,True,True,True,22,0.2908859163348184,0.5236155366757199,0.7675417075564279,0.5959791464192039,0.7590382996542588,5,5,3,3,10.039821863174438,5.266097784042358,1.5528652667999268,0.1866919994354248,0.0985877513885498,17.66506600379944,12062720
7,full_system,fedavg,True,True,True,23,0.29110569905819295,0.5181594234687423,0.7697497546614328,0.5992453519654439,0.7620075941345639,5,5,3,3,10.326370000839233,5.092337608337402,1.5488767623901367,0.18584060668945312,0.09482216835021973,17.776703596115112,12062720
7,full_system,fedavg,True,True,True,24,0.2913656125715086,0.5209286952744054,0.7703140333660451,0.5987549331509423,0.762074982847863,5,5,3,3,9.698035955429077,5.068536758422852,1.5300180912017822,0.18871045112609863,0.09964752197265625,17.109858751296997,12062720
7,full_system,fedavg,True,True,True,25,0.29572606508022503,0.5235031187826799,0.7681550539744848,0.5969756107613446,0.759796830863086,5,5,3,3,10.03150224685669,5.03983998298645,1.5583217144012451,0.1908581256866455,0.09704780578613281,17.220587015151978,12062720
7,full_system,fedavg,True,True,True,26,0.2888392532527687,0.5172957078748409,0.7704121687929343,0.5999306551391541,0.7624917866565745,5,5,3,3,9.965791702270508,5.258310079574585,1.7171461582183838,0.19251441955566406,0.10064125061035156,17.75929093360901,12062720
7,full_system,fedavg,True,True,True,27,0.2895635393078855,0.517620478247286,0.770657507360157,0.6008699390299816,0.7627422251154403,5,5,3,3,9.877609252929688,5.071109056472778,1.7248585224151611,0.19206500053405762,0.09641027450561523,17.269779443740845,12062720
7,full_system,fedavg,True,True,True,28,0.2886303828262668,0.5210139700428192,0.7694308145240432,0.5993293484713349,0.7609365258449403,5,5,3,3,9.897305488586426,5.287508726119995,1.7097442150115967,0.18538665771484375,0.0965874195098877,17.47138261795044,12062720
7,full_system,fedavg,True,True,True,29,0.29107600743920015,0.5140371590297051,0.7729146221786065,0.6012888566966212,0.7645836896241813,5,5,3,3,10.060021877288818,5.291735410690308,1.941948413848877,0.18332505226135254,0.10074138641357422,17.884111166000366,12062720
7,full_system_neuro,fedavg,True,True,True,0,0.3761467492481512,1.278493448094601,0.5327526987242395,0.285964672435045,0.41491860640968553,10,0,3,0,9.861042261123657,5.108289957046509,3.390782356262207,0.19198298454284668,0.0033943653106689453,18.857982635498047,12062720
7,full_system_neuro,fedavg,True,True,True,1,0.34262817582910376,0.9698607814440666,0.5736015701668302,0.3185194207558514,0.45830399010875983,10,0,3,0,10.298250436782837,5.068472862243652,3.3344027996063232,0.18727850914001465,0.0013477802276611328,19.18978500366211,12062720
7,full_system_neuro,fedavg,True,True,True,2,0.3299175876393191,0.9235421716991421,0.5861874386653582,0.33416904624489274,0.4783451920877842,10,0,3,0,10.001284122467041,5.071377992630005,3.3669795989990234,0.20306611061096191,0.0016658306121826172,18.9554340839386,12062720
7,full_system_neuro,fedavg,True,True,True,3,0.3231275152339709,0.9083340555926651,0.5921491658488715,0.34257952472786524,0.4880149466447616,10,0,3,0,9.980489730834961,5.098750829696655,3.1570303440093994,0.4333200454711914,0.0016679763793945312,18.97124671936035,12062720
7,full_system_neuro,fedavg,True,True,True,4,0.31905675303320075,0.6526001261073778,0.6662659470068695,0.4491095733837055,0.6159133553926899,7,3,3,3,10.310127973556519,5.065111398696899,2.2594571113586426,0.19088435173034668,0.622748851776123,18.971999168395996,12062720
7,full_system_neuro,fedavg,True,True,True,5,0.31413269280501743,0.6474647379717017,0.6735034347399411,0.48281523246681574,0.6242052469461585,7,3,3,3,9.879176139831543,5.06939172744751,2.2495694160461426,0.18738293647766113,0.0018794536590576172,17.91764521598816,12062720
7,full_system_neuro,fedavg,True,True,True,6,0.309481136391747,0.6158395888877921,0.6900637880274779,0.5124038557174475,0.6523933250349198,7,3,3,3,10.125080585479736,5.101804494857788,2.2724783420562744,0.188323974609375,0.001760721206665039,17.9887912273407,12062720
7,full_system_neuro,fedavg,True,True,True,7,0.308058975318499,0.6062655829821766,0.6929833169774289,0.520983494307597,0.6583624804720378,7,3,3,3,9.921133518218994,5.1942479610443115,2.27536940574646,0.18225932121276855,0.0012748241424560547,17.87618112564087,12062720
7,full_system_neuro,fedavg,True,True,True,8,0.3044248239402526,0.6005291191003741,0.6938910696761531,0.5212765180778755,0.6568795335362676,7,3,3,3,10.013648509979248,5.2856292724609375,2.234410524368286,0.1930704116821289,0.0013759136199951172,18.035508632659912,12062720
7,full_system_neuro,fedavg,True,True,True,9,0.3028314388323968,0.5921502934119887,0.6960500490677134,0.5240336160452799,0.6585236889657362,7,3,3,3,10.199455738067627,5.3014349937438965,2.215579032897949,0.19112586975097656,0.0012242794036865234,18.20981764793396,12062720
7,full_system_neuro,fedavg,True,True,True,10,0.30116742820813247,0.5797330577427319,0.7044651619234543,0.5357214958415447,0.6727167808035747,7,3,3,3,11.093608140945435,5.068715810775757,2.4837143421173096,0.19279789924621582,0.0019121170043945312,19.1434063911438,12062720
7,full_system_neuro,fedavg,True,True,True,11,0.2994347886455846,0.5860113770968781,0.7002944062806673,0.5316245730582382,0.665577128128402,7,3,3,3,11.176728963851929,5.066769361495972,2.2053427696228027,0.18431925773620605,0.0013692378997802734,19.15378427505493,12062720
7,full_system_neuro,fedavg,True,True,True,12,0.2967517600636306,0.5805570817672235,0.7026496565260059,0.5342805823070518,0.6678191131088368,7,3,3,3,10.99700379371643,5.0796990394592285,2.240936756134033,0.19302988052368164,0.0017230510711669922,19.035142421722412,12062720
7,full_system_neuro,fedavg,True,True,True,13,0.2974126493076311,0.5802174292088023,0.7047595682041217,0.536460211088982,0.6711706676098679,7,3,3,3,11.30223798751831,5.107043266296387,2.2310690879821777,0.19248390197753906,0.0017466545104980469,19.36278486251831,12062720
7,full_system_neuro,fedavg,True,True,True,14,0.29591627783317204,0.5631627233503377,0.7178115799803729,0.5540716986834611,0.695806157657537,7,3,3,3,11.053080320358276,5.090972423553467,2.23421049118042,0.189561128616333,0.001856088638305664,18.87098455429077,12062720
7,full_system_neuro,fedavg,True,True,True,15,0.2951527416449907,0.5673063403607819,0.7089303238469087,0.5421334763199978,0.6776868359947803,7,3,3,3,10.019312143325806,5.273982286453247,2.2410178184509277,0.18950843811035156,0.001537322998046875,18.032085418701172,12062720
7,full_system_neuro,fedavg,True,True,True,16,0.2941813484265236,0.5625308604890863,0.7119479882237487,0.54874833294835,0.682358256868931,7,3,3,3,9.585550546646118,5.280704021453857,2.243342876434326,0.18442702293395996,0.0014615058898925781,17.59386920928955,12062720
7,full_system_neuro,fedavg,True,True,True,17,0.292897944069406,0.5539538584700744,0.7225711481844946,0.5563379904833028,0.7005850544211457,7,3,3,3,9.75226354598999,5.089644432067871,2.467296838760376,0.18826723098754883,0.0017418861389160156,17.80380868911743,12062720
7,full_system_neuro,fedavg,True,True,True,18,0.29222800040848274,0.5539955670747018,0.722423945044161,0.560511015161718,0.6987934617081912,7,3,3,3,9.761292934417725,5.077073335647583,2.44160795211792,0.1928086280822754,0.0015418529510498047,17.776379346847534,12062720
7,full_system_neuro,fedavg,True,True,True,19,0.29156426175014716,0.5601652817356457,0.7103532875368008,0.5465045664106629,0.6773028298797049,7,3,3,3,9.914140462875366,5.0917088985443115,2.2076704502105713,0.18628883361816406,0.0018389225006103516,17.927672386169434,12062720
7,full_system_neuro,fedavg,True,True,True,20,0.2909429454995688,0.5558600952627615,0.7170264965652601,0.5509043558314906,0.6895236704715441,7,3,3,3,9.820462942123413,5.114365577697754,2.310847282409668,0.1960129737854004,0.03334307670593262,18.00251579284668,12062720
7,full_system_neuro,fedavg,True,True,True,21,0.29233779876817073,0.5484424879319301,0.7207311089303239,0.5546082981985775,0.6958219694099671,7,3,3,3,10.160658836364746,5.524012088775635,2.192636728286743,0.1932685375213623,0.0016655921936035156,18.369600534439087,12062720
7,full_system_neuro,fedavg,True,True,True,22,0.292527811035945,0.551328559104313,0.7123405299313053,0.5450761202705126,0.6805710662686835,7,3,3,3,10.11645221710205,5.728307723999023,2.2112698554992676,0.20015692710876465,0.0013322830200195312,18.555623292922974,12062720
7,full_system_neuro,fedavg,True,True,True,23,0.2910499162063134,0.5539020826584925,0.7124386653581943,0.5435342941415944,0.6796471636611404,7,3,3,3,9.95356798171997,5.711049556732178,2.227527379989624,0.20243358612060547,0.0015192031860351562,18.395536184310913,12062720
7,full_system_neuro,fedavg,True,True,True,24,0.29060255091542975,0.5430719175329386,0.7240677134445535,0.5576946625420613,0.6995498670303004,7,3,3,3,11.660290718078613,5.704451084136963,2.221924066543579,0.20265913009643555,0.0013568401336669922,20.094230890274048,12062720
7,full_system_neuro,fedavg,True,True,True,25,0.2917289467837125,0.5509767339554806,0.7175171736997056,0.5507482718257802,0.68928550894832,7,3,3,3,9.979950189590454,5.552273511886597,2.4358086585998535,0.20455026626586914,0.0013761520385742188,18.470539569854736,12062720
7,full_system_neuro,fedavg,True,True,True,26,0.28970288048367504,0.5370645015817629,0.7350588812561335,0.5708935710652221,0.7189591864306871,7,3,3,3,10.09971809387207,5.592740058898926,2.436630964279175,0.2015247344970703,0.0016696453094482422,18.63322615623474,12062720
7,full_system_neuro,fedavg,True,True,True,27,0.28991513053912327,0.5370557131781312,0.7368498527968597,0.5752151948865005,0.7211857472994709,7,3,3,3,10.403206825256348,5.53181266784668,2.2107720375061035,0.20512104034423828,0.0017077922821044922,18.87784719467163,12062720
7,full_system_neuro,fedavg,True,True,True,28,0.28937091371653917,0.544768969654686,0.7264965652600589,0.5597864275297859,0.7036120787905922,7,3,3,3,9.730501413345337,5.582923889160156,2.2109992504119873,0.19616913795471191,0.0022115707397460938,18.25211215019226,12062720
7,full_system_neuro,fedavg,True,True,True,29,0.28955073054158076,0.5430010847067341,0.7213935230618254,0.5599190887723555,0.6953161307758482,7,3,3,3,10.224459171295166,5.615794897079468,2.199117422103882,0.19540691375732422,0.0016567707061767578,18.535996675491333,12062720
2025,fedavg,fedavg,False,False,False,0,0.3548121957941267,0.8556115177592538,0.6201668302257115,0.36883510279640175,0.5223850458053071,10,0,0,0,10.611192464828491,0.0,0.00013208389282226562,0.0,0.0,10.867719650268555,0
2025,fedavg,fedavg,False,False,False,1,0.3212562620948697,0.6744092108339977,0.6409715407262021,0.4025902704888368,0.5643659662477469,10,0,0,0,9.830824613571167,0.0,0.00013303756713867188,0.0,0.0,10.285985946655273,0
2025,fedavg,fedavg,False,False,False,2,0.30989793620858586,0.6149180314023782,0.7248773307163886,0.5128013924868892,0.703956446104338,10,0,0,0,9.875907897949219,0.0,0.00013446807861328125,0.0,0.0,10.132668018341064,0
2025,fedavg,fedavg,False,False,False,3,0.30378151069824894,0.5863421356830092,0.7440382728164867,0.5620955593314435,0.7304040771873892,10,0,0,0,10.461115837097168,0.0,0.00013780593872070312,0.0,0.0,10.720021724700928,0
2025,fedavg,fedavg,False,False,False,4,0.30101206681047193,0.5728299650991513,0.7397939156035329,0.5684117592439002,0.726966762773436,10,0,0,0,10.659696817398071,0.0,0.00013208389282226562,0.0,0.0,10.918941974639893,0
2025,fedavg,fedavg,False,False,False,5,0.29882375531963146,0.5626603909867786,0.7491167811579981,0.5771251597938691,0.7376134640921568,10,0,0,0,10.920531988143921,0.0,0.00013184547424316406,0.0,0.0,11.173861742019653,0
2025,fedavg,fedavg,False,False,False,6,0.29689240818680684,0.5636898785741804,0.7439401373895976,0.5735625395092084,0.7319115776920052,10,0,0,0,10.54490876197815,0.0,0.0001354217529296875,0.0,0.0,10.802818298339844,0
2025,fedavg,fedavg,False,False,False,7,0.2950313651960065,0.5532210180640104,0.7510304219823356,0.5833705671464174,0.740553426402916,10,0,0,0,10.137420654296875,0.0,0.00013828277587890625,0.0,0.0,10.391308784484863,0
2025,fedavg,fedavg,False,False,False,8,0.2945727305046367,0.546922212400427,0.7543179587831207,0.5841284381633919,0.7445864847056203,10,0,0,0,9.9045729637146,0.0,0.00013017654418945312,0.0,0.0,10.162964344024658,0
2025,fedavg,fedavg,False,False,False,9,0.29305940482116,0.5468994178060694,0.7508096172718352,0.586282604044599,0.7412868483321399,10,0,0,0,10.007861137390137,0.0,0.00013327598571777344,0.0,0.0,10.263859272003174,0
2025,fedavg,fedavg,False,False,False,10,0.2929612383122163,0.5400224807334952,0.7563052011776251,0.5912902502679909,0.7478099684667269,10,0,0,0,9.89334225654602,0.0,0.00013303756713867188,0.0,0.0,10.152297258377075,0
2025,fedavg,fedavg,False,False,False,11,0.29300345311193726,0.5419072496528363,0.7574582924435721,0.5917556782699533,0.7486336022894914,10,0,0,0,10.109883308410645,0.0,0.00013971328735351562,0.0,0.0,10.365821838378906,0
2025,fedavg,fedavg,False,False,False,12,0.28907509515894825,0.53582517644491,0.758684985279686,0.5937900401731071,0.7505386324550889,10,0,0,0,10.583243131637573,0.0,0.00012826919555664062,0.0,0.0,11.038357734680176,0
2025,fedavg,fedavg,False,False,False,13,0.2901591378697391,0.5364974818356021,0.7597644749754662,0.592194932939454,0.7516099744679329,10,0,0,0,11.336918830871582,0.0,0.00013327598571777344,0.0,0.0,11.593055009841919,0
2025,fedavg,fedavg,False,False,False,14,0.2887749634020547,0.5350847081417425,0.7596908734052993,0.5932455898136578,0.7515359718258001,10,0,0,0,10.804635047912598,0.0,0.00013303756713867188,0.0,0.0,11.073947429656982,0
2025,fedavg,fedavg,False,False,False,15,0.28759427390558606,0.5326774904140663,0.759936211972522,0.5918714415115159,0.7518586506599949,10,0,0,0,10.605664253234863,0.0,0.0001373291015625,0.0,0.0,10.861750364303589,0
2025,fedavg,fedavg,False,False,False,16,0.29020072163108684,0.5311825513605749,0.7641315014720313,0.5943628790319078,0.7562530881288662,10,0,0,0,11.236383438110352,0.0,0.00013065338134765625,0.0,0.0,11.49571442604065,0
2025,fedavg,fedavg,False,False,False,17,0.2876094545863162,0.528943824206531,0.7639597644749755,0.596016419523294,0.7563184766048812,10,0,0,0,10.279704332351685,0.0,0.0001342296600341797,0.0,0.0,10.53838324546814,0
2025,fedavg,fedavg,False,False,False,18,0.288262405573617,0.529064711551086,0.7635672227674191,0.600330257495373,0.7561195403163076,10,0,0,0,9.88756275177002,0.0,0.00013256072998046875,0.0,0.0,10.143038988113403,0
2025,fedavg,fedavg,False,False,False,19,0.2857833458986691,0.5282476340940586,0.7645731108930324,0.5998853760221445,0.7568755168274244,10,0,0,0,9.911525011062622,0.0,0.00013899803161621094,0.0,0.0,10.17087721824646,0
2025,fedavg,fedavg,False,False,False,20,0.2858564850613691,0.5252515229439478,0.7651373895976448,0.600903823397575,0.7576607526289436,10,0,0,0,9.913244485855103,0.0,0.0001327991485595703,0.0,0.0,10.167429447174072,0
2025,fedavg,fedavg,False,False,False,21,0.285511893679261,0.5253053809288557,0.7634200196270854,0.5949080514230588,0.7558992627878767,10,0,0,0,9.971635341644287,0.0,0.00013518333435058594,0.0,0.0,10.229987859725952,0
2025,fedavg,fedavg,False,False,False,22,0.2836195713791242,0.5233869535766242,0.7668792934249264,0.6032943152544282,0.7596714927428199,10,0,0,0,9.8552725315094,0.0,0.00013780593872070312,0.0,0.0,10.111275434494019,0
2025,fedavg,fedavg,False,False,False,23,0.2846724840982465,0.5221046852059407,0.7661187438665358,0.6042667220177648,0.7588391491310844,10,0,0,0,10.219147682189941,0.0,0.0001354217529296875,0.0,0.0,10.477999210357666,0
2025,fedavg,fedavg,False,False,False,24,0.2836181465988032,0.5210368425034213,0.76702649656526,0.6035194255542007,0.7599464156463829,10,0,0,0,10.107011795043945,0.0,0.00013136863708496094,0.0,0.0,10.559015989303589,0
2025,fedavg,fedavg,False,False,False,25,0.2818316845707059,0.5224801906776615,0.7667811579980373,0.5991592766321632,0.7594772554870927,10,0,0,0,10.017112255096436,0.0,0.00013208389282226562,0.0,0.0,10.29987907409668,0
2025,fedavg,fedavg,False,False,False,26,0.28136698769739343,0.5211260884503036,0.7668792934249264,0.6014121328767352,0.7598124225103673,10,0,0,0,10.33176851272583,0.0,0.00013947486877441406,0.0,0.0,10.590581893920898,0
2025,fedavg,fedavg,False,False,False,27,0.28455901732168376,0.5195388359691256,0.7698724239450442,0.6031068022113051,0.7629064372002724,10,0,0,0,10.229822635650635,0.0,0.00013256072998046875,0.0,0.0,10.484216690063477,0
2025,fedavg,fedavg,False,False,False,28,0.2839484868013142,0.5134600249076147,0.7713935230618253,0.6046193674979372,0.7650263983210907,10,0,0,0,10.205231666564941,0.0,0.00013113021850585938,0.0,0.0,10.486592292785645,0
2025,fedavg,fedavg,False,False,False,29,0.28136210040757337,0.5164987917854227,0.7708783120706575,0.6054326913567851,0.764527783215771,10,0,0,0,10.160633563995361,0.0,0.00013375282287597656,0.0,0.0,10.414894342422485,0
2025,fedavg_attack,fedavg,False,False,False,0,0.3548121957941267,1.8134191331498406,0.3723748773307164,0.17349152830061937,0.23970355796513207,10,0,3,0,9.862409830093384,0.0,0.00012803077697753906,0.0,0.0,10.12169623374939,0
2025,fedavg_attack,fedavg,False,False,False,1,0.34354744157093453,1.511043565804404,0.5271344455348381,0.2889734524560933,0.4086264377004649,10,0,3,0,10.121075630187988,0.0,0.00013446807861328125,0.0,0.0,10.379448413848877,0
2025,fedavg_attack,fedavg,False,False,False,2,0.3376903250886317,1.351512902197122,0.581820412168793,0.3744838959541846,0.4817590481347303,10,0,3,0,9.966601133346558,0.0,0.0001316070556640625,0.0,0.0,10.225057601928711,0
2025,fedavg_attack,fedavg,False,False,False,3,0.3318012501782216,1.2822097314117702,0.5992149165848871,0.39176648236918743,0.500290259649941,10,0,3,0,10.083211183547974,0.0,0.00013065338134765625,0.0,0.0,10.339609622955322,0
2025,fedavg_attack,fedavg,False,False,False,4,0.3300281989805391,1.2696003323331315,0.6021589793915604,0.39018751144888963,0.5033806836169664,10,0,3,0,10.029709339141846,0.0,0.00013875961303710938,0.0,0.0,10.507290601730347,0
2025,fedavg_attack,fedavg,False,False,False,5,0.3271224816479176,1.2578545447771636,0.6109421000981354,0.39831103516907707,0.5128591772613288,10,0,3,0,11.719440221786499,0.0,0.00013494491577148438,0.0,0.0,12.012383937835693,0
2025,fedavg_attack,fedavg,False,False,False,6,0.3258069717147877,1.2575218402836343,0.6126349362119725,0.4025724614438234,0.5174170518437597,10,0,3,0,13.487489938735962,0.0,0.00012922286987304688,0.0,0.0,13.780872821807861,0
2025,fedavg_attack,fedavg,False,False,False,7,0.3261246617872107,1.257756244633219,0.6153091265947007,0.40856925332103666,0.523411781227835,10,0,3,0,13.531637907028198,0.0,0.0001323223114013672,0.0,0.0,13.82262396812439,0
2025,fedavg_attack,fedavg,False,False,False,8,0.32364928210479815,1.198557927634227,0.6175171736997056,0.41187614227502256,0.5266082891419629,10,0,3,0,13.42398738861084,0.0,0.0001392364501953125,0.0,0.0,13.719871282577515,0
2025,fedavg_attack,fedavg,False,False,False,9,0.323029939346316,1.2187420756121965,0.6207556427870461,0.4176525451521419,0.5320896762697143,10,0,3,0,13.509765148162842,0.0,0.00013256072998046875,0.0,0.0,13.806029081344604,0
2025,fedavg_attack,fedavg,False,False,False,10,0.32276707939122457,1.1719284461922688,0.6202404317958783,0.4173353868333576,0.5326415142858318,10,0,3,0,10.254229307174683,0.0,0.00013065338134765625,0.0,0.0,10.512698411941528,0
2025,fedavg_attack,fedavg,False,False,False,11,0.3216710602171722,1.1904002735261476,0.6229146221786065,0.4216655526997146,0.5378807382460952,10,0,3,0,9.96772575378418,0.0,0.0001342296600341797,0.0,0.0,10.221520185470581,0
2025,fedavg_attack,fedavg,False,False,False,12,0.3198580980623805,1.1411840796353656,0.6234789008832189,0.42021475131076913,0.5381411823350654,10,0,3,0,9.88474440574646,0.0,0.0001327991485595703,0.0,0.0,10.143996238708496,0
2025,fedavg_attack,fedavg,False,False,False,13,0.3197149357834418,1.1614696843350367,0.6248773307163886,0.4259425003243631,0.5406550372794753,10,0,3,0,9.911243438720703,0.0,0.0001327991485595703,0.0,0.0,10.195310115814209,0
2025,fedavg_attack,fedavg,False,False,False,14,0.319480259364573,1.1466383495087478,0.6212463199214917,0.4228745141148377,0.5370525444930152,10,0,3,0,9.918351173400879,0.0,0.0001342296600341797,0.0,0.0,10.177702188491821,0
2025,fedavg_attack,fedavg,False,False,False,15,0.31923953688182005,1.1376326810857382,0.6275515210991168,0.43560285581045166,0.5476657443918224,10,0,3,0,10.060519933700562,0.0,0.0001342296600341797,0.0,0.0,10.51310920715332,0
2025,fedavg_attack,fedavg,False,False,False,16,0.3222082677932249,1.1286519178815397,0.6299067713444554,0.43740637845072844,0.5508906748617896,10,0,3,0,9.869264125823975,0.0,0.00013566017150878906,0.0,0.0,10.128053426742554,0
2025,fedavg_attack,fedavg,False,False,False,17,0.3185910568398989,1.1298126475265848,0.6288518155053975,0.4392868074550724,0.5506369978884649,10,0,3,0,10.305350303649902,0.0,0.0001327991485595703,0.0,0.0,10.561674356460571,0
2025,fedavg_attack,fedavg,False,False,False,18,0.3205011725641966,1.12312737671737,0.6316977428851815,0.44100508281341677,0.5539570826684281,10,0,3,0,10.099733829498291,0.0,0.00013184547424316406,0.0,0.0,10.35454535484314,0
2025,fedavg_attack,fedavg,False,False,False,19,0.32287959250814857,1.11581544585972,0.6306918547595682,0.4425842807256507,0.5529260371401131,10,0,3,0,9.937378644943237,0.0,0.0001316070556640625,0.0,0.0,10.197024822235107,0
2025,fedavg_attack,fedavg,False,False,False,20,0.32280070352039203,1.1134418101961174,0.6285819430814524,0.44045379111913624,0.5510558778470073,10,0,3,0,9.76046633720398,0.0,0.00013828277587890625,0.0,0.0,10.014887571334839,0
2025,fedavg_attack,fedavg,False,False,False,21,0.3217760529923951,1.1221328915042896,0.6304465161923455,0.44906296134522744,0.5556991527587138,10,0,3,0,9.913640022277832,0.0,0.0001347064971923828,0.0,0.0,10.172774314880371,0
2025,fedavg_attack,fedavg,False,False,False,22,0.3175704932312946,1.0868707778526359,0.6308390578999019,0.44646298332150824,0.5558526563276058,10,0,3,0,10.900490283966064,0.0,0.00013113021850585938,0.0,0.0,11.155936002731323,0
2025,fedavg_attack,fedavg,False,False,False,23,0.32272347364972925,1.1472442836593013,0.6331697742885182,0.44893786662923235,0.5574852463711648,10,0,3,0,10.087461233139038,0.0,0.0001308917999267578,0.0,0.0,10.346525192260742,0
2025,fedavg_attack,fedavg,False,False,False,24,0.32385033232694466,1.1232453785185958,0.6273307163886163,0.4409509526947467,0.550986791817355,10,0,3,0,11.402241945266724,0.0,0.00013446807861328125,0.0,0.0,11.694793462753296,0
2025,fedavg_attack,fedavg,False,False,False,25,0.31920265124230435,1.1381431257642871,0.6281157998037291,0.4497255355357689,0.5536494604696142,10,0,3,0,11.991249561309814,0.0,0.0001361370086669922,0.0,0.0,12.250659465789795,0
2025,fedavg_attack,fedavg,False,False,False,26,0.32826447305581885,1.1627993238334917,0.6307409224730127,0.45213205940504664,0.5566647859179957,10,0,3,0,10.33359169960022,0.0,0.0001304149627685547,0.0,0.0,10.788120985031128,0
2025,fedavg_attack,fedavg,False,False,False,27,0.3204531474867172,1.1665834496135918,0.6280912659470068,0.44740226604337474,0.5527494903011243,10,0,3,0,10.011890649795532,0.0,0.00013184547424316406,0.0,0.0,10.27195429801941,0
2025,fedavg_attack,fedavg,False,False,False,28,0.3295631266980063,1.1783690208307778,0.6278704612365064,0.4481871652236713,0.5529812704373999,10,0,3,0,11.83768367767334,0.0,0.0001347064971923828,0.0,0.0,12.097163677215576,0
2025,fedavg_attack,fedavg,False,False,False,29,0.32573841797259945,1.1706837557716856,0.6289499509322866,0.44829825150096975,0.5540743472063275,10,0,3,0,13.421337127685547,0.0,0.00013494491577148438,0.0,0.0,13.712902069091797,0
2025,fedprox,fedavg,False,False,False,0,0.3701400866928656,1.8412208295079044,0.3866045142296369,0.19504366385515037,0.27075868027426947,10,0,3,0,16.09274911880493,0.0,0.00013208389282226562,0.0,0.0,16.384421825408936,0
2025,fedprox,fedavg,False,False,False,1,0.35749805612620916,1.5397496276795573,0.5215652600588813,0.29354196887769884,0.4145964146933177,10,0,3,0,16.047945022583008,0.0,0.00014328956604003906,0.0,0.0,16.341137886047363,0
2025,fedprox,fedavg,False,False,False,2,0.3512693309056602,1.3549293136222322,0.5781157998037292,0.3600318715839001,0.4772440393795399,10,0,3,0,15.999117374420166,0.0,0.00014019012451171875,0.0,0.0,16.296276330947876,0
2025,fedprox,fedavg,False,False,False,3,0.345498438714326,1.285081162981477,0.592909715407262,0.38434894953416615,0.4924895079893507,10,0,3,0,16.262828588485718,0.0,0.0001327991485595703,0.0,0.0,16.55330181121826,0
2025,fedprox,fedavg,False,False,False,4,0.3431187144232003,1.273507903064432,0.5945534838076546,0.3892901206612639,0.4943795553646804,10,0,3,0,16.00853991508484,0.0,0.00012564659118652344,0.0,0.0,16.30169439315796,0
2025,fedprox,fedavg,False,False,False,5,0.3376943353281856,1.2822126154576714,0.5971295387634936,0.3951089740993039,0.4992473322728946,10,0,3,0,15.978044509887695,0.0,0.00013113021850585938,0.0,0.0,16.274698495864868,0
2025,fedprox,fedavg,False,False,False,6,0.3383403619166776,1.3011235320416001,0.6009322865554465,0.4038665000944285,0.5064515053268343,10,0,3,0,15.541757345199585,0.0,0.0001380443572998047,0.0,0.0,15.994012594223022,0
2025,fedprox,fedavg,False,False,False,7,0.33531121396049224,1.3134988981327436,0.6037291462217861,0.40740982594653097,0.511665662310377,10,0,3,0,15.819270849227905,0.0,0.0001385211944580078,0.0,0.0,16.116785764694214,0
2025,fedprox,fedavg,False,False,False,8,0.33495434502362986,1.3152168461104254,0.6125613346418057,0.4155712950497694,0.5221023323963773,10,0,3,0,15.992463827133179,0.0,0.0001266002655029297,0.0,0.0,16.289392709732056,0
2025,fedprox,fedavg,False,False,False,9,0.3335949955450378,1.3212950042934248,0.613738959764475,0.417184146162124,0.5245450716333141,10,0,3,0,15.420484781265259,0.0,0.00013589859008789062,0.0,0.0,15.71323847770691,0
2025,fedprox,fedavg,False,False,False,10,0.33110921831477635,1.2846539887642603,0.6132728164867517,0.41674672462971485,0.5243864694163066,10,0,3,0,16.107860803604126,0.0,0.0001385211944580078,0.0,0.0,16.387154579162598,0
2025,fedprox,fedavg,False,False,False,11,0.3299843643704989,1.2956279211821102,0.6151128557409224,0.4211629227568084,0.528951425350937,10,0,3,0,16.113319873809814,0.0,0.0001323223114013672,0.0,0.0,16.369202613830566,0
2025,fedprox,fedavg,False,False,False,12,0.3280526070662795,1.277043354008219,0.6177379784102061,0.42279152581704926,0.5317011268090314,10,0,3,0,16.145726919174194,0.0,0.00013113021850585938,0.0,0.0,16.43828821182251,0
2025,fedprox,fedavg,False,False,False,13,0.32799386423675286,1.2808113944191226,0.6188665358194309,0.4250410179126744,0.5333455987566652,10,0,3,0,15.911779403686523,0.0,0.0001323223114013672,0.0,0.0,16.17139434814453,0
2025,fedprox,fedavg,False,False,False,14,0.3284136967868409,1.2995322784333982,0.6171736997055938,0.4242136770393774,0.5315057767964788,10,0,3,0,16.083289623260498,0.0,0.0001404285430908203,0.0,0.0,16.37481117248535,0
2025,fedprox,fedavg,False,False,False,15,0.32822109021420554,1.3090728610022848,0.6200441609421001,0.4298785067967389,0.5357721765777895,10,0,3,0,15.603686809539795,0.0,0.0001392364501953125,0.0,0.0,15.862147092819214,0
2025,fedprox,fedavg,False,False,False,16,0.3261547490221852,1.2453241499881165,0.6232580961727183,0.4346418952578341,0.5407666052229948,10,0,3,0,15.999006509780884,0.0,0.00013303756713867188,0.0,0.0,16.295268297195435,0
2025,fedprox,fedavg,False,False,False,17,0.3276657839735595,1.2657976294640119,0.623405299313052,0.43641846124807643,0.5424242769240235,10,0,3,0,16.259337663650513,0.0,0.00013566017150878906,0.0,0.0,16.552918910980225,0
2025,fedprox,fedavg,False,False,False,18,0.32581421409472144,1.2767629067493023,0.6274043179587832,0.44287909251298435,0.5488770578821902,10,0,3,0,16.063761472702026,0.0,0.0001327991485595703,0.0,0.0,16.52864646911621,0
2025,fedprox,fedavg,False,False,False,19,0.3274767012438829,1.2802726857912552,0.6298822374877331,0.44901484704893035,0.5530980421043046,10,0,3,0,16.1258864402771,0.0,0.00013446807861328125,0.0,0.0,16.422143697738647,0
2025,fedprox,fedavg,False,False,False,20,0.32580727612996363,1.2632615109070244,0.630765456329735,0.4503936701379399,0.5541097178507991,10,0,3,0,16.135658740997314,0.0,0.0001304149627685547,0.0,0.0,16.428992748260498,0
2025,fedprox,fedavg,False,False,False,21,0.32675107429969946,1.255988339469992,0.6309862610402355,0.45541519724156765,0.5568846051259366,10,0,3,0,16.084607362747192,0.0,0.00013136863708496094,0.0,0.0,16.34420657157898,0
2025,fedprox,fedavg,False,False,False,22,0.32442837168360994,1.254800100579229,0.6318204121687929,0.45404072877838036,0.5578903737534314,10,0,3,0,15.636736869812012,0.0,0.0001373291015625,0.0,0.0,15.92847728729248,0
2025,fedprox,fedavg,False,False,False,23,0.3279916510740894,1.2977670626504616,0.6321393523061826,0.4555508332323256,0.5578010124717028,10,0,3,0,16.07770347595215,0.0,0.0001327991485595703,0.0,0.0,16.37163019180298,0
2025,fedprox,fedavg,False,False,False,24,0.32471685614005663,1.2723642096552226,0.6300049067713445,0.456349489612511,0.5581522572285549,10,0,3,0,15.854280710220337,0.0,0.00013065338134765625,0.0,0.0,16.15078330039978,0
2025,fedprox,fedavg,False,False,False,25,0.3284327323688654,1.342783407374149,0.6323356231599607,0.4579051522971984,0.5596346052206868,10,0,3,0,16.100870609283447,0.0,0.00014400482177734375,0.0,0.0,16.356229782104492,0
2025,fedprox,fedavg,False,False,False,26,0.3287483216944601,1.3897032583309694,0.6312315996074583,0.45963337187991204,0.5597574774261748,10,0,3,0,15.885437965393066,0.0,0.00014710426330566406,0.0,0.0,16.145428895950317,0
2025,fedprox,fedavg,False,False,False,27,0.32744501380781205,1.4310475327900745,0.6328263002944062,0.4584250184940724,0.5603920707319813,10,0,3,0,16.152247190475464,0.0,0.0001373291015625,0.0,0.0,16.4485924243927,0
2025,fedprox,fedavg,False,False,False,28,0.3281244720172529,1.455221054481454,0.6308145240431796,0.4594748514807436,0.560369534497021,10,0,3,0,16.17310380935669,0.0,0.0001304149627685547,0.0,0.0,16.466434001922607,0
2025,fedprox,fedavg,False,False,False,29,0.33048254308540087,1.4666733731465438,0.6336359175662414,0.46386665315751646,0.5665101341889265,10,0,3,0,15.960238456726074,0.0,0.00013327598571777344,0.0,0.0,16.452332258224487,0
2025,fedmedian,fedmedian,False,False,False,0,0.3548121957941267,1.452593595824836,0.51702649656526,0.29715325193186987,0.41904040435919204,10,0,3,0,10.018796682357788,0.0,0.0010013580322265625,0.0,0.0,10.274407863616943,0
2025,fedmedian,fedmedian,False,False,False,1,0.33593618893513805,1.3263197429982674,0.5979391560353288,0.3771381297487735,0.4990263498938053,10,0,3,0,10.185258865356445,0.0,0.0009889602661132812,0.0,0.0,10.445693016052246,0
2025,fedmedian,fedmedian,False,False,False,2,0.3267886117106629,1.3089194764800816,0.6095682041216879,0.3994806729774713,0.5133255487661699,10,0,3,0,10.190967321395874,0.0,0.0010082721710205078,0.0,0.0,10.447391510009766,0
2025,fedmedian,fedmedian,False,False,False,3,0.32091397019268797,1.226526223314639,0.6145976447497546,0.409066522943629,0.5193330413319177,10,0,3,0,10.419796705245972,0.0,0.0010113716125488281,0.0,0.0,10.681888341903687,0
2025,fedmedian,fedmedian,False,False,False,4,0.3193903116102619,1.1753836799299635,0.6138616290480864,0.41285471737457163,0.5204660416076508,10,0,3,0,10.717437505722046,0.0,0.0010213851928710938,0.0,0.0,10.974935054779053,0
2025,fedmedian,fedmedian,False,False,False,5,0.3172543529570116,1.129815173687247,0.6151128557409224,0.41285094737567274,0.5227279923845084,10,0,3,0,10.908520936965942,0.0,0.0010364055633544922,0.0,0.0,11.168846130371094,0
2025,fedmedian,fedmedian,False,False,False,6,0.31790633695003334,1.1216600622115356,0.621099116781158,0.419754652753669,0.529729378702579,10,0,3,0,13.251535892486572,0.0,0.0010254383087158203,0.0,0.0,13.544803857803345,0
2025,fedmedian,fedmedian,False,False,False,7,0.3175558218302989,1.1087151479674275,0.625171736997056,0.4263204439742113,0.5351822926582415,10,0,3,0,13.334422588348389,0.0,0.0010325908660888672,0.0,0.0,13.594993114471436,0
2025,fedmedian,fedmedian,False,False,False,8,0.31425314272261956,1.0532504949298294,0.6290971540726202,0.4317055435208984,0.5417547480235593,10,0,3,0,13.604898691177368,0.0,0.0010221004486083984,0.0,0.0,13.898059368133545,0
2025,fedmedian,fedmedian,False,False,False,9,0.31460565460119294,1.079395193113078,0.6302502453385672,0.433313939723159,0.5434119352570806,10,0,3,0,13.465173244476318,0.0,0.0010309219360351562,0.0,0.0,13.955749750137329,0
2025,fedmedian,fedmedian,False,False,False,10,0.31513317375237093,1.021581638923922,0.6315996074582925,0.43802293367843415,0.5464172056537773,10,0,3,0,12.443227767944336,0.0,0.0010328292846679688,0.0,0.0,12.703860998153687,0
2025,fedmedian,fedmedian,False,False,False,11,0.31241957290559486,1.0091864992989643,0.634396467124632,0.4369710998907183,0.5507341590275862,10,0,3,0,10.086614847183228,0.0,0.0010247230529785156,0.0,0.0,10.34440016746521,0
2025,fedmedian,fedmedian,False,False,False,12,0.31527086764465273,1.041716840480097,0.6348135426889107,0.43975204816072316,0.5517474418536064,10,0,3,0,9.92302417755127,0.0,0.0010356903076171875,0.0,0.0,10.182995557785034,0
2025,fedmedian,fedmedian,False,False,False,13,0.31065183448089917,1.0212334031094747,0.6366781157998037,0.4463506780537001,0.5543176364691358,10,0,3,0,10.297182559967041,0.0,0.0010237693786621094,0.0,0.0,10.554397821426392,0
2025,fedmedian,fedmedian,False,False,False,14,0.313460868425245,1.0538153441544253,0.6314769381746811,0.439830968488369,0.5498304108528148,10,0,3,0,10.408640623092651,0.0,0.0010192394256591797,0.0,0.0,10.693274736404419,0
2025,fedmedian,fedmedian,False,False,False,15,0.3100578899269708,1.0093434297301467,0.6347644749754662,0.4458186137250171,0.5537258774621708,10,0,3,0,11.148628950119019,0.0,0.0010356903076171875,0.0,0.0,11.418803691864014,0
2025,fedmedian,fedmedian,False,False,False,16,0.3130225640287309,1.0266507029884346,0.6371687929342492,0.44720371830751293,0.555708258007053,10,0,3,0,13.319929122924805,0.0,0.001033782958984375,0.0,0.0,13.581109523773193,0
2025,fedmedian,fedmedian,False,False,False,17,0.30818699078047396,0.9656043894040572,0.63846908734053,0.4497538943184518,0.5585824434074144,10,0,3,0,10.431020498275757,0.0,0.0010204315185546875,0.0,0.0,10.688518047332764,0
2025,fedmedian,fedmedian,False,False,False,18,0.31155636674305215,1.0512454645907445,0.6429833169774288,0.45533208245425405,0.5649969595879828,10,0,3,0,10.233755350112915,0.0,0.001020669937133789,0.0,0.0,10.488794326782227,0
2025,fedmedian,fedmedian,False,False,False,19,0.31011074918604425,0.9876597231339893,0.6348871442590776,0.4485799007647178,0.5550223320700809,10,0,3,0,10.18920636177063,0.0,0.0010209083557128906,0.0,0.0,10.449237823486328,0
2025,fedmedian,fedmedian,False,False,False,20,0.31091130740125866,1.011287670491137,0.6418302257114818,0.4579624160195883,0.5640842202990867,10,0,3,0,10.067319393157959,0.0,0.0010209083557128906,0.0,0.0,10.520314693450928,0
2025,fedmedian,fedmedian,False,False,False,21,0.3081147465717679,0.9538982971610686,0.6361629048086359,0.45212498186095706,0.5578442786285865,10,0,3,0,10.658689498901367,0.0,0.0010318756103515625,0.0,0.0,10.919500827789307,0
2025,fedmedian,fedmedian,False,False,False,22,0.30900688209299204,0.9732141182162928,0.6464180569185476,0.46204016476289966,0.571183581702453,10,0,3,0,10.094693183898926,0.0,0.001020669937133789,0.0,0.0,10.350985288619995,0
2025,fedmedian,fedmedian,False,False,False,23,0.3100685168256277,0.9046407802533121,0.641045142296369,0.4592832283803876,0.5653070969111789,10,0,3,0,10.202082872390747,0.0,0.001028299331665039,0.0,0.0,10.472500085830688,0
2025,fedmedian,fedmedian,False,False,False,24,0.3090660205883494,0.9542684613079038,0.6404808635917566,0.4613035354367262,0.5658289049336145,10,0,3,0,10.161223888397217,0.0,0.0010297298431396484,0.0,0.0,10.41950011253357,0
2025,fedmedian,fedmedian,False,False,False,25,0.3076570286293844,0.9633791323615946,0.6402845927379784,0.4605979469601986,0.5653997840993705,10,0,3,0,10.094747543334961,0.0,0.0010352134704589844,0.0,0.0,10.357762575149536,0
2025,fedmedian,fedmedian,False,False,False,26,0.30986718816960535,1.0026678607555086,0.6407507360157016,0.461528248420672,0.5657540470528988,10,0,3,0,10.037533521652222,0.0,0.0010352134704589844,0.0,0.0,10.295003175735474,0
2025,fedmedian,fedmedian,False,False,False,27,0.3088475295941793,0.9950006367062914,0.641045142296369,0.4606263377709333,0.5659055821643313,10,0,3,0,9.938145399093628,0.0,0.0010311603546142578,0.0,0.0,10.193854570388794,0
2025,fedmedian,fedmedian,False,False,False,28,0.30782984065696595,0.9513974864536694,0.6401373895976448,0.46008652168772085,0.5651889393667298,10,0,3,0,10.348712921142578,0.0,0.0010383129119873047,0.0,0.0,10.609388828277588,0
2025,fedmedian,fedmedian,False,False,False,29,0.3092605408387329,0.9782277804478579,0.6402109911678115,0.45905742458693966,0.5648578385914939,10,0,3,0,13.530306577682495,0.0,0.001032114028930664,0.0,0.0,13.790601253509521,0
2025,trimmed_mean,trimmed_mean,False,False,False,0,0.3548121957941267,1.654657117190375,0.4014720314033366,0.19776121148417397,0.27504746806616287,10,0,3,0,13.521395683288574,0.0,0.0005805492401123047,0.0,0.0,13.817679405212402,0
2025,trimmed_mean,trimmed_mean,False,False,False,1,0.34020306606099093,1.3574236090213674,0.5415112855740922,0.30353641729962233,0.429609691244927,10,0,3,0,13.462498426437378,0.0,0.0005724430084228516,0.0,0.0,13.946740627288818,0
2025,trimmed_mean,trimmed_mean,False,False,False,2,0.3318437245869388,1.3039441109639505,0.5850834151128558,0.36914404010178925,0.4855866778022854,10,0,3,0,13.639522314071655,0.0,0.0005741119384765625,0.0,0.0,13.931972026824951,0
2025,trimmed_mean,trimmed_mean,False,False,False,3,0.32630847561695775,1.2774729330944476,0.6020608439646713,0.39316742104828806,0.5050477115163517,10,0,3,0,12.354293823242188,0.0,0.0005743503570556641,0.0,0.0,12.613542556762695,0
2025,trimmed_mean,trimmed_mean,False,False,False,4,0.32334018358246686,1.2680121005341864,0.6063297350343474,0.4038075779944691,0.5115539491969981,10,0,3,0,10.051129579544067,0.0,0.0005748271942138672,0.0,0.0,10.306668996810913,0
2025,trimmed_mean,trimmed_mean,False,False,False,5,0.3219790702144872,1.2173753313508189,0.6095927379784102,0.40806746325633136,0.5164188502214889,10,0,3,0,10.146100044250488,0.0,0.0005812644958496094,0.0,0.0,10.405888319015503,0
2025,trimmed_mean,trimmed_mean,False,False,False,6,0.3205015316317902,1.1854647680400516,0.615333660451423,0.41564464146999036,0.5239796757190363,10,0,3,0,10.140056371688843,0.0,0.0005762577056884766,0.0,0.0,10.395825862884521,0
2025,trimmed_mean,trimmed_mean,False,False,False,7,0.32072642998205625,1.1450782453931934,0.6186211972522081,0.42170216899737417,0.5287049375444256,10,0,3,0,10.776805877685547,0.0,0.0005853176116943359,0.0,0.0,11.036420106887817,0
2025,trimmed_mean,trimmed_mean,False,False,False,8,0.3172655069684907,1.0949116475682732,0.6212463199214917,0.4243518036145499,0.5327348896294161,10,0,3,0,10.200437307357788,0.0,0.00057220458984375,0.0,0.0,10.455371856689453,0
2025,trimmed_mean,trimmed_mean,False,False,False,9,0.31627507208391187,1.099316094785022,0.6240922473012758,0.42766265917627977,0.536705540405214,10,0,3,0,10.163431644439697,0.0,0.0005702972412109375,0.0,0.0,10.423479318618774,0
2025,trimmed_mean,trimmed_mean,False,False,False,10,0.3144677086519928,1.0348656112476233,0.6246565260058882,0.4281609925532363,0.5386053836873209,10,0,3,0,10.35820198059082,0.0,0.0005698204040527344,0.0,0.0,10.615286350250244,0
2025,trimmed_mean,trimmed_mean,False,False,False,11,0.3142137241294144,1.0765966368610655,0.6268891069676154,0.4308416219052449,0.5420762153899464,10,0,3,0,10.19192385673523,0.0,0.0005669593811035156,0.0,0.0,10.472799062728882,0
2025,trimmed_mean,trimmed_mean,False,False,False,12,0.313685144011027,1.0020949059543478,0.6268155053974485,0.43128860942477537,0.5428376221845023,10,0,3,0,10.044618844985962,0.0,0.0005707740783691406,0.0,0.0,10.501001358032227,0
2025,trimmed_mean,trimmed_mean,False,False,False,13,0.31209243114141827,1.0725955457752891,0.6307899901864573,0.4377111932581788,0.5477987866340381,10,0,3,0,10.096487283706665,0.0,0.0005781650543212891,0.0,0.0,10.35637354850769,0
2025,trimmed_mean,trimmed_mean,False,False,False,14,0.3133357890087844,1.0482235609958637,0.6240922473012758,0.4324595186542738,0.5413339537630025,10,0,3,0,9.969112873077393,0.0,0.0005741119384765625,0.0,0.0,10.229606628417969,0
2025,trimmed_mean,trimmed_mean,False,False,False,15,0.31209697293619215,1.031477930969298,0.6288518155053975,0.4370334875016282,0.5471541143618437,10,0,3,0,10.178258657455444,0.0,0.0005755424499511719,0.0,0.0,10.43387508392334,0
2025,trimmed_mean,trimmed_mean,False,False,False,16,0.3128270673301722,1.0336539241352773,0.6344210009813542,0.441959213937705,0.5532306966744878,10,0,3,0,10.07041621208191,0.0,0.0005674362182617188,0.0,0.0,10.330280065536499,0
2025,trimmed_mean,trimmed_mean,False,False,False,17,0.3080165940409988,0.9928629477428852,0.6339793915603533,0.44205783509601837,0.5531707016482807,10,0,3,0,10.316483497619629,0.0,0.0005626678466796875,0.0,0.0,10.572152614593506,0
2025,trimmed_mean,trimmed_mean,False,False,False,18,0.31166641557474384,1.0249604544297988,0.6417566241413151,0.4526153836774933,0.5639060241631926,10,0,3,0,10.210065126419067,0.0,0.0005700588226318359,0.0,0.0,10.470587015151978,0
2025,trimmed_mean,trimmed_mean,False,False,False,19,0.3096989253671091,0.991418841870189,0.6347890088321885,0.44449939019902107,0.5555821620227397,10,0,3,0,9.966491460800171,0.0,0.000568389892578125,0.0,0.0,10.223480224609375,0
2025,trimmed_mean,trimmed_mean,False,False,False,20,0.3090650768068013,1.024884188935614,0.637855740922473,0.44776815608470033,0.55914852168133,10,0,3,0,10.393271923065186,0.0,0.0005657672882080078,0.0,0.0,10.658411979675293,0
2025,trimmed_mean,trimmed_mean,False,False,False,21,0.30881775304765247,1.0072184434465852,0.6362855740922473,0.44921214269760645,0.5578587084296128,10,0,3,0,10.084263563156128,0.0,0.0005621910095214844,0.0,0.0,10.341411828994751,0
2025,trimmed_mean,trimmed_mean,False,False,False,22,0.30991847150873447,1.014489699673489,0.6409224730127576,0.45251059566796337,0.5634836415266317,10,0,3,0,11.772538900375366,0.0,0.0005540847778320312,0.0,0.0,12.03098177909851,0
2025,trimmed_mean,trimmed_mean,False,False,False,23,0.31083671933328605,0.9816264623280714,0.6404563297350343,0.45424769067407167,0.5628871270416693,10,0,3,0,11.848139762878418,0.0,0.0005514621734619141,0.0,0.0,12.340643882751465,0
2025,trimmed_mean,trimmed_mean,False,False,False,24,0.30944556782262583,0.9791657826851348,0.6383218842001963,0.4516284650253296,0.5608079175220252,10,0,3,0,11.311357736587524,0.0,0.0005590915679931641,0.0,0.0,11.570947408676147,0
2025,trimmed_mean,trimmed_mean,False,False,False,25,0.3087519001290082,1.0160038612073725,0.6367762512266928,0.44921892423951926,0.5589256904647235,10,0,3,0,11.568374395370483,0.0,0.0005390644073486328,0.0,0.0,11.853166103363037,0
2025,trimmed_mean,trimmed_mean,False,False,False,26,0.311338612698398,1.0079062569480648,0.6401864573110893,0.4537930055478033,0.5637014132694165,10,0,3,0,11.581618309020996,0.0,0.0005688667297363281,0.0,0.0,11.870052576065063,0
2025,trimmed_mean,trimmed_mean,False,False,False,27,0.30879431444129424,1.0124878244147333,0.6401864573110893,0.45177342385027963,0.5630294284940128,10,0,3,0,11.650193691253662,0.0,0.0005662441253662109,0.0,0.0,11.939453125,0
2025,trimmed_mean,trimmed_mean,False,False,False,28,0.3125093335087616,1.0182151532383732,0.6432531894013739,0.4560220251596531,0.567148792158778,10,0,3,0,11.349474906921387,0.0,0.0005748271942138672,0.0,0.0,11.634499311447144,0
2025,trimmed_mean,trimmed_mean,False,False,False,29,0.3089556810586978,1.0173641395756026,0.6418547595682041,0.45446245853076,0.5646959013260832,10,0,3,0,13.185609340667725,0.0,0.0005900859832763672,0.0,0.0,13.48295283317566,0
2025,krum,multi_krum,False,False,False,0,0.3548121957941267,1.030705854211869,0.6147939156035329,0.36339845060453624,0.5144379554329888,10,0,3,0,12.70416808128357,0.0,0.0006120204925537109,0.0,0.0,12.971644163131714,0
2025,krum,multi_krum,False,False,False,1,0.3258954478334304,0.8280210530559027,0.6277968596663396,0.3799462445662131,0.5332736597455336,10,0,3,0,9.008991479873657,0.0,0.0005838871002197266,0.0,0.0,9.282576560974121,0
2025,krum,multi_krum,False,False,False,2,0.3148878052746845,0.721898123279755,0.6384936211972522,0.4294052930268325,0.5518299279542468,10,0,3,0,9.084235906600952,0.0,0.0005590915679931641,0.0,0.0,9.349633693695068,0
2025,krum,multi_krum,False,False,False,3,0.3085177596314373,0.8119322936832027,0.6411678115799804,0.4379944632755146,0.5555292464221157,10,0,3,0,10.765970706939697,0.0,0.0005404949188232422,0.0,0.0,11.224982261657715,0
2025,krum,multi_krum,False,False,False,4,0.3078480604643693,0.8527924692080932,0.6485034347399411,0.45626004064742653,0.568069115463393,10,0,3,0,11.616483926773071,0.0,0.0005369186401367188,0.0,0.0,11.875978946685791,0
2025,krum,multi_krum,False,False,False,5,0.30701628331230985,0.8451497400824759,0.6542198233562316,0.4621534762033298,0.5755634022942099,10,0,3,0,10.074669361114502,0.0,0.0005388259887695312,0.0,0.0,10.330069541931152,0
2025,krum,multi_krum,False,False,False,6,0.30603791399248637,0.8429323026078723,0.6581452404317959,0.4681955367820163,0.5813963561881269,10,0,3,0,10.07961368560791,0.0,0.0005421638488769531,0.0,0.0,10.341231346130371,0
2025,krum,multi_krum,False,False,False,7,0.304336398461475,0.8488215363177748,0.6597399411187439,0.47569974548900984,0.5845228173687675,10,0,3,0,9.947705268859863,0.0,0.0005605220794677734,0.0,0.0,10.20639681816101,0
2025,krum,multi_krum,False,False,False,8,0.3053638010702561,0.8171864353288495,0.6605004906771345,0.47716491652687293,0.5855068225541308,10,0,3,0,10.206846237182617,0.0,0.0005364418029785156,0.0,0.0,10.466462135314941,0
2025,krum,multi_krum,False,False,False,9,0.3031580607058217,0.8344130765935507,0.6622178606476938,0.4793403152345891,0.5883061787046967,10,0,3,0,10.013625383377075,0.0,0.0005424022674560547,0.0,0.0,10.270660400390625,0
2025,krum,multi_krum,False,False,False,10,0.3042519685960796,0.8139757465216549,0.6631992149165848,0.48091460189870655,0.5900455660716658,10,0,3,0,10.086897850036621,0.0,0.0005433559417724609,0.0,0.0,10.347084283828735,0
2025,krum,multi_krum,False,False,False,11,0.30465574371454796,0.8339713803217386,0.6638370951913641,0.4808761452394199,0.5908874668291778,10,0,3,0,10.355081796646118,0.0,0.0005431175231933594,0.0,0.0,10.611997127532959,0
2025,krum,multi_krum,False,False,False,12,0.3033024776190699,0.8300967140684418,0.6632728164867517,0.4815645614395242,0.5904723303614737,10,0,3,0,10.069324970245361,0.0,0.0005457401275634766,0.0,0.0,10.324947834014893,0
2025,krum,multi_krum,False,False,False,13,0.3034146599218471,0.8329957911497945,0.6637144259077526,0.48186057184405423,0.5902806419020076,10,0,3,0,10.26997447013855,0.0,0.0005598068237304688,0.0,0.0,10.529643535614014,0
2025,krum,multi_krum,False,False,False,14,0.3035717919016667,0.8392538652803759,0.6652600588812562,0.48375992541976853,0.5925001577605054,10,0,3,0,9.919616222381592,0.0,0.0005440711975097656,0.0,0.0,10.373556852340698,0
2025,krum,multi_krum,False,False,False,15,0.3022902592726445,0.8384429572257959,0.6659224730127576,0.4852153796888343,0.5938777033984681,10,0,3,0,9.986563682556152,0.0,0.0005390644073486328,0.0,0.0,10.246904611587524,0
2025,krum,multi_krum,False,False,False,16,0.3036074683958754,0.8451302899930615,0.6633218842001962,0.48060548078864335,0.5895948987410496,10,0,3,0,10.19956111907959,0.0,0.0005381107330322266,0.0,0.0,10.459115028381348,0
2025,krum,multi_krum,False,False,False,17,0.3037996348635149,0.8349110971138217,0.6639597644749755,0.48095142342951824,0.5905995419541051,10,0,3,0,10.902401685714722,0.0,0.0005438327789306641,0.0,0.0,11.162634372711182,0
2025,krum,multi_krum,False,False,False,18,0.3054108448272958,0.8224008936409394,0.6652600588812562,0.4840403532377041,0.5928332855600585,10,0,3,0,11.347086429595947,0.0,0.000545501708984375,0.0,0.0,11.604625701904297,0
2025,krum,multi_krum,False,False,False,19,0.3030316950020509,0.8352706175440076,0.663297350343474,0.4809873156647518,0.5896807811014727,10,0,3,0,11.121774673461914,0.0,0.0005984306335449219,0.0,0.0,11.414202451705933,0
2025,krum,multi_krum,False,False,False,20,0.3043475925942153,0.7898030738718259,0.665333660451423,0.48312090713771944,0.5924530795750583,10,0,3,0,11.544312000274658,0.0,0.0005433559417724609,0.0,0.0,11.80124282836914,0
2025,krum,multi_krum,False,False,False,21,0.30302313836317607,0.8128456886897962,0.6680814524043179,0.48681218015613587,0.5965025482140044,10,0,3,0,10.355232954025269,0.0,0.0005383491516113281,0.0,0.0,10.61623239517212,0
2025,krum,multi_krum,False,False,False,22,0.3037377672835738,0.7934757985123474,0.6666584887144259,0.48550467158041993,0.5952391243308323,10,0,3,0,9.701144695281982,0.0,0.0005381107330322266,0.0,0.0,9.958322048187256,0
2025,krum,multi_krum,False,False,False,23,0.30412094769252623,0.8096266217741812,0.6659224730127576,0.4839922993215347,0.5938146463049905,10,0,3,0,9.977826833724976,0.0,0.0005397796630859375,0.0,0.0,10.236703157424927,0
2025,krum,multi_krum,False,False,False,24,0.30235661132983915,0.7976775913406986,0.6676643768400392,0.48723736155948827,0.5961087985027255,10,0,3,0,10.069159269332886,0.0,0.0005354881286621094,0.0,0.0,10.330549955368042,0
2025,krum,multi_krum,False,False,False,25,0.3048735372529934,0.8165865058636876,0.6687438665358194,0.4891483841373339,0.5973766416094167,10,0,3,0,10.431783437728882,0.0,0.0005385875701904297,0.0,0.0,10.88566541671753,0
2025,krum,multi_krum,False,False,False,26,0.30481512805917343,0.8255292448843076,0.6690137389597645,0.49091757741776537,0.597833932211441,10,0,3,0,10.419963359832764,0.0,0.0005590915679931641,0.0,0.0,10.680059909820557,0
2025,krum,multi_krum,False,False,False,27,0.30582017235454967,0.8276063643915028,0.6671491658488714,0.4862032249660818,0.5949407762022478,10,0,3,0,11.106334209442139,0.0,0.000537872314453125,0.0,0.0,11.361827611923218,0
2025,krum,multi_krum,False,False,False,28,0.308407204870938,0.8188144118558904,0.6704367026496565,0.4928098388811286,0.5997259483406545,10,0,3,0,10.521139144897461,0.0,0.0005497932434082031,0.0,0.0,10.781231880187988,0
2025,krum,multi_krum,False,False,False,29,0.3044063268333652,0.8199083247760327,0.6714671246319921,0.4935292565655255,0.6012466342588217,10,0,3,0,10.367812871932983,0.0,0.0005424022674560547,0.0,0.0,10.62319803237915,0
2025,bulyan,bulyan,False,False,False,0,0.3548121957941267,1.1691480073189477,0.6018400392541707,0.3536461274757454,0.5007777349522468,10,0,3,0,10.321969509124756,0.0,0.0008969306945800781,0.0,0.0,10.583028316497803,0
2025,bulyan,bulyan,False,False,False,1,0.3292021771657489,0.9795130616432317,0.6184249263984298,0.37341945902133095,0.5245818256344724,10,0,3,0,9.81699252128601,0.0,0.0008676052093505859,0.0,0.0,10.073821306228638,0
2025,bulyan,bulyan,False,False,False,2,0.31830936545095195,0.874272519636669,0.6303483807654563,0.38806371333174317,0.5400780326544399,10,0,3,0,10.168726682662964,0.0,0.0008616447448730469,0.0,0.0,10.429832458496094,0
2025,bulyan,bulyan,False,False,False,3,0.3119584909686718,0.7809617391629354,0.6404563297350343,0.4358822603095842,0.5571587958342753,10,0,3,0,10.030391693115234,0.0,0.0008707046508789062,0.0,0.0,10.287681102752686,0
2025,bulyan,bulyan,False,False,False,4,0.30952597918230274,0.7515319704424528,0.6499754661432777,0.45979985956406233,0.574236697933721,10,0,3,0,10.063150644302368,0.0,0.0008537769317626953,0.0,0.0,10.324191808700562,0
2025,bulyan,bulyan,False,False,False,5,0.30678671476818276,0.713790180779065,0.6588321884200197,0.47394209595676356,0.5860558919017629,10,0,3,0,10.240247249603271,0.0,0.0008604526519775391,0.0,0.0,10.49841856956482,0
2025,bulyan,bulyan,False,False,False,6,0.30574191198603273,0.7034554523621503,0.6610402355250246,0.477775546951902,0.589137551780889,10,0,3,0,10.17769742012024,0.0,0.0009255409240722656,0.0,0.0,10.643642663955688,0
2025,bulyan,bulyan,False,False,False,7,0.30346188242371885,0.7002438276625943,0.665161923454367,0.48688243891066396,0.5944952706096546,10,0,3,0,10.3656587600708,0.0,0.0008628368377685547,0.0,0.0,10.626207113265991,0
2025,bulyan,bulyan,False,False,False,8,0.30238871107560955,0.6736942085363447,0.6663886162904809,0.489420823830355,0.5956884902271425,10,0,3,0,10.174538850784302,0.0,0.0009267330169677734,0.0,0.0,10.430723667144775,0
2025,bulyan,bulyan,False,False,False,9,0.29994428625440256,0.6896242959693557,0.667639842983317,0.49064857293607156,0.5975045976671874,10,0,3,0,11.86605429649353,0.0,0.0008556842803955078,0.0,0.0,12.164499044418335,0
2025,bulyan,bulyan,False,False,False,10,0.3001050315994254,0.6628013064278705,0.6697988223748773,0.49344887182723973,0.6002360204223072,10,0,3,0,13.568363428115845,0.0,0.0008504390716552734,0.0,0.0,13.866472482681274,0
2025,bulyan,bulyan,False,False,False,11,0.2991930506169294,0.6777311794891208,0.6702404317958783,0.49288705725786314,0.600676651111782,10,0,3,0,13.424195289611816,0.0,0.0008714199066162109,0.0,0.0,13.719279766082764,0
2025,bulyan,bulyan,False,False,False,12,0.29816720537783,0.6600099198600612,0.6723258096172718,0.4964312038692129,0.6032258249128265,10,0,3,0,13.386037349700928,0.0,0.00091552734375,0.0,0.0,13.685182332992554,0
2025,bulyan,bulyan,False,False,False,13,0.2962519891409209,0.656717287312546,0.6724484789008832,0.49456623860964866,0.6035854816236926,10,0,3,0,13.551979303359985,0.0,0.0009279251098632812,0.0,0.0,13.844459772109985,0
2025,bulyan,bulyan,False,False,False,14,0.29743295124337976,0.6665195498780015,0.6732090284592738,0.4961883272145482,0.604413035242224,10,0,3,0,10.716408729553223,0.0,0.0008656978607177734,0.0,0.0,10.977046489715576,0
2025,bulyan,bulyan,False,False,False,15,0.29476681273738803,0.6506669064148368,0.6759077526987243,0.5004864096450095,0.6079583536945697,10,0,3,0,10.464021921157837,0.0,0.0009191036224365234,0.0,0.0,10.720581293106079,0
2025,bulyan,bulyan,False,False,False,16,0.295675767092933,0.645249822165477,0.67553974484789,0.4988308879212374,0.6068101184098917,10,0,3,0,12.15650486946106,0.0,0.0008563995361328125,0.0,0.0,12.416378021240234,0
2025,bulyan,bulyan,False,False,False,17,0.2944671208256457,0.6329252667937124,0.6739941118743866,0.4968673017758033,0.605305221327618,10,0,3,0,9.991892099380493,0.0,0.0008668899536132812,0.0,0.0,10.455276727676392,0
2025,bulyan,bulyan,False,False,False,18,0.2941732337776543,0.6266450262397264,0.6780421982335623,0.5024880832765328,0.6104206000577043,10,0,3,0,10.500158309936523,0.0,0.0008640289306640625,0.0,0.0,10.761170864105225,0
2025,bulyan,bulyan,False,False,False,19,0.29251526020024093,0.6429052111445044,0.6753925417075565,0.5008341151623534,0.60692121465909,10,0,3,0,10.091041326522827,0.0,0.0008747577667236328,0.0,0.0,10.348569631576538,0
2025,bulyan,bulyan,False,False,False,20,0.2930888597492875,0.6188265807027321,0.6774043179587831,0.5022797649463513,0.609932114068203,10,0,3,0,9.88787841796875,0.0,0.0008914470672607422,0.0,0.0,10.148595571517944,0
2025,bulyan,bulyan,False,False,False,21,0.29312226571156563,0.6253208808037904,0.6805201177625123,0.505666944444348,0.6139247093377049,10,0,3,0,11.44131350517273,0.0,0.0008718967437744141,0.0,0.0,11.711774587631226,0
2025,bulyan,bulyan,False,False,False,22,0.29278997289028064,0.6282092542713827,0.6801275760549559,0.5067626012522433,0.613356453933787,10,0,3,0,10.845749378204346,0.0,0.0008568763732910156,0.0,0.0,11.106671333312988,0
2025,bulyan,bulyan,False,False,False,23,0.2950583288876164,0.6285099662204252,0.677134445534838,0.5030015649559727,0.6090346284837985,10,0,3,0,10.070198059082031,0.0,0.0008718967437744141,0.0,0.0,10.327802181243896,0
2025,bulyan,bulyan,False,False,False,24,0.2931433344998456,0.6237552481848779,0.6791462217860648,0.5037733701737244,0.612242276211773,10,0,3,0,10.095271825790405,0.0,0.0008823871612548828,0.0,0.0,10.351508617401123,0
2025,bulyan,bulyan,False,False,False,25,0.29306284666141647,0.8605948555808773,0.6674435721295388,0.48805566233522146,0.594841074338527,10,0,3,0,10.407451391220093,0.0,0.0008618831634521484,0.0,0.0,10.667505502700806,0
2025,bulyan,bulyan,False,False,False,26,0.2930937993998696,0.6907111410303837,0.6772325809617272,0.4993115190068971,0.6093573978450613,10,0,3,0,11.05151915550232,0.0,0.0008749961853027344,0.0,0.0,11.307397603988647,0
2025,bulyan,bulyan,False,False,False,27,0.2941149976137073,0.6550381182220429,0.6768155053974485,0.49866249802180096,0.6087787221004225,10,0,3,0,9.882514238357544,0.0,0.0008602142333984375,0.0,0.0,10.142533540725708,0
2025,bulyan,bulyan,False,False,False,28,0.2948408332832907,0.6408895355913427,0.6783366045142296,0.5030017469057723,0.6109572891100609,10,0,3,0,10.27428150177002,0.0,0.0009322166442871094,0.0,0.0,10.728834390640259,0
2025,bulyan,bulyan,False,False,False,29,0.29109713258071135,0.8529911374437447,0.6676153091265947,0.4876575252470418,0.5950278658918915,10,0,3,0,10.27456021308899,0.0,0.0008597373962402344,0.0,0.0,10.535483121871948,0
2025,foolsgold,foolsgold,False,False,False,0,0.3548121957941267,1.2293972326097122,0.6058390578999019,0.3557576719474367,0.5035054401863004,10,0,3,0,9.939981937408447,0.0,0.0007448196411132812,0.0,0.0,10.196741342544556,0
2025,foolsgold,foolsgold,False,False,False,1,0.3301847549521315,0.8278958246682179,0.6117762512266929,0.36624423180592414,0.516235741889192,10,0,3,0,11.929082870483398,0.0,0.0007073879241943359,0.0,0.0,12.227747201919556,0
2025,foolsgold,foolsgold,False,False,False,2,0.31740292659788655,0.7605483948891951,0.6331943081452405,0.40267124924100656,0.5431955795395967,10,0,3,0,12.827147245407104,0.0,0.0007081031799316406,0.0,0.0,13.12137508392334,0
2025,foolsgold,foolsgold,False,False,False,3,0.310165268223626,0.6796951219073923,0.6472276741903827,0.4498749820230559,0.5675653488714479,10,0,3,0,13.383013486862183,0.0,0.0007131099700927734,0.0,0.0,13.678276538848877,0
2025,foolsgold,foolsgold,False,False,False,4,0.3071056338801218,0.6540270310271827,0.6613101079489696,0.47927546609796046,0.5887638892151459,10,0,3,0,13.487772464752197,0.0,0.0007011890411376953,0.0,0.0,13.779660940170288,0
2025,foolsgold,foolsgold,False,False,False,5,0.30392345297916973,0.6347211603795464,0.6681550539744848,0.48872881576802296,0.6014431348455648,10,0,3,0,13.626746654510498,0.0,0.0006988048553466797,0.0,0.0,13.883374691009521,0
2025,foolsgold,foolsgold,False,False,False,6,0.3025400093718966,0.6347247901444815,0.6668792934249264,0.4871817321422315,0.5961335151105019,10,0,3,0,12.422698259353638,0.0,0.0006957054138183594,0.0,0.0,12.720004558563232,0
2025,foolsgold,foolsgold,False,False,False,7,0.30027742968204196,0.6235272123956352,0.6695780176643769,0.4912122410027676,0.6012615548921703,10,0,3,0,10.566348791122437,0.0,0.0007078647613525391,0.0,0.0,10.828115224838257,0
2025,foolsgold,foolsgold,False,False,False,8,0.2996534748736669,0.6156218681298014,0.6729391560353287,0.4965282685087369,0.6076516093482941,10,0,3,0,10.188318490982056,0.0,0.0006875991821289062,0.0,0.0,10.644276857376099,0
2025,foolsgold,foolsgold,False,False,False,9,0.29741342586812347,0.6435727659455693,0.6707065750736015,0.49389583854045893,0.6014770800325115,10,0,3,0,10.783231019973755,0.0,0.0007073879241943359,0.0,0.0,11.041084051132202,0
2025,foolsgold,foolsgold,False,False,False,10,0.29821962279990966,0.6281406735765571,0.6716633954857704,0.4949170090685196,0.6029207759329539,10,0,3,0,10.120362997055054,0.0,0.0007081031799316406,0.0,0.0,10.381064176559448,0
2025,foolsgold,foolsgold,False,False,False,11,0.2978860785840455,0.6259106008063589,0.6719087340529931,0.4951359483107014,0.6027097113704264,10,0,3,0,10.360297203063965,0.0,0.0007429122924804688,0.0,0.0,10.618152618408203,0
2025,foolsgold,foolsgold,False,False,False,12,0.2970780749446086,0.6323281420107796,0.6739695780176643,0.4978074678880553,0.6057517356319159,10,0,3,0,10.640373945236206,0.0,0.0007665157318115234,0.0,0.0,10.924992322921753,0
2025,foolsgold,foolsgold,False,False,False,13,0.29637827940393696,0.6237053404144497,0.6735525024533857,0.49802272797107944,0.6048140996316165,10,0,3,0,12.778268098831177,0.0,0.0007164478302001953,0.0,0.0,13.080400228500366,0
2025,foolsgold,foolsgold,False,False,False,14,0.2965385963786964,0.623694043819289,0.6728164867517173,0.4962184996081946,0.6036185827803262,10,0,3,0,10.523531198501587,0.0,0.0006964206695556641,0.0,0.0,10.783660650253296,0
2025,foolsgold,foolsgold,False,False,False,15,0.29431265454970984,0.6207193511274074,0.6751962708537782,0.5008242397159754,0.6071777719110504,10,0,3,0,9.942893505096436,0.0,0.0006990432739257812,0.0,0.0,10.200334072113037,0
2025,foolsgold,foolsgold,False,False,False,16,0.2961451354882809,0.6230506275540129,0.6745338567222767,0.49936038372547265,0.6058245220875803,10,0,3,0,10.285749197006226,0.0,0.0007169246673583984,0.0,0.0,10.547398805618286,0
2025,foolsgold,foolsgold,False,False,False,17,0.2947114819470405,0.6207507267316494,0.6753680078508342,0.5013061957751568,0.6071661373682031,10,0,3,0,10.186978578567505,0.0,0.0007152557373046875,0.0,0.0,10.457612037658691,0
2025,foolsgold,foolsgold,False,False,False,18,0.29640522498908084,0.6141429043845644,0.6771099116781159,0.5038202702388159,0.6097382892618756,10,0,3,0,9.936612129211426,0.0,0.0007205009460449219,0.0,0.0,10.192234754562378,0
2025,foolsgold,foolsgold,False,False,False,19,0.2933392677024641,0.6315010527516254,0.674288518155054,0.4984943345080951,0.605696888412438,10,0,3,0,10.385680198669434,0.0,0.0006976127624511719,0.0,0.0,10.843502044677734,0
2025,foolsgold,foolsgold,False,False,False,20,0.2947664066260074,0.6200248381340469,0.6756133464180569,0.5017492703825679,0.607565649343699,10,0,3,0,10.157857179641724,0.0,0.0007116794586181641,0.0,0.0,10.413708686828613,0
2025,foolsgold,foolsgold,False,False,False,21,0.29562188010866397,0.6145668920754684,0.6778949950932287,0.5033696227220583,0.6105482246057968,10,0,3,0,10.42115306854248,0.0,0.0007073879241943359,0.0,0.0,10.681664943695068,0
2025,foolsgold,foolsgold,False,False,False,22,0.29368502309848843,0.624987421606661,0.67553974484789,0.5002828858696907,0.6074354323619424,10,0,3,0,10.313243389129639,0.0,0.0007388591766357422,0.0,0.0,10.575210094451904,0
2025,foolsgold,foolsgold,False,False,False,23,0.2951508244082103,0.6583822383262926,0.6750981354268891,0.4995066691559604,0.6068469538970686,10,0,3,0,10.46249508857727,0.0,0.0007174015045166016,0.0,0.0,10.723023414611816,0
2025,foolsgold,foolsgold,False,False,False,24,0.2960562441255782,0.6341712779455961,0.6751472031403336,0.4996741507551819,0.6069373604946527,10,0,3,0,10.1787850856781,0.0,0.0007035732269287109,0.0,0.0,10.436297178268433,0
2025,foolsgold,foolsgold,False,False,False,25,0.29571542502919046,0.6237212999997125,0.6749509322865554,0.49999276869299875,0.6064861108185156,10,0,3,0,11.307254076004028,0.0,0.0007157325744628906,0.0,0.0,11.606826543807983,0
2025,foolsgold,foolsgold,False,False,False,26,0.29640174719629847,0.6651340668054043,0.675,0.50075037771312,0.606706379078948,10,0,3,0,13.692089319229126,0.0,0.0007195472717285156,0.0,0.0,13.9542236328125,0
2025,foolsgold,foolsgold,False,False,False,27,0.298426990320655,0.6434775744616927,0.6741413150147203,0.49870138548898446,0.6052228639440344,10,0,3,0,13.361525535583496,0.0,0.0007565021514892578,0.0,0.0,13.659557104110718,0
2025,foolsgold,foolsgold,False,False,False,28,0.29769858927735243,0.6501837373832725,0.6766192345436702,0.5022212455730658,0.6087823435811051,10,0,3,0,13.62625789642334,0.0,0.0007197856903076172,0.0,0.0,13.918973684310913,0
2025,foolsgold,foolsgold,False,False,False,29,0.2948625144083062,0.6362257383756479,0.6777723258096173,0.5027242845372188,0.6100567568955912,10,0,3,0,13.570456981658936,0.0,0.0006985664367675781,0.0,0.0,13.865467548370361,0
2025,fedavg_he,fedavg,True,False,False,0,0.3548121957941267,1.8134191481241184,0.3723748773307164,0.17349152830061937,0.23970355796513207,10,0,3,0,12.07950472831726,6.897758722305298,3.14414119720459,0.19466471672058105,0.0,22.615251064300537,12062720
2025,fedavg_he,fedavg,True,False,False,1,0.3435419798552239,1.5110679229646482,0.5271589793915603,0.28900061092965584,0.40866495088902643,10,0,3,0,10.090136289596558,5.767345905303955,3.141197443008423,0.19626235961914062,0.0,19.493913650512695,12062720
2025,fedavg_he,fedavg,True,False,False,2,0.33764638195401375,1.3511747650356125,0.5821638861629048,0.37476062496848417,0.48215864054325436,10,0,3,0,10.770698308944702,5.714717388153076,3.167546510696411,0.19646358489990234,0.0,20.145155906677246,12062720
2025,fedavg_he,fedavg,True,False,False,3,0.3318106697154467,1.2816957243525362,0.5987733071638862,0.39144615511417435,0.4998278960328128,10,0,3,0,10.109657049179077,5.699754476547241,3.142092227935791,0.19409942626953125,0.0,19.444671392440796,12062720
2025,fedavg_he,fedavg,True,False,False,4,0.3300314394252897,1.269269164200503,0.6020608439646713,0.3905662369959062,0.5032700259060962,10,0,3,0,10.228500843048096,5.6492390632629395,3.134129285812378,0.2039945125579834,0.0,19.509857416152954,12062720
2025,fedavg_he,fedavg,True,False,False,5,0.32710259130114805,1.2563318703663595,0.6106476938174681,0.3981039330796179,0.5126861503903978,10,0,3,0,10.265652894973755,5.745042324066162,3.1370928287506104,0.2009572982788086,0.0,19.652313709259033,12062720
2025,fedavg_he,fedavg,True,False,False,6,0.3257603615979,1.2561159053424389,0.6126840039254171,0.4033756948787358,0.5177897418643417,10,0,3,0,10.15434193611145,5.598344326019287,3.1367039680480957,0.208906888961792,0.0,19.404537200927734,12062720
2025,fedavg_he,fedavg,True,False,False,7,0.3259655334022688,1.2565643669929543,0.6152845927379784,0.40891965434844235,0.5236128184098819,10,0,3,0,11.018797397613525,5.7023069858551025,3.1649632453918457,0.19661402702331543,0.0,20.381251335144043,12062720
2025,fedavg_he,fedavg,True,False,False,8,0.3238077299115454,1.210621692481523,0.6175171736997056,0.41187302133118664,0.5266844765707106,10,0,3,0,10.519147396087646,5.648213863372803,3.130300760269165,0.19778990745544434,0.0,19.796775579452515,12062720
2025,fedavg_he,fedavg,True,False,False,9,0.32308937008077754,1.2282851738597507,0.6213689892051031,0.418294355914429,0.5331814828295252,10,0,3,0,10.24032974243164,5.613947153091431,3.144831895828247,0.1956775188446045,0.0,19.493114948272705,12062720
2025,fedavg_he,fedavg,True,False,False,10,0.322961682737887,1.1696440123014291,0.6204367026496566,0.4168939940075137,0.5326833438944444,10,0,3,0,10.386905431747437,5.71167778968811,3.1361846923828125,0.19432902336120605,0.0,19.727608680725098,12062720
2025,fedavg_he,fedavg,True,False,False,11,0.32211647998149834,1.1798394499863913,0.6227183513248282,0.4216175198251306,0.5381075694471753,10,0,3,0,10.076987266540527,5.7237937450408936,3.1412720680236816,0.19890642166137695,0.0,19.444629669189453,12062720
2025,fedavg_he,fedavg,True,False,False,12,0.3203662643031588,1.1369959867737596,0.6237242394504416,0.42129481578533734,0.5388930427972568,10,0,3,0,10.427714824676514,5.472234487533569,3.367892026901245,0.2002122402191162,0.0,19.763142347335815,12062720
2025,fedavg_he,fedavg,True,False,False,13,0.319941064149935,1.166365539430987,0.6244602551521099,0.4248446877824902,0.5399111889674876,10,0,3,0,10.460078716278076,5.549643278121948,3.3695132732391357,0.19513511657714844,0.0,19.872726440429688,12062720
2025,fedavg_he,fedavg,True,False,False,14,0.31892922678567437,1.1518063201754554,0.6200932286555446,0.4212911195701246,0.5357543207722377,10,0,3,0,10.503660917282104,5.524924993515015,3.3655080795288086,0.20275664329528809,0.0,19.89831042289734,12062720
2025,fedavg_he,fedavg,True,False,False,15,0.32100719030763286,1.1353761502641222,0.625269872423945,0.4328590028108425,0.5449250556515814,10,0,3,0,10.105374574661255,5.501885652542114,3.4136006832122803,0.19581031799316406,0.0,19.511443853378296,12062720
2025,fedavg_he,fedavg,True,False,False,16,0.31952412135530134,1.1241993088951523,0.6282875368007851,0.4358711368653964,0.5493751150889168,10,0,3,0,10.285238265991211,5.569204568862915,3.372138738632202,0.1861860752105713,0.0,19.711360216140747,12062720
2025,fedavg_he,fedavg,True,False,False,17,0.3222761993903951,1.1377520650128037,0.6266683022571148,0.43663931014859797,0.5485099753481305,10,0,3,0,10.620719909667969,5.551268815994263,3.3987648487091064,0.2012476921081543,0.0,20.067287921905518,12062720
2025,fedavg_he,fedavg,True,False,False,18,0.3217211890064012,1.1446145309433269,0.6299067713444554,0.4403604550532856,0.5524407236861116,10,0,3,0,10.73783254623413,5.601915597915649,3.372985601425171,0.19178080558776855,0.0,20.201171159744263,12062720
2025,fedavg_he,fedavg,True,False,False,19,0.3182231769649653,1.146166322837283,0.6288763493621198,0.4404190140154104,0.5508474651542808,10,0,3,0,10.920166730880737,5.520371437072754,3.372748613357544,0.1963214874267578,0.0,20.30785322189331,12062720
2025,fedavg_he,fedavg,True,False,False,20,0.3213485023322121,1.137018180150864,0.6296368989205103,0.4413182223226231,0.5517180415244335,10,0,3,0,11.500597476959229,5.489192962646484,3.140427827835083,0.19611501693725586,0.0,20.85325050354004,12062720
2025,fedavg_he,fedavg,True,False,False,21,0.31694173646145446,1.0897688756162214,0.6281403336604514,0.44146199922944834,0.5505702023599724,10,0,3,0,11.401880264282227,5.500256061553955,3.1319704055786133,0.19013190269470215,0.0,20.752691984176636,12062720
2025,fedavg_he,fedavg,True,False,False,22,0.32018696966781585,1.1071174539223503,0.6319676153091266,0.4503249434548517,0.5564818946941402,10,0,3,0,11.775181770324707,5.502271890640259,3.131437063217163,0.19100189208984375,0.0,21.130613327026367,12062720
2025,fedavg_he,fedavg,True,False,False,23,0.3240049639988129,1.1105584426295887,0.6309862610402355,0.4500365853704431,0.554837555603073,10,0,3,0,10.341266393661499,5.508081912994385,3.1366100311279297,0.19031500816345215,0.0,19.705442190170288,12062720
2025,fedavg_he,fedavg,True,False,False,24,0.32076807412481684,1.111912264089238,0.6300294406280668,0.45095902268365073,0.5553943820452982,10,0,3,0,10.160424709320068,5.5035059452056885,3.153829574584961,0.19537973403930664,0.0,19.54026222229004,12062720
2025,fedavg_he,fedavg,True,False,False,25,0.3233022403836904,1.1192657276037514,0.6286555446516192,0.4504557777149184,0.554472134858107,10,0,3,0,10.97687578201294,5.486980676651001,3.1464481353759766,0.20114827156066895,0.0,20.33786106109619,12062720
2025,fedavg_he,fedavg,True,False,False,26,0.3251876609436769,1.122994647713943,0.6301275760549558,0.4508549584619531,0.5558488644455469,10,0,3,0,10.20062804222107,5.521136522293091,3.134455680847168,0.19574928283691406,0.0,19.5799880027771,12062720
2025,fedavg_he,fedavg,True,False,False,27,0.32470308609692106,1.166104913623574,0.6278949950932287,0.4471333489248034,0.5520503711584599,10,0,3,0,9.901084184646606,5.516308069229126,3.1438393592834473,0.19550609588623047,0.0,19.05353546142578,12062720
2025,fedavg_he,fedavg,True,False,False,28,0.3254886812426145,1.1679997572370087,0.6243130520117762,0.44506416915369734,0.5483330188551218,10,0,3,0,9.987985610961914,5.770993709564209,3.1756787300109863,0.1960914134979248,0.0,19.457578659057617,12062720
2025,fedavg_he,fedavg,True,False,False,29,0.32627165555035875,1.1827481435489373,0.623135426889107,0.44251549808687307,0.5473113742451036,10,0,3,0,10.220054626464844,5.697878837585449,3.1654539108276367,0.19547295570373535,0.0,19.584040641784668,12062720
2025,fedavg_he_fuzzy,fedavg,True,True,False,0,0.3548121957941267,1.2414313618638448,0.6055201177625122,0.3556624246228821,0.5034982898114287,10,0,3,0,10.230206727981567,5.483771085739136,3.6763269901275635,0.20719432830810547,0.11393499374389648,20.012535333633423,12062720
2025,fedavg_he_fuzzy,fedavg,True,True,False,1,0.3312070702305554,0.9922310227383809,0.6165358194308145,0.366740066581396,0.518658070395399,10,0,3,0,11.201688051223755,5.433084964752197,3.448040008544922,0.19549989700317383,0.3145909309387207,20.89204430580139,12062720
2025,fedavg_he_fuzzy,fedavg,True,True,False,2,0.32106449960925704,0.8910786352634897,0.627306182531894,0.40444961121623646,0.5330468802043656,10,0,3,0,9.927955865859985,5.697596549987793,3.3746306896209717,0.19515323638916016,0.09900283813476562,19.59538698196411,12062720
2025,fedavg_he_fuzzy,fedavg,True,True,False,3,0.3149349813788431,0.7989580882543202,0.6339057899901864,0.4269586437263253,0.5435935548321719,10,0,3,0,10.40200161933899,5.661027193069458,3.4297752380371094,0.1955113410949707,0.09372544288635254,20.077874183654785,12062720
2025,fedavg_he_fuzzy,fedavg,True,True,False,4,0.31245617984903895,0.752930553013256,0.6444062806673209,0.45245479724982673,0.5636296967424596,10,0,3,0,10.192118167877197,5.677539825439453,3.392725944519043,0.2009589672088623,0.09797978401184082,19.862348556518555,12062720
2025,fedavg_he_fuzzy,fedavg,True,True,False,5,0.3100679742831728,0.7127828835739121,0.6505642787046124,0.46437810998455076,0.5742450743971335,10,0,3,0,10.187736511230469,5.727226972579956,3.3903756141662598,0.19136881828308105,0.09615278244018555,19.894007444381714,12062720
2025,fedavg_he_fuzzy,fedavg,True,True,False,6,0.30887714720374976,0.6997303237390939,0.6578753680078508,0.47600147378962043,0.5848994711966548,10,0,3,0,10.445499181747437,5.713615417480469,3.414879560470581,0.2062079906463623,0.09951901435852051,20.179703950881958,12062720
2025,fedavg_he_fuzzy,fedavg,True,True,False,7,0.3069078820965401,0.6863168553585394,0.6639106967615309,0.4844820080071988,0.5926112871789742,10,0,3,0,10.243194818496704,5.676248788833618,3.4606261253356934,0.19663262367248535,0.09325289726257324,19.969388961791992,12062720
2025,fedavg_he_fuzzy,fedavg,True,True,False,8,0.3063377824596727,0.6608213565066472,0.6664622178606477,0.48616420975191776,0.5954953409287006,10,0,3,0,10.367150068283081,5.672640323638916,3.422463893890381,0.19451379776000977,0.09847903251647949,20.050901412963867,12062720
2025,fedavg_he_fuzzy,fedavg,True,True,False,9,0.3038056923390905,0.6492313029370669,0.6674435721295388,0.4885694792324209,0.5970294169482965,10,0,3,0,10.401421308517456,5.603747367858887,3.380153179168701,0.19548439979553223,0.10233259201049805,19.984821319580078,12062720
2025,fedavg_he_fuzzy,fedavg,True,True,False,10,0.30459568003397985,0.6139075881014628,0.6852796859666339,0.5142847781912189,0.633002599229073,10,0,3,0,10.492074728012085,5.635086297988892,3.3511898517608643,0.1966392993927002,0.09773778915405273,20.307705402374268,12062720
2025,fedavg_he_fuzzy,fedavg,True,True,False,11,0.30405341758401744,0.6115670965043087,0.6855986261040236,0.5143468732134762,0.632929215694676,10,0,3,0,11.390016317367554,5.5033698081970215,3.4314327239990234,0.4184529781341553,0.10384154319763184,21.14368176460266,12062720
2025,fedavg_he_fuzzy,fedavg,True,True,False,12,0.3029666238048926,0.6048042694181642,0.6862365063788027,0.5152326041791291,0.6341832342775249,10,0,3,0,13.735446214675903,5.551141977310181,3.62864089012146,0.19610929489135742,0.09855484962463379,23.507508516311646,12062720
2025,fedavg_he_fuzzy,fedavg,True,True,False,13,0.3014413813269421,0.6227903701138333,0.671368989205103,0.49472381359455625,0.6018507853046045,10,0,3,0,13.322929859161377,5.49423623085022,3.60798978805542,0.19631314277648926,0.09418702125549316,23.016393184661865,12062720
2025,fedavg_he_fuzzy,fedavg,True,True,False,14,0.30266025885334774,0.6596311050729499,0.6693817468105986,0.4943725405512129,0.6003505334346135,10,0,3,0,13.570298433303833,5.548600912094116,3.429161548614502,0.1929943561553955,0.32558321952819824,23.366475343704224,12062720
2025,fedavg_he_fuzzy,fedavg,True,True,False,15,0.2998282115694696,0.6770815249397195,0.6686702649656526,0.49457885988138856,0.6003524803712325,10,0,3,0,13.533217668533325,5.638155698776245,3.463128089904785,0.19136500358581543,0.09418368339538574,23.22062587738037,12062720
2025,fedavg_he_fuzzy,fedavg,True,True,False,16,0.30182422761784766,0.6677320665653367,0.6710500490677135,0.49349809962640756,0.6022809666526371,10,0,3,0,10.926522731781006,5.548886299133301,3.4228978157043457,0.19308209419250488,0.09780597686767578,20.48519229888916,12062720
2025,fedavg_he_fuzzy,fedavg,True,True,False,17,0.3005080507197044,0.5939897097362036,0.6839303238469088,0.5134873906224506,0.6265374028326833,10,0,3,0,10.779268264770508,5.656883001327515,3.4265246391296387,0.1983201503753662,0.09863615036010742,20.4551899433136,12062720
2025,fedavg_he_fuzzy,fedavg,True,True,False,18,0.30127254582523355,0.5660755640391162,0.7191609421000982,0.5656022542295103,0.7045964168555481,10,0,3,0,10.085714101791382,5.732032537460327,3.415188789367676,0.1960155963897705,0.09446525573730469,19.824785709381104,12062720
2025,fedavg_he_fuzzy,fedavg,True,True,False,19,0.29945918596130106,0.5583486727339245,0.7465161923454368,0.586760093697017,0.7354305473744835,10,0,3,0,10.12441873550415,5.710013151168823,3.4164011478424072,0.19452714920043945,0.09782719612121582,19.83784055709839,12062720
2025,fedavg_he_fuzzy,fedavg,True,True,False,20,0.30074654220664954,0.5650091289187086,0.7253925417075564,0.5730751418999269,0.7124834109057803,10,0,3,0,10.074919939041138,5.73213267326355,3.394249439239502,0.20144939422607422,0.0945892333984375,19.796090602874756,12062720
2025,fedavg_he_fuzzy,fedavg,True,True,False,21,0.29942650059405657,0.6624892978836674,0.6737733071638862,0.5021027121934576,0.6069321439697143,10,0,3,0,10.29268193244934,5.768395662307739,3.4002678394317627,0.19506311416625977,0.09985566139221191,20.056819915771484,12062720
2025,fedavg_he_fuzzy,fedavg,True,True,False,22,0.2993185721139834,0.734616970852149,0.668351324828263,0.4948164779268087,0.6006600794528233,10,0,3,0,9.957432985305786,5.643800973892212,3.438558578491211,0.2056593894958496,0.09263396263122559,19.637829780578613,12062720
2025,fedavg_he_fuzzy,fedavg,True,True,False,23,0.30084342056498675,0.7379094791131586,0.6670755642787046,0.49272406548191044,0.5983273779168485,10,0,3,0,10.238899230957031,5.642343759536743,3.4105923175811768,0.19678092002868652,0.09635710716247559,20.113663911819458,12062720
2025,fedavg_he_fuzzy,fedavg,True,True,False,24,0.3010442381963823,0.6389243967282761,0.6753189401373896,0.4999469151008655,0.6071467522787336,10,0,3,0,10.171902418136597,5.5335373878479,3.6134445667266846,0.20430755615234375,0.09902811050415039,19.922223329544067,12062720
2025,fedavg_he_fuzzy,fedavg,True,True,False,25,0.29981562097700215,0.5739873240342669,0.7065996074582924,0.5555045733771513,0.6861022460256215,10,0,3,0,9.9756760597229,5.53614068031311,3.612902879714966,0.19478273391723633,0.1096196174621582,19.729533433914185,12062720
2025,fedavg_he_fuzzy,fedavg,True,True,False,26,0.3007962445789276,0.5461850586536471,0.7580225711481845,0.5958703189559476,0.7453209868052726,10,0,3,0,10.116897821426392,5.562699317932129,3.636092185974121,0.19186019897460938,0.10212206840515137,19.912617206573486,12062720
2025,fedavg_he_fuzzy,fedavg,True,True,False,27,0.3025439188892783,0.5415164696690613,0.7593473994111875,0.5936124574574796,0.7462749202539016,10,0,3,0,10.099193334579468,5.52657413482666,3.355072021484375,0.20507335662841797,0.3219127655029297,19.805026531219482,12062720
2025,fedavg_he_fuzzy,fedavg,True,True,False,28,0.3049758483996684,0.5484903674364324,0.7529440628066733,0.590621967667674,0.7431532168609172,10,0,3,0,10.314631938934326,5.716805458068848,3.4599802494049072,0.2003490924835205,0.09826993942260742,20.087482452392578,12062720
2025,fedavg_he_fuzzy,fedavg,True,True,False,29,0.29981802393480955,0.6557949841080984,0.6713444553483807,0.49893984189667706,0.6046905492679552,10,0,3,0,10.36913800239563,5.70030665397644,3.348280191421509,0.19511032104492188,0.10045361518859863,20.014968872070312,12062720
2025,full_system,fedavg,True,True,True,0,0.3548121957941267,1.080737020176222,0.6140088321884201,0.3632250918288116,0.5143099809838885,7,3,3,3,10.323164224624634,5.7727227210998535,2.2204012870788574,0.20348405838012695,0.1132509708404541,18.929616928100586,12062720
2025,full_system,fedavg,True,True,True,1,0.3262920905308754,0.8773738827391859,0.626324828263003,0.37650058056714053,0.5302264174874156,7,3,3,3,10.440726280212402,5.602108001708984,2.272026777267456,0.20026683807373047,0.09320950508117676,18.904956102371216,12062720
2025,full_system,fedavg,True,True,True,2,0.3155502399443233,0.7420806031231791,0.6359911678115799,0.4236677920156236,0.5467720153590547,7,3,3,3,10.174400329589844,5.711712121963501,2.229116916656494,0.1947612762451172,0.10155558586120605,18.722529888153076,12062720
2025,full_system,fedavg,True,True,True,3,0.3088780708374115,0.6616306757903544,0.6563542688910696,0.4686749048789477,0.5861260696288986,7,3,3,3,9.96973705291748,5.725214242935181,2.2312238216400146,0.19571208953857422,0.09957647323608398,18.51760768890381,12062720
2025,full_system,fedavg,True,True,True,4,0.3062209468991644,0.6326859688501479,0.6733562315996074,0.4956598928753053,0.613047124992994,7,3,3,3,10.258205890655518,5.779364109039307,2.2385246753692627,0.1892099380493164,0.09445619583129883,19.091145038604736,12062720
2025,full_system,fedavg,True,True,True,5,0.3034059047463706,0.6068060099084197,0.6931305201177625,0.5217861380522189,0.652422488545512,7,3,3,3,13.548086166381836,5.5208539962768555,2.2488958835601807,0.1950089931488037,0.0947270393371582,22.1379177570343,12062720
2025,full_system,fedavg,True,True,True,6,0.30173878582129776,0.5771878146095762,0.7488223748773307,0.5755112268360729,0.7360642895516275,6,4,3,3,13.556565761566162,5.545665979385376,1.8478915691375732,0.19544553756713867,0.12289881706237793,21.798938989639282,12062720
2025,full_system,fedavg,True,True,True,7,0.29881626796740235,0.5591373537192752,0.7582924435721295,0.5875735132338789,0.7458219903576636,6,4,3,3,13.447551965713501,5.537822246551514,1.842024326324463,0.1952829360961914,0.09966254234313965,21.653193473815918,12062720
2025,full_system,fedavg,True,True,True,8,0.2982150391728412,0.5389388424140549,0.7627576054955839,0.5894228279714393,0.7488036452129126,5,5,3,3,13.648488759994507,5.492308616638184,1.5915682315826416,0.2078080177307129,0.10638546943664551,21.346923828125,12062720
2025,full_system,fedavg,True,True,True,9,0.2966740048761808,0.5317987608605442,0.7670510304219823,0.5953841551916287,0.7545413037039891,5,5,3,3,10.61883282661438,5.781671047210693,1.5371954441070557,0.18561267852783203,0.10138654708862305,18.522555112838745,12062720
2025,full_system,fedavg,True,True,True,10,0.29740561775900326,0.5292153033704823,0.7669528949950932,0.5964640981862086,0.7543355664814522,5,5,3,3,9.886555433273315,5.7050511837005615,1.5857441425323486,0.19678711891174316,0.10422205924987793,17.78015637397766,12062720
2025,full_system,fedavg,True,True,True,11,0.29657008608286883,0.5297969088119192,0.7681795878312071,0.5954624622428353,0.7560399913358333,5,5,3,3,10.024444341659546,5.7542078495025635,1.5691087245941162,0.20057082176208496,0.10467076301574707,17.94753932952881,12062720
2025,full_system,fedavg,True,True,True,12,0.2936559197535481,0.5228062099048738,0.7722031403336604,0.6016809930728222,0.7606655511807219,5,5,3,3,10.153321266174316,5.709249019622803,1.5860950946807861,0.1934206485748291,0.09738898277282715,18.038374185562134,12062720
2025,full_system,fedavg,True,True,True,13,0.29519310155553535,0.5215925139931631,0.7729391560353287,0.6025537234099461,0.7617210627685462,5,5,3,3,10.28972315788269,5.778494358062744,1.561532974243164,0.1953110694885254,0.09840011596679688,18.216270923614502,12062720
2025,full_system,fedavg,True,True,True,14,0.2948201272882483,0.5182584663368652,0.7776496565260059,0.6040729873280519,0.7681200688053932,5,5,3,3,10.505507230758667,5.670193672180176,1.5856025218963623,0.19323992729187012,0.09748625755310059,18.351158380508423,12062720
2025,full_system,fedavg,True,True,True,15,0.2937091756555713,0.5151762156537986,0.7735034347399411,0.6039172458951612,0.7618713245332845,5,5,3,3,9.932695150375366,5.673478603363037,1.5441555976867676,0.19217944145202637,0.0962376594543457,17.74400305747986,12062720
2025,full_system,fedavg,True,True,True,16,0.29714721957174134,0.5163424895251932,0.7751226692836114,0.6014360386781035,0.7638445625905097,5,5,3,3,10.510064840316772,5.633620262145996,1.5505235195159912,0.20193243026733398,0.09410977363586426,18.285928964614868,12062720
2025,full_system,fedavg,True,True,True,17,0.29330051642261695,0.5160213346921193,0.7726447497546615,0.6026769060464761,0.7606181043655301,5,5,3,3,10.412280082702637,5.8029913902282715,1.5642528533935547,0.1902751922607422,0.09354519844055176,18.365610599517822,12062720
2025,full_system,fedavg,True,True,True,18,0.2964051160811622,0.5136395358009825,0.7728900883218842,0.6037051912589912,0.7612932641500937,5,5,3,3,10.285455465316772,5.496758222579956,1.5547873973846436,0.19867348670959473,0.32247042655944824,18.154939651489258,12062720
2025,full_system,fedavg,True,True,True,19,0.29361349191235286,0.5305080432536207,0.7719578017664377,0.6000819553687586,0.7601060702523887,5,5,3,3,10.2322678565979,5.492632627487183,1.5287857055664062,0.19155645370483398,0.323864221572876,18.069581270217896,12062720
2025,full_system,fedavg,True,True,True,20,0.2955710533574488,0.5321989199832097,0.7722767419038273,0.603354787923879,0.7605447769527744,5,5,3,3,9.812746047973633,5.478997468948364,2.012791633605957,0.19504070281982422,0.09291338920593262,17.889265537261963,12062720
2025,full_system,fedavg,True,True,True,21,0.299656534552185,0.5372484426152133,0.7680569185475957,0.5990663988975722,0.7558975214589579,5,5,3,3,10.011029958724976,5.531726598739624,1.7577378749847412,0.20229244232177734,0.10002660751342773,18.13942050933838,12062720
2025,full_system,fedavg,True,True,True,22,0.2959908933733493,0.5355215138144301,0.7663886162904808,0.5970997342205624,0.7538224772932821,5,5,3,3,10.800737142562866,5.531949758529663,1.762904167175293,0.2036292552947998,0.09329390525817871,18.687421321868896,12062720
2025,full_system,fedavg,True,True,True,23,0.29614159561172804,0.5414900483046242,0.7640824337585869,0.5940597174099255,0.7510790889179481,5,5,3,3,10.252643585205078,5.699189186096191,1.7743418216705322,0.20971083641052246,0.09632110595703125,18.329121828079224,12062720
2025,full_system,fedavg,True,True,True,24,0.29628039214010654,0.5208554545843332,0.7698478900883219,0.5998154784638892,0.7576018146937712,5,5,3,3,10.027388572692871,5.645768404006958,1.5903828144073486,0.1947941780090332,0.10162758827209473,18.091457843780518,12062720
2025,full_system,fedavg,True,True,True,25,0.2946331994682171,0.5071083952330045,0.7775269872423946,0.6066574016246271,0.7666483631508607,5,5,3,3,9.848876953125,5.53844141960144,1.536949872970581,0.20263409614562988,0.09280705451965332,17.517008066177368,12062720
2025,full_system,fedavg,True,True,True,26,0.2953926701645836,0.529617069981868,0.7684249263984299,0.6003173957374374,0.7631263744814633,5,5,3,3,9.911401748657227,5.737354040145874,1.8616573810577393,0.19213366508483887,0.10005354881286621,18.101486682891846,12062720
2025,full_system,fedavg,True,True,True,27,0.3011168385214845,0.5332215006849834,0.7622669283611384,0.5992491873854188,0.7572367625716164,5,5,3,3,13.596792221069336,5.552522897720337,1.565735101699829,0.20239615440368652,0.0952751636505127,21.541975259780884,12062720
2025,full_system,fedavg,True,True,True,28,0.29880765505053636,0.5284330523400124,0.766216879293425,0.6037369710129523,0.7616195584441446,5,5,3,3,13.415536403656006,5.485830068588257,1.5754892826080322,0.21129441261291504,0.09364604949951172,21.313514947891235,12062720
2025,full_system,fedavg,True,True,True,29,0.2958637538559311,0.5187945963940981,0.7795632973503435,0.6122652687069798,0.7747156915899553,5,5,3,3,13.601803541183472,5.511257886886597,1.554650068283081,0.19443011283874512,0.0982968807220459,21.259909629821777,12062720
2025,full_system_neuro,fedavg,True,True,True,0,0.3541282638367729,1.6699740783272126,0.5064033366045142,0.2898485018885203,0.40852873369817416,10,0,3,0,13.68772006034851,5.498839616775513,3.147581100463867,0.19601678848266602,0.0026667118072509766,23.066084384918213,12062720
2025,full_system_neuro,fedavg,True,True,True,1,0.3404715298730596,1.275734266706023,0.6012266928361139,0.3563009585866109,0.5015658366578407,10,0,3,0,13.606289148330688,5.556171655654907,3.1343488693237305,0.19564032554626465,0.0015306472778320312,22.792084455490112,12062720
2025,full_system_neuro,fedavg,True,True,True,2,0.33278556351186,1.1285396078032999,0.6131992149165849,0.4002767263817667,0.5149974292249055,10,0,3,0,12.388971328735352,5.691519737243652,3.1530051231384277,0.2003486156463623,0.0017743110656738281,21.731045484542847,12062720
2025,full_system_neuro,fedavg,True,True,True,3,0.32617104782749856,1.0750216348365431,0.6190382728164867,0.4157068728894443,0.5244682444919275,10,0,3,0,10.204940795898438,5.652291297912598,3.1424074172973633,0.19491958618164062,0.0016570091247558594,19.497124671936035,12062720
2025,full_system_neuro,fedavg,True,True,True,4,0.32432801344211865,0.8175401038112772,0.6331452404317959,0.4239081629983135,0.5421566673599725,7,3,3,3,10.213587999343872,5.7086732387542725,2.2584004402160645,0.19476652145385742,0.6151847839355469,19.286240816116333,12062720
2025,full_system_neuro,fedavg,True,True,True,5,0.31793030765087543,0.7330227328703846,0.6413886162904808,0.4443997841264713,0.5574581683484706,7,3,3,3,10.148029088973999,5.761185646057129,2.249263048171997,0.1979079246520996,0.0012695789337158203,18.655908584594727,12062720
2025,full_system_neuro,fedavg,True,True,True,6,0.31168488043216785,0.6842661714413449,0.6540480863591757,0.46773400579851354,0.578593111508895,7,3,3,3,10.045067548751831,5.652118444442749,2.2470109462738037,0.1980445384979248,0.0018193721771240234,18.442893266677856,12062720
2025,full_system_neuro,fedavg,True,True,True,7,0.3081228306613781,0.6459111461695558,0.6761040235525024,0.5020269357940774,0.6192806145182024,7,3,3,3,10.244227647781372,5.549971580505371,2.478165626525879,0.20414042472839355,0.0012803077697753906,18.77814221382141,12062720
2025,full_system_neuro,fedavg,True,True,True,8,0.3064467467728846,0.6277171755445367,0.6819921491658488,0.5094325648991758,0.6276852826737972,7,3,3,3,9.839956760406494,5.563697814941406,2.280747413635254,0.19232487678527832,0.001252889633178711,18.408739805221558,12062720
2025,full_system_neuro,fedavg,True,True,True,9,0.303551157312049,0.6051764947743364,0.6887144259077527,0.5176759172855105,0.6388331861809811,7,3,3,3,10.665599584579468,5.51368522644043,2.252067804336548,0.20336651802062988,0.001300811767578125,19.165167570114136,12062720
2025,full_system_neuro,fedavg,True,True,True,10,0.30265883694822526,0.5930460801653352,0.6963444553483807,0.5298135541598434,0.654321053538749,7,3,3,3,10.199729204177856,5.546739816665649,2.262948513031006,0.19219660758972168,0.0021991729736328125,18.503833532333374,12062720
2025,full_system_neuro,fedavg,True,True,True,11,0.30175357876863707,0.5760833815105764,0.7178361138370952,0.5614656595445344,0.6987980962931453,7,3,3,3,10.088152408599854,5.661956071853638,2.2483785152435303,0.20800304412841797,0.0012695789337158203,18.50363826751709,12062720
2025,full_system_neuro,fedavg,True,True,True,12,0.3008820775007573,0.5728452178985026,0.7080225711481845,0.5482477841809095,0.6789857063567626,7,3,3,3,10.249837160110474,5.7139856815338135,2.2757840156555176,0.20122480392456055,0.0012431144714355469,18.741867780685425,12062720
2025,full_system_neuro,fedavg,True,True,True,13,0.29850463080914985,0.5727438659967454,0.7165603532875368,0.5599339010689032,0.6952913480264066,7,3,3,3,10.240269422531128,5.708162069320679,2.243969202041626,0.1947629451751709,0.001641988754272461,18.68751311302185,12062720
2025,full_system_neuro,fedavg,True,True,True,14,0.29777363635114884,0.5679359533367961,0.7098871442590775,0.5502511021952778,0.6794407574096382,7,3,3,3,10.303123474121094,5.510633707046509,2.495696783065796,0.1983044147491455,0.0015120506286621094,18.810415983200073,12062720
2025,full_system_neuro,fedavg,True,True,True,15,0.29862022368529983,0.5611751672447137,0.7206820412168793,0.564890630425495,0.699668343618454,7,3,3,3,10.2775719165802,5.44020938873291,2.4651291370391846,0.1944594383239746,0.0013244152069091797,18.678194999694824,12062720
2025,full_system_neuro,fedavg,True,True,True,16,0.2963690563085446,0.5561885141179886,0.7230863591756624,0.5668099053340827,0.7020832512774565,7,3,3,3,10.200698137283325,5.552832841873169,2.2319118976593018,0.20183539390563965,0.0016407966613769531,18.720289707183838,12062720
2025,full_system_neuro,fedavg,True,True,True,17,0.2987123259235702,0.550082901345385,0.7306673209028459,0.5751398344983417,0.7147791143241157,7,3,3,3,10.330677509307861,5.6027936935424805,2.2230584621429443,0.19479966163635254,0.0017240047454833984,18.88499641418457,12062720
2025,full_system_neuro,fedavg,True,True,True,18,0.2935403151811425,0.5468161376114565,0.7292934249263985,0.5728754067449262,0.7103094262709209,7,3,3,3,10.393559455871582,5.4642157554626465,2.20820689201355,0.19835925102233887,0.0012691020965576172,18.563705444335938,12062720
2025,full_system_neuro,fedavg,True,True,True,19,0.2958811877038946,0.5475255455189294,0.7261776251226693,0.5702241409168112,0.7059334576738272,7,3,3,3,10.265535116195679,5.707122325897217,2.2141335010528564,0.2022998332977295,0.0014071464538574219,18.688931226730347,12062720
2025,full_system_neuro,fedavg,True,True,True,20,0.2934532618698752,0.5487381580416424,0.722252208047105,0.56517242861633,0.6982565639041284,7,3,3,3,10.717228412628174,5.620831727981567,2.249586820602417,0.19457650184631348,0.001375436782836914,19.08710789680481,12062720
2025,full_system_neuro,fedavg,True,True,True,21,0.2926466326391075,0.5422537776509024,0.7376349362119725,0.5839532876477072,0.724294911798902,7,3,3,3,11.248934507369995,5.758863210678101,2.1923177242279053,0.19549965858459473,0.0012614727020263672,19.691510677337646,12062720
2025,full_system_neuro,fedavg,True,True,True,22,0.2949650604645423,0.545092104087283,0.7289254170755642,0.572705953748181,0.7106826544315865,7,3,3,3,11.285399436950684,5.553102493286133,2.4630563259124756,0.1945655345916748,0.0013575553894042969,19.798518896102905,12062720
2025,full_system_neuro,fedavg,True,True,True,23,0.2918423494246001,0.5499822831832392,0.7194798822374877,0.5596012313673804,0.6900569081628766,7,3,3,3,10.764635562896729,5.51241660118103,2.2262024879455566,0.44197773933410645,0.001264810562133789,19.246910572052002,12062720
2025,full_system_neuro,fedavg,True,True,True,24,0.29218306001322714,0.5615753802747792,0.7115063788027478,0.5487745661427778,0.6743193365548652,7,3,3,3,10.573380470275879,5.574411869049072,2.234970808029175,0.2009258270263672,0.0013213157653808594,19.1164767742157,12062720
2025,full_system_neuro,fedavg,True,True,True,25,0.29243125844483575,0.5570897874467156,0.7186702649656526,0.5596434074202912,0.6895438799708067,7,3,3,3,10.487488269805908,5.482149124145508,2.2624804973602295,0.1943368911743164,0.0012669563293457031,18.964518070220947,12062720
2025,full_system_neuro,fedavg,True,True,True,26,0.29221028173453123,0.5533854011932463,0.7168792934249264,0.5561252378461159,0.6847049570031123,7,3,3,3,10.090336322784424,5.478076457977295,2.228315591812134,0.2048954963684082,0.0012810230255126953,18.300156116485596,12062720
2025,full_system_neuro,fedavg,True,True,True,27,0.2928555910986689,0.5331680844412702,0.7347890088321885,0.5807892711033908,0.7189500139604639,7,3,3,3,10.218418836593628,5.643333435058594,2.2104434967041016,0.20119929313659668,0.0013713836669921875,18.57398819923401,12062720
2025,full_system_neuro,fedavg,True,True,True,28,0.2936330401099571,0.5117020147471479,0.7819676153091266,0.6119826991064624,0.7733504712853153,6,4,3,3,10.054829120635986,5.659620761871338,1.8869633674621582,0.20226430892944336,0.0016450881958007812,18.100502252578735,12062720
2025,full_system_neuro,fedavg,True,True,True,29,0.2917561480981277,0.5067095643287786,0.7755397448478901,0.60719095621168,0.7641126136701296,5,5,3,3,10.1952223777771,5.486530542373657,1.8162107467651367,0.19543075561523438,0.0012748241424560547,17.990607500076294,12062720
